{"type":"FeatureCollection","features":[{"type":"Feature","properties":{"Ma":"04","Cap":1,"STT":14,"TinhThanh":"Hải Phòng","SapNhap":"Hải Phòng, Hải Dương","SoXa":114,"Loai":"Thành phố","Dtich_km2":3195.2,"DanSo_ng":4664124,"MD_ngkm2":1459.7},"geometry":{"type":"MultiPolygon","coordinates":[[[[106.8142628658242,20.666292944432705],[106.81395006022548,20.666476049424766],[106.8136982902578,20.666809835605076],[106.81346940804903,20.667427816871143],[106.81325578504243,20.667780677053248],[106.81311845611292,20.66810683279938],[106.8131566035895,20.66821936671087],[106.81325578484746,20.66821936670573],[106.8134083731044,20.668129721116504],[106.81364488512477,20.66786459967189],[106.81375169593682,20.667824545337794],[106.81387376597779,20.667948522664553],[106.81391191299775,20.668061056394375],[106.81390428406374,20.668211737091877],[106.81370592020735,20.668515005691187],[106.81368303215231,20.66864089061442],[106.81378984325643,20.66866377855972],[106.81395005992593,20.668625631892326],[106.81424760683196,20.668257513436473],[106.81469774171234,20.668391027271852],[106.81500291710901,20.66833762169502],[106.81580400310737,20.66832999269583],[106.81661271949807,20.668459692546485],[106.81697130174526,20.6684673211417],[106.8173985471442,20.66832617743993],[106.81759691127458,20.668173589846422],[106.81781053447332,20.667832174695995],[106.81794786321645,20.66724089611953],[106.81784868101812,20.66679076226798],[106.8176503168465,20.6664760497463],[106.81723832934793,20.666327276127976],[106.81559801067154,20.666065969591973],[106.81481981101962,20.666140356099465],[106.8142628658242,20.666292944432705]]],[[[107.01505327515851,20.717869555934005],[107.01483202228265,20.717818057275526],[107.01442003533604,20.71783903760199],[107.01399278874516,20.717760836366274],[107.01361131859277,20.717755114448483],[107.01276445631048,20.717922961729123],[107.01219988072769,20.718138491849473],[107.01181078191374,20.718371188918194],[107.01147508917711,20.71868208594431],[107.0111317661718,20.7192428465526],[107.01084184921991,20.719492709997176],[107.01070451955549,20.71967963018312],[107.0105748201081,20.72000387886811],[107.01057482037609,20.720276630174755],[107.01047563822726,20.720539843545865],[107.01044512149234,20.722376620587696],[107.01061296725041,20.72274664559777],[107.01091051375262,20.722883975954634],[107.0112004307383,20.722864901598484],[107.01148271778406,20.722691332795865],[107.01159715934851,20.722662722456537],[107.01172685877921,20.722700870237137],[107.01219225227209,20.72268370373219],[107.01239061633954,20.722576892090373],[107.0128636393438,20.722178256530828],[107.0137028725458,20.72169378938715],[107.0138859770134,20.721440113174534],[107.01406145443222,20.72101668048543],[107.01486254031013,20.720177447623165],[107.01566362602938,20.719555651804196],[107.01584673179696,20.71936300929235],[107.01589250771264,20.719126498769025],[107.01587724908005,20.718733584362845],[107.01573229121944,20.718310153230938],[107.01556444372993,20.718148028376003],[107.01505327515851,20.717869555934005]]],[[[107.01019334965108,20.724129474059716],[107.00933122957201,20.72421530502552],[107.00881242982697,20.724116122848745],[107.00851488444287,20.72409704894531],[107.00832414893257,20.724133288838562],[107.00814867336966,20.724188601912918],[107.00789690283061,20.724383152268953],[107.007584097898,20.72473410375451],[107.00757646859971,20.724821842127533],[107.00762224525059,20.724913394365455],[107.00796556747734,20.725136554081484],[107.00823259649331,20.725411212064802],[107.00849199576808,20.725418842325833],[107.0087895423254,20.725350176671324],[107.00904131234377,20.725308216019425],[107.00953722319089,20.72538450985996],[107.00982713981544,20.72521856997397],[107.01023912688756,20.725077425980142],[107.01041460336964,20.72489241405081],[107.01072740771092,20.724371706685208],[107.01088762466935,20.724249637269153],[107.01100969604907,20.724083698037205],[107.01113176602226,20.72366408054692],[107.01110124768125,20.723488604991253],[107.01101732529712,20.72335318315036],[107.0109028844366,20.723273075048027],[107.01078844329103,20.723280703598693],[107.01066637357343,20.723362719975345],[107.0105214144972,20.723511493161464],[107.01019334965108,20.724129474059716]]],[[[107.00384569462938,20.733217990374317],[107.00400591224944,20.73347739011616],[107.00421953524842,20.733614719900146],[107.00437975207,20.733612812725706],[107.00450182238843,20.73351362946985],[107.00456285743235,20.7333515056037],[107.00441789931526,20.73283270625416],[107.00431871768524,20.732617176359362],[107.00422716393038,20.732531345404894],[107.00397539393873,20.732500827089495],[107.00384569459746,20.73262099004366],[107.0037617709496,20.732905185791623],[107.00384569462938,20.733217990374317]]],[[[107.01234484079899,20.74188689047085],[107.01223802882477,20.741730487856774],[107.01214647559554,20.74164465802874],[107.01186418899435,20.741625583344874],[107.01174974742935,20.741648472010432],[107.01145983029241,20.741869724720953],[107.0113225014408,20.74206236640391],[107.01121569012133,20.742243565088167],[107.01105547253717,20.74270514394148],[107.0110020662927,20.74307135411894],[107.01101732587178,20.74331167953786],[107.01109361955473,20.743548192104754],[107.0114140549819,20.743948734532296],[107.01165056618,20.744065082676613],[107.01174974776438,20.744074620130984],[107.01198625839649,20.744011677139987],[107.01212358793687,20.74387434800591],[107.01233721054284,20.74313048214894],[107.01242876364935,20.742178714592406],[107.01234484079899,20.74188689047085]]],[[[106.83834886819996,20.772930902892274],[106.83840227341534,20.773178858264934],[106.83840227356313,20.773651880535706],[106.83824968588104,20.774285120861478],[106.83782243947343,20.775271219593936],[106.83776140477347,20.775488657481137],[106.8377690340389,20.77565268961833],[106.83784532766381,20.77574805645006],[106.83795213958278,20.775801462382315],[106.83831072132196,20.775814813682835],[106.83844042120683,20.775774759401447],[106.83885240792853,20.775481027758058],[106.83997392856843,20.774336618328597],[106.84024095811137,20.773976129620436],[106.84059190941743,20.77326087421102],[106.84066820361379,20.772997660199323],[106.84072160974904,20.772703928846024],[106.84072923885941,20.77195052549081],[106.84088182678408,20.77034644534912],[106.84090471510515,20.768509668517325],[106.84087419776951,20.768320840937818],[106.84079027386296,20.768137735564284],[106.84058428104242,20.767954630256398],[106.84040117484031,20.76788596550994],[106.84019518163808,20.767845911032857],[106.8396992709062,20.767868798949728],[106.83860826695043,20.76823310350875],[106.83750963443936,20.768410486457878],[106.83697557660707,20.768542093195265],[106.83648729567057,20.768748087097897],[106.83619737850664,20.76893691460889],[106.8360142728571,20.769091410422664],[106.83575487332614,20.769528192038578],[106.8356938383305,20.770001215869687],[106.83595323780533,20.770468515358136],[106.83646440737324,20.771021646184135],[106.83780718049253,20.77215651988779],[106.83803606300192,20.77239303038542],[106.83834886819996,20.772930902892274]]],[[[106.56161546269368,20.625036998445946],[106.56087541033014,20.625719828200065],[106.5586628859522,20.626725001845095],[106.55677079589347,20.626961512498113],[106.5545277541149,20.627062602501336],[106.553261274965,20.62723807894946],[106.55129289134398,20.627619548828687],[106.5501255934552,20.62765769608458],[106.54879807884649,20.627554698891597],[106.54802751039504,20.627438350522873],[106.54688310128847,20.627051159098166],[106.5461049028086,20.62669066960159],[106.5453953689002,20.626097484857144],[106.54474687046434,20.625408931579624],[106.54441117698215,20.624800486647736],[106.54393815447924,20.624060435894194],[106.54369401372057,20.623814388306027],[106.54273271009998,20.623543545320075],[106.54216813492516,20.623217388309744],[106.54184770008027,20.62282447433612],[106.54153489499599,20.622393412996935],[106.54126023683334,20.621382518640903],[106.54132127227224,20.62006072576538],[106.54187821740615,20.615616603416953],[106.54181718314744,20.61448554582755],[106.54157304157799,20.613175197897412],[106.5411686836429,20.61155013539763],[106.54052018605952,20.60947112527463],[106.5400013865969,20.608345790701968],[106.53888749440192,20.607451242972783],[106.5374836867721,20.606585307189125],[106.53650712316835,20.606053157154886],[106.53175401061479,20.60379294961196],[106.52977036875235,20.603022380075682],[106.52887772907391,20.602721019329657],[106.52762650789828,20.602494044755844],[106.52623795800699,20.602389140259458],[106.5239491398281,20.60246161971669],[106.52188157423356,20.60265998459488],[106.52095841732189,20.602650447454813],[106.519501203054,20.6024387312222],[106.51922654494821,20.602619929569784],[106.51906632694258,20.602940364596638],[106.51887559245323,20.60377578261634],[106.51854752878772,20.606745524620553],[106.5183796824797,20.607590480861255],[106.51801347116455,20.608475489827633],[106.51657151515204,20.610430523006578],[106.51559495377903,20.61137466053818],[106.5146031326103,20.612032696596643],[106.5134434648547,20.612641139798942],[106.51190232669259,20.61337546897848],[106.510635846022,20.61388854674415],[106.50959061948893,20.614229961549288],[106.50795029985034,20.614706798127933],[106.50605821078337,20.615078731212286],[106.50193070734224,20.61545638646998],[106.49636124898142,20.616040035917525],[106.49483537058094,20.616280361818227],[106.49353074391453,20.616728588955134],[106.49311112707329,20.616614148012918],[106.49272202813123,20.61638335882615],[106.4920124947063,20.615704343303353],[106.49105882061073,20.613768384229587],[106.49030351042768,20.611344143450154],[106.489441387887,20.6091945614944],[106.4886097839114,20.607851787878452],[106.48593949633039,20.60406760853692],[106.48367356553075,20.601403042574972],[106.4830174377861,20.600794598619764],[106.48230027513058,20.599592968475136],[106.48179673472117,20.599179073748374],[106.48080491410374,20.598719402737288],[106.479835981146,20.598503872795746],[106.4780964783089,20.598332210283502],[106.47694443992303,20.598316952271038],[106.47407578808762,20.597960277530856],[106.47305344876534,20.597945019505623],[106.47231339713376,20.59801559193772],[106.47161149292498,20.598242565806125],[106.4712300236853,20.5984580957587],[106.47071122508547,20.598885342962664],[106.47032212543218,20.599352643026716],[106.46990250882102,20.601292417362245],[106.46973466205594,20.605217740334894],[106.46962785073987,20.606575772547362],[106.46953629821425,20.60705260928262],[106.46920823372345,20.608153150103195],[106.46841477709455,20.609997556049404],[106.46724748035079,20.612107083201483],[106.46630143532471,20.613341138391817],[106.46466111537016,20.614979550219807],[106.46437882686863,20.61521034042399],[106.4633259708124,20.615908430145858],[106.46162461622978,20.61681442067832],[106.45977067275301,20.61757545274022],[106.45761918398713,20.618164824065303],[106.45340775829577,20.61910133223766],[106.45147752130589,20.619347380013064],[106.450943463763,20.61952285627146],[106.45064591717349,20.619707869146563],[106.45030447269956,20.620234810608217],[106.4502491886701,20.62032012784878],[106.45011948927842,20.62065391459611],[106.45005845440569,20.621197508478506],[106.45005082444494,20.62169151141504],[106.45015763655458,20.622229382978453],[106.45040940645049,20.62300567451543],[106.45095109358363,20.62421684174418],[106.4529194771398,20.627724455201722],[106.45377396934633,20.629322813625873],[106.45418595661239,20.6302230824263],[106.4545979445227,20.631344603263877],[106.45494126657726,20.632494734631955],[106.45503281991353,20.633490370995933],[106.4552845898475,20.637646482829336],[106.45523881373252,20.638420867109314],[106.4551014848084,20.63905410686599],[106.4548268254587,20.63966255109393],[106.45453690850904,20.640095519333414],[106.45339249942485,20.641350555151824],[106.45037125996966,20.644135283954682],[106.44863938724907,20.64603500338709],[106.44535874787579,20.650082398049076],[106.44430589060796,20.65140037505647],[106.44358872786223,20.652436065715086],[106.44448899658923,20.65291480941987],[106.44155930957454,20.6578529360314],[106.44016313005865,20.66005401584925],[106.4396901085824,20.660607147302187],[106.4391331625797,20.66081886350129],[106.43773698335833,20.662121582502664],[106.43373918003508,20.66549759003339],[106.4316105789424,20.667504120503644],[106.42879533263128,20.66979103180111],[106.4264836265577,20.67184906123552],[106.42485897270626,20.67071597872011],[106.42459153609586,20.671223450845854],[106.42334794529864,20.673176576601417],[106.42208909413768,20.674610901913606],[106.4205784743644,20.67619400138672],[106.41955613563445,20.677149583611204],[106.4151616044615,20.68051033205889],[106.41083573834456,20.683649828051657],[106.40738725133296,20.686358262973304],[106.40647172483513,20.686943819305853],[106.40593003741726,20.68723755106007],[106.40504502798326,20.68755607825087],[106.40335130167134,20.687861254470487],[106.40272569170564,20.687868883258712],[106.40168046449833,20.687746813508173],[106.4012379592853,20.68784218059993],[106.40078782536351,20.688114931130354],[106.4004979090746,20.688475420805354],[106.40041398537508,20.688862612402648],[106.40049027998617,20.68956642430137],[106.40070390302738,20.690405657592724],[106.40106248411581,20.691309740717116],[106.4018025345053,20.69264297744365],[106.40233659244882,20.693505099764483],[106.40313005008913,20.694596102355803],[106.40435075320333,20.696017077262855],[106.40689897101024,20.69880752889593],[106.40750932257488,20.699608614637903],[106.40821591288915,20.700694372363415],[106.40901994280163,20.70192985809934],[106.41017198174286,20.70349960557498],[106.41070603901706,20.70415573406025],[106.41186570762095,20.705193331973536],[106.41302537586212,20.705975344948577],[106.41403245540218,20.70651321640821],[106.412331100116,20.71232490908768],[106.41610765059794,20.713072589174942],[106.41540574707828,20.715639879936663],[106.41590165690357,20.71578865399546],[106.41636705042976,20.71604042396126],[106.41719865454422,20.716801456203825],[106.41529130598522,20.71816139501752],[106.41272019946842,20.719942859261394],[106.41055345228051,20.721009067159105],[106.40992021199159,20.721413425189944],[106.40933274915585,20.7218483008917],[106.40888261510925,20.722313693805063],[106.40861558553587,20.722805789570018],[106.40841722099256,20.72346001058871],[106.40790605181003,20.726998142954418],[106.40749406467849,20.728524021243373],[106.40648698525212,20.72839241439339],[106.4060978864095,20.728430560998614],[106.40360307339039,20.729008488162016],[106.40258073479814,20.729140094809612],[106.4018101663929,20.729037097941536],[106.40110063241151,20.72859077931875],[106.40059709237936,20.728003315103884],[106.40010118093969,20.72632866317525],[106.39965867711629,20.72517471719045],[106.3994374241187,20.72502785120946],[106.3990712128795,20.724917224994055],[106.39789628597009,20.72484474640896],[106.39743089295445,20.724762730309894],[106.39724015743145,20.724652103753133],[106.3966679538146,20.723873905128027],[106.3961338958698,20.72376327903324],[106.39535569791401,20.72216492064833],[106.39487504550955,20.721485904906668],[106.39413499422,20.72177582214928],[106.38978623931189,20.71788483078892],[106.38488053838249,20.714386753212118],[106.38328599501408,20.71289329908365],[106.38254594472994,20.711905292723987],[106.38231706189428,20.711762241799995],[106.37745713734975,20.7114112898177],[106.37528276044073,20.71099739513012],[106.37362718092126,20.71053772438348],[106.37258958377922,20.710142902891366],[106.37117814572323,20.70951920041267],[106.3691945030106,20.70839577074342],[106.3682866045273,20.707770160985543],[106.36579179244862,20.705914311415476],[106.3647781638188,20.705090736911025],[106.3617634732478,20.702641299674656],[106.36071061555977,20.7020023390396],[106.35934495443328,20.70147591037111],[106.35688065960147,20.700838855759834],[106.35413407726998,20.70049553316809],[106.35213517623266,20.70046310849028],[106.35034226836135,20.700712971094234],[106.34799241538254,20.70145111542642],[106.34661149478937,20.702162556858735],[106.34525346266979,20.703373722346228],[106.3441090541282,20.704890065682505],[106.34333085536933,20.706373982975464],[106.34202622926611,20.709282689320826],[106.34121751311223,20.71025543723126],[106.34049272105241,20.71078758769237],[106.33933305297755,20.71132355208319],[106.33841752565831,20.711499028883722],[106.33757066297184,20.71155815646988],[106.33363389510261,20.710795217447046],[106.33262681435592,20.710444264776914],[106.33160447542912,20.70998459395544],[106.33065843078087,20.70928459685234],[106.32967423902043,20.708338551832803],[106.32650041096547,20.704510502645444],[106.32489060825904,20.702942663183016],[106.32400559878424,20.702229314196394],[106.31997727781908,20.699225240113826],[106.315826887379,20.69709473197108],[106.31033372269664,20.694844059853708],[106.3081593456501,20.693739704734593],[106.30686997757036,20.692948155884388],[106.30415391379641,20.690932088294982],[106.30315446237903,20.69034081019264],[106.30189561290834,20.689995580058298],[106.30094956782658,20.68994789630457],[106.2999501167567,20.690243535556327],[106.2988209666091,20.691147619710584],[106.29518174589111,20.695515447286716],[106.29444169456457,20.696202093329042],[106.29369401432275,20.69658165594021],[106.29476975890435,20.701660924899674],[106.29489945861806,20.704409414628955],[106.2947697589746,20.705595786241222],[106.29454087695956,20.706282431035564],[106.29412888917491,20.70693855908334],[106.29267930427491,20.708266074410822],[106.29215287595737,20.70865517334401],[106.28991746387598,20.709889227141975],[106.28833055018889,20.71060257673153],[106.28614091313067,20.711417014446308],[106.285439009644,20.7115448068884],[106.28508805711476,20.711558157546772],[106.28467607058501,20.711434180733853],[106.28392075912147,20.71094971376994],[106.28362321316605,20.710661703591],[106.28302811993143,20.709791953304386],[106.28281449737993,20.70923500735718],[106.28270768659951,20.708609396115428],[106.28268479791994,20.706091696612248],[106.2828068676633,20.70468025837097],[106.28290605009666,20.70425491943871],[106.28338670250287,20.702946478602502],[106.28373765379014,20.702301794262375],[106.28402757139695,20.70204811721874],[106.28633164787803,20.700871283032082],[106.28665971171887,20.700644308136937],[106.28727769277437,20.70007019671222],[106.28870439019798,20.697262578614353],[106.28980302326495,20.695357137330838],[106.2870182936556,20.69408112139822],[106.28485917446265,20.693308645814746],[106.28223466254475,20.6929061943532],[106.27741288523647,20.69280319791021],[106.27618455304851,20.692704016083315],[106.27528428458834,20.692875676809628],[106.27370499989078,20.69390564645156],[106.27224015563638,20.695080572707965],[106.27085160710433,20.69678574236028],[106.26999711399458,20.698149496718145],[106.26779984870373,20.702387625561524],[106.26747178487261,20.70289688728061],[106.26684617459044,20.70353012808467],[106.26623582246894,20.703917319549458],[106.26524400172545,20.704270178867],[106.26342057546631,20.704453284952315],[106.2623753493724,20.704289252778636],[106.26086472922557,20.70383911784474],[106.2595829910748,20.703242117400887],[106.25188493195564,20.69934158999454],[106.25087022206436,20.698677832657552],[106.25023698264627,20.698078925510558],[106.24936723198401,20.696942145822135],[106.24918412562512,20.696396643965553],[106.24912309071746,20.69586067850193],[106.24922227248506,20.69493561500815],[106.24965714815954,20.694117361261522],[106.25032853478501,20.693230444353578],[106.2529606755547,20.690518195591338],[106.25365495025105,20.690092856053177],[106.25447129622506,20.689764792729065],[106.2559361395237,20.689347083106224],[106.25820207060069,20.68887406059683],[106.26178025665345,20.68843346343788],[106.26581620578925,20.688280875255625],[106.26710557315491,20.688099677397258],[106.26788377180321,20.687752539099147],[106.26846360579005,20.68732910783495],[106.2688221878717,20.68678551333584],[106.2690892161635,20.685072714223512],[106.26512956062058,20.684279256562835],[106.2644505442621,20.684328848091074],[106.2638020454421,20.684515768216585],[106.26269578326477,20.68474846457958],[106.26265000772267,20.684822852279755],[106.26190232610529,20.68497734717925],[106.2610402040694,20.68528824468608],[106.26030015296047,20.685808950873575],[106.25795792921735,20.68776779824891],[106.2566914494115,20.686407858641818],[106.25650071498222,20.68633156441095],[106.25624894543206,20.686379247966695],[106.25453233169698,20.687495046905166],[106.2544102602063,20.687495047442017],[106.25383805594284,20.687100225941155],[106.25363969190549,20.687044912919955],[106.25305222798244,20.687166983183264],[106.25244187753366,20.686987691897453],[106.25135087308645,20.686444098216008],[106.25110673364892,20.6864078585992],[106.24903916708796,20.686707312756937],[106.24857377415346,20.686995322591017],[106.24841355625496,20.687699133318887],[106.24846696262986,20.688431555200797],[106.24856614398097,20.68903618597252],[106.24853562724537,20.68908577624649],[106.24701737727368,20.689648444788734],[106.24681901282699,20.689896399405633],[106.24675797819094,20.690127189006205],[106.24688767745562,20.69152527568976],[106.24675034837449,20.691992576110394],[106.24659013170923,20.69223099449129],[106.24512528715113,20.693400199063795],[106.24498795800027,20.693573767936186],[106.2446522657463,20.69473152880009],[106.24439286578767,20.695099647213222],[106.24402665430895,20.695505911885462],[106.24337052710915,20.69612770817732],[106.2412342964046,20.69773369490261],[106.2387318556377,20.699385486303843],[106.23699235350767,20.700533683037072],[106.23389481938705,20.702793891557697],[106.23313950860134,20.703156288722635],[106.2311253490414,20.703923042688718],[106.23074387940574,20.70411377755206],[106.22983598170472,20.704293067288777],[106.22878312478966,20.704438026878513],[106.22827391469296,20.70463152685533],[106.22804307405711,20.70476036842559],[106.22769212143294,20.705107505851203],[106.22729539215744,20.70613556681604],[106.22663163528088,20.70732193772794],[106.22615098363055,20.708342369540272],[106.22594948733212,20.708870508928428],[106.22566270307455,20.709622199571022],[106.22475480497604,20.71160012130285],[106.22470902884879,20.711836632367124],[106.22473191659967,20.712191398982778],[106.22450303462018,20.713188941970444],[106.22440385270951,20.716715630746517],[106.22430467063816,20.71707611910588],[106.22403764178105,20.71753006848089],[106.2230458210994,20.718817528360884],[106.22272538604113,20.71910363145855],[106.22192429984291,20.719942864642235],[106.22066544897292,20.72138291278876],[106.22019242668284,20.722117241367275],[106.2193989705782,20.72420578892706],[106.2191624595219,20.72451096468272],[106.21794175618585,20.725506601076876],[106.21702622825495,20.726086434941276],[106.21380662435944,20.72786408436074],[106.2134785606029,20.728092965899688],[106.21320390242938,20.728342827717807],[106.21279954466183,20.728859720426243],[106.21248673797226,20.729365166960633],[106.21202134494442,20.73025017730659],[106.21177720490678,20.730921563822452],[106.21177025098294,20.731267503547663],[106.21183061166401,20.731501398341315],[106.21190690419898,20.731596764847115],[106.21192083990816,20.731608032274416],[106.21226548609282,20.731886682605023],[106.2137227004009,20.732607659918205],[106.2141041703176,20.732687769502093],[106.21456193409973,20.73269539801603],[106.21805619631071,20.732111748818113],[106.21849107254451,20.732088861400083],[106.21873521372906,20.732743081923616],[106.21865128933715,20.733025369609393],[106.21865128915948,20.733437356995516],[106.2189259470948,20.735657509976182],[106.21904038835181,20.736918268714067],[106.21897172411974,20.737946329122277],[106.2187275836628,20.73989182422373],[106.21845292574807,20.741040048080972],[106.21810960287587,20.742182550753288],[106.21685838273882,20.74562531484581],[106.21680497713669,20.74594574985509],[106.21694230566271,20.74713212105612],[106.21689653001803,20.74738961314386],[106.21566819733125,20.749657450082697],[106.2152256922453,20.750330744161005],[106.21495866270156,20.750525294313967],[106.21466111661269,20.75062638336602],[106.21366929575528,20.750723657866708],[106.21111344823679,20.75133401047507],[106.20984696849247,20.751553355453495],[106.20879411308526,20.75168305555652],[106.20673417601839,20.751808940527102],[106.2053837727168,20.751692590963376],[106.20499467411605,20.751696406192053],[106.20401048215302,20.751822291136865],[106.20356797638614,20.7519500833281],[106.2032704304917,20.75211411569411],[106.20245408627434,20.752894221101855],[106.20179795786323,20.753386317278867],[106.20098924225442,20.753910838909384],[106.19953965652114,20.75470429514415],[106.19925736928651,20.754923640546608],[106.19741868480655,20.75720482945652],[106.19677781566887,20.758282481555998],[106.19636582933683,20.75964623599241],[106.19598435876463,20.760741054015465],[106.19586991760337,20.76124077950354],[106.19563340698777,20.761711895084026],[106.19522141984449,20.76214867713838],[106.193787093467,20.76326447631074],[106.193596359329,20.76358109566235],[106.19356584110245,20.76386147720049],[106.19363450645953,20.764147578900207],[106.1936650232961,20.76450997530236],[106.19351243481702,20.764914333112536],[106.1930317829191,20.765684901908223],[106.19283341925437,20.765799343173672],[106.19243669117084,20.765826046190597],[106.19124650508816,20.76573449347153],[106.19069718955723,20.765751659723033],[106.19039201294362,20.765850841683243],[106.19010972473468,20.766014873053084],[106.18962144390629,20.766424953242193],[106.18920182707288,20.7666271322777],[106.18888902180969,20.766728222617324],[106.18854569924002,20.766772091131504],[106.18784379470803,20.766728222250894],[106.18708848466618,20.766449749722476],[106.18653153874504,20.766018688102083],[106.18563127144876,20.76466256334937],[106.18512010097207,20.763672649224556],[106.18487596128803,20.763285457739443],[106.18434190272205,20.76289063621507],[106.18373918071623,20.76271897570094],[106.18302964733867,20.762709437923572],[106.18230485459725,20.762862026131376],[106.18161820888625,20.76311951815011],[106.1809544517875,20.76347428548074],[106.18013047718725,20.764006435651563],[106.17967271422388,20.76443940334196],[106.17921495031723,20.764990627577532],[106.17868089157133,20.765734493349147],[106.17853593430638,20.76612549927547],[106.17845200969353,20.76665192872996],[106.17831468134666,20.76712876534584],[106.17810868772752,20.767632305689578],[106.17781877145723,20.768029033268274],[106.17652177369494,20.769493877720816],[106.17463731322697,20.771723568811016],[106.17437791461714,20.772162259426807],[106.17430162047889,20.772660076555756],[106.17434739604381,20.772934734632],[106.17466783126797,20.773575603738678],[106.17615556348423,20.77433663567239],[106.17646836841004,20.774571239957364],[106.17663621506347,20.774977505178725],[106.1765599211888,20.775732814806833],[106.17627000411908,20.77658921486218],[106.17594194006072,20.77703172019454],[106.17540788230647,20.77750664990765],[106.17457627837847,20.77784043585203],[106.1741642914573,20.777828992031942],[106.1737446742166,20.777706921450378],[106.17314958142445,20.777352154416104],[106.1726384123697,20.776781857609453],[106.17245530610984,20.776701748921962],[106.17212724239648,20.77667123092641],[106.17187547269877,20.776802838436073],[106.17170762626982,20.777073682334567],[106.17135667402414,20.778565227878143],[106.17109727434459,20.779036342967807],[106.1687931976003,20.78168183611785],[106.16759538247494,20.783116162738313],[106.16642045516727,20.784268201422567],[106.16586351061932,20.78466111494218],[106.16552018778268,20.784834683865455],[106.16510057061419,20.784901440442507],[106.16452836573508,20.78483086870733],[106.16317796354528,20.78457528459144],[106.1625065769253,20.784392179170283],[106.16198777720092,20.784174740807835],[106.1614689787448,20.78385621404149],[106.16096543884166,20.78333169247428],[106.16080732912928,20.78287001517792],[106.16082048061023,20.78286439316701],[106.16020249979432,20.78110390949],[106.15995835857039,20.780806363691823],[106.15943955952226,20.780358136866173],[106.15887498457738,20.7800644046127],[106.15825700336714,20.779791653824397],[106.15785264510336,20.779696286478465],[106.15742539930622,20.779656232978905],[106.15660905457284,20.7797649511783],[106.15539598060596,20.780043423777236],[106.1544804533272,20.780428709238947],[106.15286302158866,20.781357587945596],[106.14992570438793,20.783606352112994],[106.14809465082236,20.78489571914575],[106.14711808694447,20.78588372658302],[106.1468205410871,20.786314787399508],[106.14672135909704,20.78660661121831],[106.14669084184591,20.786919416326555],[106.14650010673334,20.7874000685883],[106.14552354415937,20.789547743515506],[106.14481401058543,20.79065400525708],[106.14434098838055,20.791252912491995],[106.14366960169845,20.791975797581763],[106.14229631073947,20.792788329128584],[106.14208268754177,20.793320479120997],[106.14182328759914,20.79367715286137],[106.1417393645349,20.793890776070892],[106.14165544163484,20.794569792854904],[106.14164781148715,20.795025648720223],[106.14184617696465,20.79630929463952],[106.14186143446729,20.796866240088296],[106.14180802925377,20.797217192292575],[106.14155626008892,20.798083128552975],[106.1404347388661,20.79756051464888],[106.14017533895047,20.797997298017336],[106.13982438673574,20.798889936743613],[106.13942765766042,20.799679580142616],[106.13925981169025,20.799906553670773],[106.13846635480965,20.800764861178845],[106.13818406684355,20.800974668940157],[106.13757371586013,20.801169219276424],[106.13726090964164,20.801354231966187],[106.13651323010261,20.802141966872878],[106.13528489636961,20.803393187616475],[106.13503312655104,20.803606810428224],[106.13472032183948,20.803847135905063],[106.13365220728106,20.804497542191793],[106.13298844904395,20.80499726833858],[106.13261460842615,20.80538636748599],[106.13153123516793,20.80595475768176],[106.13102769451234,20.806450667461792],[106.13084459010348,20.806866469692878],[106.13081407216853,20.80706292633574],[106.13088273727753,20.80728036417321],[106.1314930881106,20.80814057880153],[106.13166856362686,20.808308425826304],[106.1327977153678,20.80898362662224],[106.1335759133403,20.80930406163389],[106.13376664816478,20.809321227669916],[106.13504838590855,20.809077086433756],[106.13578843672057,20.80907327262366],[106.13638352978828,20.809141936221657],[106.13672685277271,20.809231581167406],[106.1371159517387,20.809407058654465],[106.13755845656887,20.809803786803307],[106.13792466843819,20.810261550833264],[106.13804673771787,20.810557189167938],[106.13813829109417,20.811383071427002],[106.13827562057072,20.811861815826443],[106.13856553698577,20.81242639029186],[106.13977861160555,20.813940825281353],[106.13981675836585,20.814064803404438],[106.13989305178298,20.814432921283437],[106.14005326903099,20.81633073340339],[106.14002275090888,20.817021194070886],[106.13996934502593,20.81762391581795],[106.13990831053782,20.817818465787305],[106.13961839366507,20.81819039874348],[106.13952684144009,20.818474593765178],[106.13945286418274,20.818886090759037],[106.13940476989522,20.819153609598306],[106.13921403553547,20.819889847236354],[106.138939377692,20.820486846954456],[106.13791703824397,20.822005096324236],[106.13736009355465,20.82264215120219],[106.13672685358291,20.82320100425678],[106.13652085909835,20.823324981698008],[106.13604783783016,20.823500457868775],[106.13459825295196,20.8244541324874],[106.13346910141,20.825459305429632],[106.13308763274958,20.82593423417028],[106.13208818164472,20.826933685655728],[106.13063096750255,20.828738037452062],[106.1298832862415,20.829212967250044],[106.12918901116916,20.82953721621911],[106.12849473685239,20.82967263823397],[106.12802171462374,20.82970124833547],[106.12711381614838,20.82964402822923],[106.12630510052237,20.829483810679825],[106.12591600180761,20.829264466063112],[106.12567186027033,20.828968826199205],[106.12448859964424,20.82997248572953],[106.12439654231491,20.830081360304348],[106.12471818667628,20.83135110570662],[106.12474107454698,20.832104507855473],[106.12468766868683,20.833163087077793],[106.12628221251002,20.8346355595501],[106.12871598973766,20.83728868155688],[106.12876939497852,20.837471787029184],[106.12868547229309,20.840655151877534],[106.12876176628154,20.843003098228667],[106.12953233468934,20.842959229216152],[106.12961625848418,20.843117538822536],[106.12925767727026,20.84536058079985],[106.1274037343746,20.847264115328215],[106.12627458324296,20.84805757284089],[106.126274582655,20.84810525618627],[106.12767839265408,20.84905893003558],[106.12917375281556,20.84970933629991],[106.1319890006389,20.850563828615634],[106.13237047060079,20.85098535219457],[106.1324925401391,20.85105211060287],[106.13642930685567,20.850851838138002],[106.1365513784487,20.851252381135918],[106.13722276395441,20.85262567234828],[106.13751268143076,20.85307962169719],[106.13952684238646,20.85568696761542],[106.14086198650698,20.857346360275294],[106.14115190378038,20.85794145299415],[106.1414265612537,20.85882074180565],[106.14151048414452,20.859307114192525],[106.14151948891873,20.85949577508051],[106.14159440761206,20.861065690992554],[106.14157151923878,20.862351243279143],[106.14162492616907,20.864161317486953],[106.14153337244335,20.865235154762555],[106.14165544424476,20.868492906917155],[106.14164781426142,20.869295899912764],[106.14183854887786,20.869776552065268],[106.14253282408174,20.87031442405011],[106.14289903470714,20.870657747131528],[106.14305925245753,20.87110406675211],[106.14305925164066,20.87146074098114],[106.14302110464173,20.871626679925846],[106.1426854117625,20.872265642292017],[106.14261674694816,20.872811144408896],[106.14274644722316,20.87323648293443],[106.14323472764576,20.873917405865832],[106.14330339344458,20.87406427190208],[106.14330709010457,20.87415559825579],[106.14334153999211,20.87500650224251],[106.14331102253136,20.87535554678285],[106.1430745109682,20.876419847258425],[106.1430439927859,20.876934832343252],[106.14311265835445,20.877775972364486],[106.14318895259038,20.877960985017484],[106.14326014101776,20.878046830349422],[106.14357805161576,20.87843019346602],[106.14388322767716,20.878710573594635],[106.14467668399666,20.879290407332366],[106.14611863978465,20.88073236329541],[106.14627885747092,20.881052796972355],[106.14654588655338,20.881905382413862],[106.14680528546825,20.882956331140228],[106.14679002670918,20.883747881174802],[106.14663743886047,20.884451693058466],[106.14675950912162,20.885126894529556],[106.14676329490382,20.88531047200099],[106.14676452972273,20.88537036923071],[106.14676713822107,20.88549692000115],[106.1467412345435,20.885670962536288],[106.14670610306482,20.885907000526288],[106.14666795622564,20.886616533777488],[106.14672136270359,20.8869922819374],[106.14661455050484,20.887371843322345],[106.14657640307607,20.887928789459433],[106.14660692161934,20.88843423672427],[106.14656877443093,20.8887069878342],[106.14653001166349,20.888798080899544],[106.14645471468084,20.88897502725225],[106.14641618678455,20.889065569640785],[106.14624071019588,20.889263933977773],[106.14569139359595,20.88962060772535],[106.14551591774558,20.88979417683546],[106.14454698503782,20.891308612127656],[106.14361619840189,20.891981906198655],[106.14348649828378,20.892039125784258],[106.14318132362487,20.892102068432596],[106.14279985350451,20.89203149668801],[106.14245653094801,20.89203149661548],[106.14206743164836,20.892140215512555],[106.14119768052694,20.89259225662615],[106.13949632601216,20.89280015837855],[106.13935136724142,20.89292222903418],[106.13918352088447,20.893276995740568],[106.13876390361963,20.893845385770998],[106.13836717545925,20.8950813466968],[106.13818406960851,20.89545137297325],[106.1380543698226,20.896838016225487],[106.13808488736436,20.897234744526717],[106.13828325169644,20.897965259319594],[106.13827562265539,20.89831811815153],[106.13820695818633,20.89878160457092],[106.13806200019944,20.89918024067213],[106.13702870700523,20.900960490385867],[106.13679552019444,20.901362246422988],[106.1363911619198,20.902663058667173],[106.13630723874743,20.903090304279868],[106.13629198028254,20.903565234793454],[106.13636827405175,20.903939075902915],[106.1365971559737,20.904339618172703],[106.13690996109328,20.904667682328117],[106.13741350121647,20.904965228482546],[106.13803911153653,20.905257052699827],[106.13842821098174,20.905394382217818],[106.14007616051204,20.90579301739872],[106.14092302277989,20.906359500815597],[106.14155626284118,20.906880206631513],[106.14218187343975,20.90758020377628],[106.14260149042218,20.90826303432133],[106.14331865333976,20.909584826542673],[106.14387559785403,20.910357303400353],[106.14398241037584,20.910513705821185],[106.14379930542607,20.910738772865994],[106.14352674849341,20.910827877398955],[106.1432271003121,20.911108798991464],[106.14290666504698,20.911562747194033],[106.14552354825211,20.913571185403185],[106.14625596993021,20.912958926713866],[106.14738512007305,20.913853473294328],[106.14901780992354,20.914831943637314],[106.15017597830324,20.915299091209846],[106.15049791322456,20.91542894332007],[106.15100908288336,20.91559678922022],[106.15313005433764,20.91672975427208],[106.1535878188279,20.916928119488084],[106.15397691715684,20.917012042845712],[106.15435075725486,20.91702539310644],[106.1548008910551,20.91710168721078],[106.15535783713517,20.91725427589488],[106.15397691737303,20.920958346560713],[106.15397691809584,20.920986957336773],[106.15491291738945,20.92127945744333],[106.15404558218222,20.9235771366435],[106.15206956907785,20.923056431161523],[106.15166521074251,20.924385852638384],[106.15161180545569,20.92442018491354],[106.14959001616437,20.924359150173224],[106.14919328717924,20.92579156909697],[106.1485524180077,20.927634068504204],[106.14850664179347,20.928435154040347],[106.14865159980832,20.929142779841037],[106.14907121642214,20.92965395047868],[106.14994859801993,20.930403537858208],[106.15004777982773,20.930579014007368],[106.15021562617345,20.933068104617863],[106.15027666129306,20.933182545392768],[106.15156807919492,20.933301491012422],[106.15161771802329,20.933546788521035],[106.15226030439479,20.933453388303555],[106.1522450448778,20.934050388248068],[106.15150499383172,20.93441850705818],[106.15267992086059,20.941723652750998],[106.15055947221964,20.94187132625064],[106.15054368982092,20.941872425566732],[106.15065050204426,20.944336721147778],[106.15177965277404,20.944248982440836],[106.15184831751208,20.94429666601699],[106.1519169812785,20.944447346841493],[106.15190172324085,20.945698566752903],[106.1545567525111,20.94567758666831],[106.15463953022953,20.94723343474336],[106.15464067561898,20.947254963660797],[106.1561894428935,20.94755823215803],[106.15646092295121,20.94795077779371],[106.15647173078845,20.9479664050842],[106.15671587075033,20.947661228795653],[106.15752154231419,20.947687582441255],[106.1575322165706,20.947687931804154],[106.15809679133623,20.949318714793982],[106.15760851075646,20.949492283424807],[106.15804338538317,20.949953861448268],[106.15826463983889,20.950230428433226],[106.15852651052626,20.950557769072148],[106.15862321957762,20.950678654458965],[106.1588215834982,20.950978107854002],[106.15888902043339,20.95124617231045],[106.15889787801245,20.95128137649932],[106.15887232548343,20.951305652129843],[106.1588449765339,20.951331632949287],[106.15882158389599,20.951353855646747],[106.15801286828403,20.951639957658923],[106.15423631782973,20.95476991773334],[106.15411424780098,20.954974004505832],[106.1537327781184,20.955878086912133],[106.15338182525541,20.956797429516573],[106.15140581236385,20.956404514881203],[106.15055132090397,20.956188984954192],[106.14989519312317,20.960215398807257],[106.14986467502113,20.960240193299835],[106.14865923045369,20.960200139827887],[106.14862871246544,20.96016771458564],[106.1486516011766,20.958525487175095],[106.14859056539208,20.958344289863998],[106.14841508929483,20.95829088310996],[106.14740038064,20.958397695216274],[106.14547014366566,20.958258458387657],[106.14543199635166,20.95902330566062],[106.14314317824503,20.9593094073504],[106.14199113959364,20.959811040337776],[106.14144945288263,20.960312673639404],[106.14090776577957,20.960409947468406],[106.13644492591692,20.96020087176058],[106.13630235071015,20.96028125402449],[106.13629198198696,20.960287877829956],[106.13507127866825,20.960192510586673],[106.13505601999871,20.960333654653773],[106.13304948969628,20.965426275311447],[106.13301134303194,20.96587831750089],[106.13342333012068,20.965893576401076],[106.13350725272032,20.966582129618036],[106.13275194260252,20.968685934307274],[106.13287401417054,20.968748877497955],[106.13401842258529,20.969904730615063],[106.13500261467432,20.970806906723567],[106.13711595679531,20.973036596716007],[106.13728950448399,20.97318215247264],[106.13735246807468,20.973234961738694],[106.13752031498716,20.97342188168795],[106.13791704344916,20.97430116960777],[106.13353014132545,20.97893411867094],[106.13227129077735,20.978070089743618],[106.13174486312221,20.97878916105327],[106.13256120854449,20.979349921027755],[106.13256120787618,20.979401419997817],[106.13210344572273,20.97986299777401],[106.13141679909174,20.979550192386835],[106.13136339334041,20.97955782184725],[106.13106584722789,20.980164358617706],[106.13055467817334,20.980067083790193],[106.13004350866497,20.981196235042656],[106.12992906760701,20.981293510297554],[106.12976122154512,20.981350730042962],[106.12954759819466,20.981320212600636],[106.12839555897766,20.980593512826566],[106.12793016624859,20.982241461694734],[106.12743425505481,20.983731101131198],[106.12889147069058,20.986790487831485],[106.12932634501306,20.986960242404574],[106.12940263937229,20.987068961567324],[106.12955522774182,20.987704108133755],[106.12955522712737,20.987950156376673],[106.12935686338021,20.988180946574253],[106.12909746369814,20.988413641943655],[106.12862444121627,20.988570045465462],[106.12924242249544,20.991095373969195],[106.1293187162421,20.991247961966828],[106.12944078696667,20.991379569436745],[106.12945604569587,20.99158365676349],[106.12940263950408,20.99201471610508],[106.12902116987051,20.99294168866229],[106.1297688505528,20.993061851387026],[106.13012743269593,20.993241141624083],[106.13050890203033,20.993496726361073],[106.1312260643065,20.99419481633815],[106.13060045470495,20.994934867558413],[106.1311116233022,20.995190452627327],[106.13145494656986,20.995636771011604],[106.13224077441515,20.997763465598258],[106.132256033441,20.9978702779456],[106.131912710824,20.99930841779463],[106.13577318383892,21.00076753922897],[106.13719988118585,21.00125200651963],[106.13780260305496,21.001400779859686],[106.13781023268439,21.001366447701066],[106.13803911488611,21.001349281343487],[106.13809251977285,21.00127298764159],[106.13983562803882,20.998370980058667],[106.1420826942067,20.997803518803533],[106.14208269403657,20.99780161197568],[106.14209019073837,20.99722803864582],[106.14276170988626,20.997105430304227],[106.1427845981803,20.996376822742942],[106.14343309672434,20.996088813445652],[106.14347887274822,20.993847678196907],[106.14512614539314,20.99326316171058],[106.14579057919337,20.99445612340206],[106.14582109702704,20.994480918010694],[106.14617967851156,20.994440863574695],[106.14775133371356,20.99321443856811],[106.14908647797633,20.992075751091484],[106.14919328917539,20.99183161098716],[106.1492161774025,20.991375754893372],[106.14933824732148,20.99092752749389],[106.14963579357303,20.99026567759163],[106.1506657629602,20.988880942313966],[106.15099382657274,20.988751242945476],[106.15264940451951,20.988608191748757],[106.1539158844225,20.988564322991397],[106.15542650515717,20.98863870862731],[106.15582323306232,20.98860437666752],[106.15631151441325,20.98851663835868],[106.15710497127478,20.988205740861027],[106.15744829345525,20.988472769097942],[106.15792131693769,20.988983938406687],[106.15806627503525,20.989233801046073],[106.15830278697709,20.98981554274372],[106.1584401156611,20.98998911138632],[106.15881395623987,20.990158865935935],[106.15941667810266,20.990187475629625],[106.15978288896497,20.989924261181645],[106.16037035137677,20.989655325430714],[106.1611332921992,20.989552328690174],[106.16154527922154,20.98955232814511],[106.16173601403744,20.98951608906711],[106.16207170714053,20.989365408365742],[106.16293382908638,20.988770315255987],[106.16329241057105,20.988426993519177],[106.16508531752399,20.987633536044996],[106.16519213023952,20.987646887243532],[106.16604662213796,20.988730261306724],[106.1661458037445,20.988716910581605],[106.16794634093736,20.987458059523508],[106.16861772774635,20.986693213339944],[106.16902208566663,20.986138173643436],[106.16918230235055,20.985810109747227],[106.1695332551537,20.98476297623942],[106.16487169493628,20.977396794901544],[106.16358232775893,20.976000615842356],[106.16345262775054,20.97594720967636],[106.16330766878664,20.975775548350178],[106.16320085765562,20.975537129430496],[106.16356706880222,20.97483904056768],[106.16379595030602,20.974547216938372],[106.16397142612473,20.9743793700233],[106.16442156014182,20.974123785085812],[106.16454363034889,20.97396928970938],[106.16468858889397,20.973521062399733],[106.16480303054574,20.973324605339567],[106.16550493470277,20.97260935000521],[106.16564989253385,20.972554036285135],[106.16600084578218,20.972578832283038],[106.16610765674803,20.972546407433185],[106.16684007862483,20.97195703672971],[106.16726732455872,20.97141534945266],[106.16729021257879,20.97132570493729],[106.16725206530181,20.971041509085318],[106.1671223662348,20.970820256740996],[106.16633653864913,20.96997530177066],[106.16629839107543,20.96981699165184],[106.1663289093773,20.969660588646406],[106.16685533764426,20.96917421463917],[106.16703678294465,20.969115683364393],[106.1672215485165,20.9691246235188],[106.16753435367029,20.969305821146847],[106.1680378931492,20.969694921555867],[106.16857195083178,20.969754048573293],[106.16870928066234,20.969845601301078],[106.16877031550625,20.969971486379045],[106.16879320305374,20.970448323629633],[106.16892290366349,20.970700092982607],[106.16926622531848,20.97091753149326],[106.16970872988699,20.971003362505893],[106.1699452426272,20.971197911486346],[106.17011308877707,20.97143060881723],[106.17029619452381,20.971602269679718],[106.17062425815004,20.971911260854757],[106.17092943289903,20.972077199089767],[106.17101335776496,20.97218019629544],[106.17112016812864,20.97257311036644],[106.17133379136996,20.972698995789827],[106.17189836750921,20.972771474862995],[106.1721119907648,20.97285730505763],[106.17256212470227,20.97326357060858],[106.17273760043088,20.973362752054364],[106.17346239269978,20.973515340604404],[106.17361498022578,20.97362405975426],[106.17375993916045,20.973818608603526],[106.17391252751044,20.97441751681434],[106.17403459762838,20.974625417736753],[106.17439317973842,20.974972554081603],[106.17459917253204,20.975268193551013],[106.17469072542377,20.975399800250678],[106.17491960784407,20.97553522230523],[106.17549181134186,20.97545892869153],[106.17565965822376,20.975483724597602],[106.17579698750723,20.97556764772013],[106.17609453496584,20.975931951584027],[106.17620134535352,20.975973912867023],[106.17630052777844,20.97596246858886],[106.17636919252939,20.975893804576188],[106.1766591093485,20.97511751336654],[106.17675829117138,20.975018331298948],[106.17692613896567,20.974953481602153],[106.17736864234757,20.974938222489904],[106.17748308305768,20.975004979691892],[106.17765855907955,20.9752968042032],[106.17770433674755,20.975504705059258],[106.17771196573784,20.97635728947624],[106.17780351872983,20.976582357844496],[106.17800188246359,20.976725408239723],[106.17823839351003,20.976752111149647],[106.17870378701824,20.9766071520651],[106.17894029831531,20.97663194807828],[106.17910051563511,20.976769276974398],[106.17931413898299,20.977150746345576],[106.1800084136962,20.977413961350724],[106.18117571063745,20.97749979130215],[106.18150377417363,20.977600881582784],[106.18169450972918,20.977728673334905],[106.1817860627655,20.977972814005163],[106.181747915678,20.97850305783348],[106.18183183843536,20.978749105640585],[106.18205309141798,20.978882619562512],[106.1832509065016,20.978834935050394],[106.18485307849426,20.979019947909997],[106.18502092595375,20.97899324571809],[106.1856160186598,20.978752919626043],[106.18579149479626,20.978722402495592],[106.18595934184631,20.978771993144715],[106.18651628713305,20.979437657594502],[106.18678331538126,20.979603597695455],[106.1872105614567,20.979718038578884],[106.18733263299393,20.979893514401503],[106.18741655537323,20.980631658044448],[106.18751573769586,20.98081667058501],[106.18772173189615,20.98092157498064],[106.18799638949686,20.980866262198433],[106.18988084967877,20.9796016894635],[106.19072771280182,20.979204960937786],[106.19107103535723,20.97910959304248],[106.1914372463685,20.97907907574248],[106.19176531075985,20.979119130450393],[106.1936192538066,20.97958643131116],[106.19609880729868,20.980334111115386],[106.19949388788943,20.981510945026574],[106.20086717854801,20.982094594382204],[106.201141836893,20.98216516573075],[106.20176744696172,20.982170887614064],[106.20200395795418,20.98224146026457],[106.20220232293667,20.982386417650062],[106.20243120372822,20.982987233411826],[106.2025914215667,20.983164617238725],[106.20269060375603,20.98321420833484],[106.20282458742878,20.98324697544348],[106.20282030353236,20.983250447289755],[106.20304155630497,20.983300037925407],[106.20499468124915,20.98322755898071],[106.20572710256606,20.983366796135442],[106.20824480261372,20.98436815406869],[106.20959520597569,20.984522649106033],[106.20988512337524,20.984637089605997],[106.21005296996097,20.98478586321322],[106.21088457437028,20.985764333091048],[106.21139574312446,20.98612482189665],[106.21167040129319,20.986201116368733],[106.21286058688834,20.986368961509196],[106.21324968599141,20.98654062379711],[106.21405840175264,20.987364598135386],[106.21463823578958,20.988341161128503],[106.21493578257727,20.988617726381495],[106.21529436383551,20.988817998020426],[106.21562242856334,20.988850423298334],[106.21615648552714,20.988705464289374],[106.21645403233555,20.988673040376142],[106.2167286906248,20.988722631124613],[106.21752977643273,20.989216634272353],[106.21775865855705,20.989302464683135],[106.21805620441481,20.989325352785784],[106.21872759114629,20.989546604655153],[106.22034502327651,20.9896267137191],[106.22077226904925,20.98972208078048],[106.22109270389221,20.989868947146526],[106.22117662699448,20.990052052862197],[106.22110033322839,20.990347691999027],[106.22090196900427,20.990628071818048],[106.22042894594023,20.99109918729051],[106.22032976416055,20.991356678934903],[106.22029161729678,20.99167902065957],[106.22054338780381,20.992392369052777],[106.22065782838479,20.993502445746792],[106.22065782827941,20.993998357497638],[106.2202000648325,20.99513895138896],[106.22021532366105,20.995484180811797],[106.22029161774032,20.99565965804108],[106.22045183424474,20.99577982074394],[106.22135210344494,20.995745487736492],[106.22275591227319,20.99531442707483],[106.22390795069545,20.995234318799284],[106.22422075552205,20.99511224827051],[106.2252202061036,20.994253942144134],[106.22541857051367,20.99415094530305],[106.22635698628699,20.9939945419066],[106.22784471826614,20.993986913006008],[106.22805834129183,20.99402506026149],[106.22882128038603,20.994488544691542],[106.2290959387413,20.9945095256787],[106.22940111462648,20.994431324770108],[106.22952318489111,20.994280643652893],[106.22966814373277,20.99297983255671],[106.22976732583632,20.992768116431563],[106.22993517285825,20.99261552839622],[106.23031664215462,20.992564031152202],[106.23060655813367,20.992604084531106],[106.231331351419,20.992914983151227],[106.23188829739365,20.993573017751206],[106.23209429096993,20.99412996356094],[106.23225450895411,20.994776554990278],[106.23266649572241,20.995322056357004],[106.23288011910383,20.995472736416716],[106.2331090008485,20.995512791393278],[106.23343706451679,20.995482273510724],[106.23373461073896,20.995365925895737],[106.23466539659589,20.99478799830095],[106.23568773601991,20.994576283562807],[106.23603868808355,20.99458200521943],[106.2363896404356,20.994395084951357],[106.23649645154497,20.994231052406167],[106.23654985749815,20.993527241366937],[106.23664903984641,20.993378468750542],[106.23729753792986,20.993079014356375],[106.23743486728921,20.99305040484198],[106.2375569374689,20.99309808786421],[106.23812914295232,20.993769474203894],[106.23831224725353,20.993805714258073],[106.23848009500283,20.993758030465848],[106.23960924482905,20.992605991534134],[106.24025774338169,20.99175149955933],[106.2408375777399,20.99135858533743],[106.24100542381332,20.991314716340874],[106.2411656411106,20.991324253558627],[106.2413334875219,20.9914310656346],[106.2417302165338,20.992033787799024],[106.24208879731708,20.992337055782883],[106.24239397378906,20.992459126305686],[106.2425694495454,20.992482014505672],[106.24331713034049,20.992300815962167],[106.24402666316259,20.99189455055211],[106.24462175627711,20.99139101056332],[106.24484300972244,20.991404362203316],[106.24505663310686,20.992075748581502],[106.24628496456752,20.997677631871994],[106.24634599984174,20.997755833604508],[106.24644518317942,20.997772999259272],[106.24768877407413,20.997324772451364],[106.24796343165053,20.99716264763104],[106.2490544346834,20.996241397982647],[106.24931383501438,20.99608690322877],[106.2496190111466,20.996001072406788],[106.24990892768963,20.996002979130424],[106.25031328575383,20.996075459600643],[106.25146532385448,20.996533222502144],[106.25214433971364,20.996685809939027],[106.25251818107915,20.996645756077562],[106.25285387336227,20.996538943952103],[106.25337267302437,20.996079273244952],[106.25346422573124,20.995932406945023],[106.25366258975531,20.995358295010988],[106.2537159954573,20.99531633450497],[106.25392198915199,20.99531061246083],[106.25408220587121,20.995251484254613],[106.25683641746075,20.993149585731715],[106.2570424118064,20.99291879714129],[106.25744676915524,20.992974110360358],[106.25765276314937,20.99296266614781],[106.25798082721934,20.99283868839242],[106.25808000834871,20.99275857940449],[106.2581563028278,20.992636509423477],[106.25829363204839,20.992186375005222],[106.25840807239379,20.991114444974396],[106.25846910767055,20.990963764102524],[106.25910234780285,20.99023897200721],[106.25944567070991,20.990017718617292],[106.25968981081833,20.989958590696084],[106.26011705747393,20.989939517940186],[106.26035356875128,20.98999864568681],[106.26094103207528,20.99025995307084],[106.26130724293331,20.99031907961229],[106.26162767791953,20.990317172430743],[106.26189470608728,20.990265674791537],[106.26213884703886,20.990130253049582],[106.26237535776987,20.989910907471202],[106.26258135207321,20.98961908277397],[106.26300096839438,20.988657779798338],[106.26325273901153,20.988383121289008],[106.26369524393228,20.98825532827416],[106.26557207474197,20.98800165134468],[106.26639604907005,20.987713641836205],[106.26673174290462,20.987734622880467],[106.2669911417594,20.987809009545828],[106.26760684312147,20.988233003900124],[106.26783037463696,20.988386935541264],[106.26828813851954,20.988753146467083],[106.26971483547604,20.990120715518046],[106.27035570448385,20.99085504431652],[106.27083635732164,20.991249866879414],[106.27123308517952,20.991518802294955],[106.2714238200198,20.991610354687513],[106.27198839500116,20.991579837847233],[106.27255297104611,20.99159891048361],[106.27295732921391,20.99168664856412],[106.27196550742819,20.998957461551054],[106.27223253615252,21.001231021886916],[106.27328539332103,21.00359232050851],[106.27572679913914,21.00676614819738],[106.2795033494358,21.009623356531787],[106.28751421331013,21.014944859058485],[106.29330492513492,21.018593617226486],[106.2943501521413,21.019743748012477],[106.29492235644108,21.02076990095612],[106.29534960193686,21.02193147691313],[106.29544878549737,21.02338106199165],[106.29520464385088,21.025305576652123],[106.2945027400277,21.0272072031391],[106.29335833168027,21.030598469837546],[106.29231310326334,21.033016988154046],[106.29196215124186,21.034825154125752],[106.29215288683008,21.037070104289107],[106.29273272007619,21.03952486086369],[106.29377794767544,21.04113466381043],[106.29586077282187,21.042900867710532],[106.29722643478856,21.04366762348174],[106.29859972551739,21.04522592590125],[106.3021473936792,21.049057790336327],[106.30428362397643,21.051047155078567],[106.30670214326683,21.052557775460762],[106.30955553626798,21.055891820732338],[106.31062365093348,21.058871099304792],[106.30722094164572,21.06400186635326],[106.30377245591875,21.069588492108032],[106.30229235331943,21.073658773854543],[106.30247545863966,21.085694143937868],[106.30211687708837,21.08745844187128],[106.30085039786172,21.09115679088316],[106.29570818659349,21.105126213038787],[106.2953572342242,21.106760810839585],[106.295280940844,21.108305762516515],[106.2954030106608,21.110997032165237],[106.29594469793763,21.114065956388636],[106.29844713999239,21.120613884763046],[106.29896593789914,21.12156374476431],[106.29897201147134,21.121570323355638],[106.30029345340415,21.12300188577467],[106.30515337731278,21.126505684341634],[106.30749560195207,21.127577614007535],[106.3117146573175,21.128861260123536],[106.31302691320948,21.12998850320047],[106.31749010907699,21.135838341270233],[106.3201375089937,21.1402672057022],[106.32157946491925,21.143196892888177],[106.32295275652505,21.147633385641306],[106.32317400859407,21.150955987025462],[106.32291460917345,21.15316660413923],[106.32124377231246,21.158531976170448],[106.31925250037277,21.16213305075598],[106.31549120859185,21.1673343908837],[106.31346178950486,21.170996499748824],[106.31272936769365,21.172564341133544],[106.31115008422468,21.17664797400547],[106.31015063270192,21.17856867454306],[106.30920458833435,21.181973293126916],[106.3090520001493,21.18480570468883],[106.30950976385152,21.187254741045468],[106.31050158535209,21.190049007233462],[106.31207323992332,21.19215281195834],[106.31305743234117,21.192944361928905],[106.31375933614224,21.193333460754427],[106.3147587876087,21.193442179839792],[106.3166813949324,21.193030192809246],[106.32120562619771,21.191977336204875],[106.32242632918519,21.192009760770357],[106.32464648238201,21.19217760747903],[106.32447863637073,21.190352275064743],[106.32425738370836,21.189745737491386],[106.32280779846828,21.18465311744186],[106.32630969038796,21.18343813564305],[106.32676745422285,21.183022333101224],[106.32717944112237,21.182310892177334],[106.32798052806032,21.18225748677108],[106.32812548614052,21.18133814530289],[106.32930804337212,21.181231333249624],[106.33074236880438,21.181397272431216],[106.33151293769345,21.177258325559443],[106.33200884830335,21.174807383189567],[106.33410693159684,21.174435449609938],[106.33502245937221,21.174315286598603],[106.33524371083902,21.173931909551786],[106.33543444608883,21.173222375270537],[106.33584643360646,21.172776056544524],[106.33642626787224,21.17244799290359],[106.33788348240314,21.171963525944296],[106.33840228128429,21.171871972666857],[106.3386311628603,21.17198641382517],[106.33924914402247,21.17266161593492],[106.34063769287471,21.172625375240905],[106.34326220447291,21.169157814980622],[106.34558916963532,21.16623575716954],[106.3452534770925,21.165713144200403],[106.34569598158785,21.165222955124303],[106.34591723404218,21.165877176504114],[106.34607745205473,21.166907144208352],[106.34614611620533,21.167221855985265],[106.34622241029291,21.167383981206417],[106.34642840389284,21.167568994323364],[106.34693194368187,21.16776354335907],[106.34700823786663,21.167893243566123],[106.34695483216993,21.16825182542895],[106.3457646469528,21.170744728827255],[106.34515429478792,21.171644998630107],[106.3451008885628,21.171948266167952],[106.3451924420917,21.172695947510086],[106.34552813547127,21.17356379102079],[106.34565783471751,21.173790765335884],[106.34590197576726,21.173899484792038],[106.34628344543295,21.173899484125617],[106.34730578374204,21.17368395462278],[106.34777117688839,21.173531366559505],[106.3502965068759,21.171858621406976],[106.3516087625662,21.17106325728671],[106.35250903061701,21.170843911043683],[106.35308123584558,21.170843911082112],[106.35341692923926,21.170908761461575],[106.35374499315724,21.171070885964774],[106.35455370878043,21.171839547174947],[106.35541583087121,21.172501397148352],[106.35588885342207,21.172772240894005],[106.35623980556387,21.17282564731724],[106.35794879058524,21.17240412317748],[106.35910082822222,21.172348810032723],[106.35936785701153,21.172241998112295],[106.36035204902677,21.171501946943053],[106.36070300108615,21.171446633644283],[106.36086321820339,21.1714771508928],[106.36100817704767,21.171593498506628],[106.36167956436398,21.172301125521862],[106.3619084454973,21.17241556730885],[106.36209917981927,21.17244608402983],[106.36245013246534,21.1724289181639],[106.36273242047915,21.172495674796256],[106.36296893093918,21.17261583750984],[106.36398364083314,21.173397851174556],[106.36412097059878,21.17346270105708],[106.3643269630212,21.173500848195555],[106.36498309102379,21.17349703260199],[106.36667681743845,21.173764062209155],[106.36650134106404,21.174494576999656],[106.36553240810534,21.174177956863836],[106.36528826730967,21.174218010771455],[106.36518145665973,21.174275232162955],[106.3651433089308,21.174368691922815],[106.36534167345344,21.175677132910415],[106.36530352620113,21.176203560850684],[106.36505938555447,21.176672769155182],[106.36473895132629,21.177107644161712],[106.36449481019622,21.177595926294554],[106.36447955114654,21.177971672704984],[106.36434985217971,21.178765130032524],[106.36577654851492,21.179161858972385],[106.36781359794877,21.181168390186993],[106.36927081170029,21.17974932213973],[106.37039233287729,21.18083841773927],[106.36987353341661,21.18142206722499],[106.37049914440533,21.182286096512797],[106.36987353361863,21.182959389765156],[106.37000323345218,21.183079553397615],[106.36998034523407,21.183232141083046],[106.3697209456478,21.183930230008038],[106.369698057344,21.184115243016024],[106.36978961050878,21.184183908466142],[106.37096453746322,21.184334588504264],[106.37105608988026,21.184910608636088],[106.37177325378259,21.18644983870754],[106.37278796312025,21.18779451890977],[106.37313891437114,21.188408685295908],[106.37354327301479,21.189247918583064],[106.37374926655278,21.189827752361836],[106.37390185493523,21.190705133289995],[106.37395525988818,21.191849542064105],[106.37428332423546,21.193888498509214],[106.37424056326371,21.194313965541514],[106.3741307358167,21.19540674791135],[106.3761601548061,21.196232629576862],[106.37745715184722,21.196596933619713],[106.37807513320203,21.196665597524447],[106.37865496720103,21.196623636335655],[106.37922717186498,21.19641382790363],[106.38011218200204,21.196163965156483],[106.38243914671708,21.19588167723465],[106.38346911529618,21.196041894275332],[106.38559771607943,21.19653017569639],[106.38665057287787,21.19700319843651],[106.38761187693419,21.197287393670454],[106.38884020871441,21.197838616920603],[106.39170123252805,21.200114084390535],[106.39214373694678,21.200615716593244],[106.39245654207383,21.201138330724284],[106.39335681182902,21.203003717696312],[106.3970265494319,21.202730966766264],[106.39873553468266,21.2026775603185],[106.39928485000924,21.20252497203656],[106.39981127800954,21.202193094306246],[106.40024615439219,21.202442955822544],[106.40051318369122,21.202706170240724],[106.40065814135278,21.202921701329416],[106.40055133027887,21.203177285005683],[106.40061999486338,21.20347673933347],[106.40085650539866,21.203905893339506],[106.40116931195016,21.20432360243663],[106.40152026318732,21.204523874041644],[106.4028935549229,21.205054117472663],[106.40452624425428,21.20556528613132],[106.406898986175,21.20600016086911],[106.40796710194711,21.206108879993966],[106.40860034133883,21.206333947579726],[106.41001940844313,21.207600427299838],[106.4106907953279,21.20799524807409],[106.41121722385022,21.2080467475654],[106.41252185115846,21.20777399649002],[106.41289569104693,21.208067726938232],[106.4135747066065,21.20931704145911],[106.41369677696363,21.210385156277525],[106.41419268788587,21.21155626836487],[106.41512347368784,21.213398767428576],[106.41605426027722,21.21796877418669],[106.41646624853286,21.219725442266522],[106.41681720033742,21.222058131003337],[106.41742755149646,21.223126245739188],[106.41819049122977,21.22341997641306],[106.41895342986682,21.223357035054047],[106.42101336768765,21.223732782335286],[106.4217381594005,21.223727060410244],[106.42272998126613,21.223398996818904],[106.42295886234372,21.224051309367724],[106.42346240282272,21.228146386385966],[106.42419482408263,21.22935564549039],[106.4244923713467,21.230526758795893],[106.4248738409376,21.231083703878635],[106.42584277498914,21.231703592880734],[106.42625476171787,21.231650186403716],[106.42811633321342,21.230915857521932],[106.4298634642539,21.230639291800873],[106.43156481915096,21.231251550478962],[106.43190051346409,21.23116381238752],[106.43474627731439,21.22864611235526],[106.43591357456982,21.22838480513224],[106.43701983728103,21.228424859202615],[106.43846942198137,21.228674722080136],[106.44369555804587,21.228756738415417],[106.4455189823543,21.23068125358677],[106.44632769830321,21.231108499246783],[106.44790698359458,21.231257271933277],[106.44886065803048,21.231159997320418],[106.45191241603634,21.230450463730023],[106.45241595578892,21.230532480055814],[106.45515490762524,21.232729744949154],[106.45564318950929,21.232653451450933],[106.45733691481394,21.230788064434563],[106.45838214143888,21.22925646331972],[106.45980120930318,21.229176354684768],[106.46244860987561,21.227385354081314],[106.46417285293029,21.22712595428064],[106.4659047249371,21.226027321883723],[106.46642352387485,21.225987267234274],[106.46807147324449,21.2266891717036],[106.46968127576697,21.228531670876706],[106.47004748601316,21.22792322679076],[106.47115374883758,21.22809870252295],[106.47344256714527,21.229267906590334],[106.47429705893367,21.230387520973796],[106.47514392228832,21.229866814099914],[106.47822619706953,21.228859734616133],[106.48101855566314,21.228379082060208],[106.48734332413491,21.228724311888843],[106.48845721477925,21.23065645586613],[106.48848773340833,21.235062432075285],[106.48899127291179,21.236981224536006],[106.48934222507313,21.236716103791494],[106.48975421352345,21.234892678690958],[106.48989917118377,21.232901406528946],[106.49027301127146,21.23139078479028],[106.49161887784047,21.229289052904715],[106.49243975863223,21.22800714913998],[106.4959111338284,21.228125404797087],[106.49877215745131,21.22738153839427],[106.49930621406381,21.226750206195568],[106.50044299408543,21.22463686359129],[106.50187732020281,21.224396537856656],[106.50054980604655,21.219881843178303],[106.50010730069444,21.216671774957845],[106.50044299380207,21.213879417156097],[106.5003819583175,21.21356279734794],[106.50010730064918,21.21318704915675],[106.49901629708344,21.212284873206837],[106.49871875070846,21.2118900523839],[106.4984212048067,21.21120531430674],[106.49868060310186,21.210066627415184],[106.49967242442484,21.207583258922746],[106.49987078941778,21.206091711634983],[106.5007863161896,21.20332987079568],[106.50085498098905,21.202389547389014],[106.50061084023537,21.201136419612876],[106.50029803571834,21.200833151809128],[106.49752856547408,21.200287649665537],[106.49462939482254,21.19925768138205],[106.49448443584846,21.199114630650556],[106.49467517120415,21.197731802330875],[106.49487353462064,21.19576151194685],[106.49519397034925,21.195034811495372],[106.4957890629906,21.19396478935612],[106.49592639228891,21.189295599162442],[106.49628497253613,21.187405417093398],[106.49642993161937,21.18593294354685],[106.49693347210561,21.184735129325702],[106.4945378421452,21.18422395906156],[106.4929356682761,21.183470556493063],[106.49198199483227,21.182087728942076],[106.49069262626438,21.181874106286163],[106.48989154059907,21.18105966802612],[106.4896550286795,21.18023187812457],[106.49015856814351,21.17923242826751],[106.49015093957559,21.17837602788569],[106.48775530984504,21.175164053109416],[106.4875187984754,21.17467004983009],[106.4873280631587,21.17372400451388],[106.48691607675283,21.17305833984641],[106.48701525862298,21.17240793344049],[106.48735858147005,21.17213327580548],[106.48834277342822,21.17152864694394],[106.48863268995426,21.171164342897],[106.48864794866668,21.170767613884838],[106.48844195489966,21.170227834751824],[106.48857165470582,21.16929704824654],[106.48923541204428,21.16641122964348],[106.4864354244972,21.162579366539727],[106.48600054770272,21.162258931528793],[106.48327685496238,21.16057474208554],[106.48300219589697,21.15981943211003],[106.48324633695468,21.159121343301155],[106.48323870779357,21.15860826652188],[106.48281909112238,21.15794260150717],[106.48275042551607,21.157482930223594],[106.48285723809755,21.157110997033143],[106.48280383214698,21.156462498955314],[106.48220110946659,21.155474492131844],[106.482162962681,21.15467149851386],[106.48201800363746,21.15363390129803],[106.48161364687444,21.152535268012898],[106.4809575183335,21.15152055777426],[106.48069048973996,21.149926015145912],[106.4803242782968,21.14834863823582],[106.47970629742511,21.146141834976024],[106.48368121125168,21.145031757364464],[106.48377276473738,21.142449207568635],[106.48410845785963,21.136494464901144],[106.4839100930416,21.136298008251348],[106.48296404810921,21.13583643013507],[106.48255206164396,21.135515995169712],[106.48122454629188,21.133387394425988],[106.48444415146338,21.130831546709718],[106.48452044545373,21.13054163001231],[106.48407793965066,21.129231281023788],[106.48379565211556,21.12867815023191],[106.48361254731012,21.128647632901394],[106.48338366540126,21.128704852694156],[106.48299456566053,21.129021472863165],[106.48281908993795,21.129011936191326],[106.48259020799962,21.12893373473082],[106.48214770259905,21.128929919636295],[106.48192645122158,21.128880329288865],[106.48175860375856,21.128783054111462],[106.48145342755049,21.127795048163886],[106.48149157448344,21.12746316891796],[106.48156024001375,21.12723238005209],[106.4818120101592,21.127173252000407],[106.48242999056085,21.1271446422989],[106.48259020785326,21.127045459606077],[106.48264361397231,21.12689477867953],[106.48256732022053,21.12667543426952],[106.48238421421141,21.126433201338685],[106.48204089223545,21.126185245844738],[106.48177386256182,21.12613565427754],[106.48154498054534,21.12613374703669],[106.4814381685439,21.1261909680727],[106.48121691671379,21.12663537990178],[106.48108157784867,21.126649477230785],[106.48097713658342,21.126610312280373],[106.4808825978878,21.126536680663147],[106.4806752303425,21.126280612745607],[106.48054553010942,21.12623674405385],[106.48037005353048,21.126293964257595],[106.4800725081875,21.126608677373927],[106.47990466114265,21.126627749749115],[106.47973681440043,21.12640077590592],[106.4794316388165,21.125565357214366],[106.47929431024755,21.12535745592666],[106.4791417220203,21.12521631196618],[106.47821093535558,21.12502748482676],[106.47769976584422,21.124653644893428],[106.47758532456645,21.124253101347296],[106.47760058371105,21.123562641018584],[106.47753954921396,21.12326509457337],[106.47746325476673,21.12317354197824],[106.47705889660945,21.123036212702484],[106.476898679519,21.123053378685206],[106.4767308323684,21.123131579616633],[106.47666979735925,21.12327081694051],[106.4765858746676,21.123703785352035],[106.47647143347841,21.12382585451154],[106.47596026399953,21.123841114407355],[106.47565508777262,21.123705691645714],[106.47542620627635,21.123526402344837],[106.47530413616411,21.12309534063281],[106.47535754168845,21.122422047143765],[106.47532702410577,21.122317142903864],[106.47525073084738,21.122244662773735],[106.47515154795937,21.122193165071455],[106.4749760718619,21.122219867609207],[106.47439623818806,21.12266618706746],[106.47410632114517,21.12273866686034],[106.47377062811447,21.122702426526814],[106.47337389871248,21.122515507206053],[106.4730229462608,21.12225420019789],[106.47296191215521,21.122036762089007],[106.47301531801506,21.121899432767922],[106.4730916114427,21.12183458308047],[106.47324419992958,21.121792621653295],[106.47396899180771,21.12180597327253],[106.47410632116173,21.121779269520033],[106.47421313282887,21.121743030625094],[106.4743275738308,21.121643848116953],[106.47436572089866,21.121489352690833],[106.47433520256422,21.12137300521014],[106.4742665383348,21.121294804347052],[106.47421037888829,21.121265201638085],[106.4736332986909,21.120961017511412],[106.47345782246778,21.120755023546156],[106.47321368198494,21.11994630816716],[106.47310687031303,21.1190441315769],[106.47304583582749,21.118830508639135],[106.47287798867099,21.118611164145687],[106.47273303004184,21.1185157969482],[106.47228289554681,21.118511981525792],[106.47184802050764,21.11844331652603],[106.47105456361396,21.11796457295029],[106.47087908643566,21.117903537547406],[106.47061205861219,21.117937869722272],[106.47037554677217,21.118208713981954],[106.47015429482079,21.11826784056738],[106.47005511287045,21.118214435733126],[106.46971178952967,21.117880649728143],[106.46946001927355,21.11772043228533],[106.46926928446581,21.1176899151433],[106.46875048518918,21.11778718962439],[106.4685139743563,21.1177814671082],[106.46794177046148,21.117554492928257],[106.4675145234883,21.117564029572772],[106.46703387253659,21.11752206750772],[106.46680920393759,21.117617881751368],[106.466774472803,21.117632693535686],[106.46662951484849,21.11756975154456],[106.46656847964844,21.117592640125224],[106.46630907912851,21.11788065037262],[106.4660801978041,21.117968387610727],[106.46587420439391,21.117943591672187],[106.46550799375954,21.11772996931667],[106.46540881122347,21.117285556828552],[106.46546221609951,21.116822070568592],[106.46542406983473,21.116616076874607],[106.46528674068405,21.116471118661927],[106.46502734128455,21.116427250370577],[106.464737424885,21.1165283392503],[106.46443987704767,21.11654931957605],[106.46387530237314,21.116503543734435],[106.46370745680815,21.11644823126004],[106.46312762227964,21.116068667776556],[106.46270037674881,21.115879841274047],[106.46252489952906,21.115864581953446],[106.46219683561509,21.11591226605715],[106.46175433184145,21.11602479910688],[106.46160174344577,21.115984744691588],[106.46154070847574,21.11589891378596],[106.46156359660829,21.115811176054407],[106.46199847104428,21.11535341282029],[106.46201373076221,21.115242785725464],[106.46194506502744,21.115151234320834],[106.46183825396949,21.11510354966348],[106.46164751922339,21.11510355039313],[106.46076250894366,21.115362948841646],[106.45962573076052,21.115458316697094],[106.45937395994528,21.11557657159153],[106.4592442599968,21.115858860105146],[106.45928240716387,21.116734333081922],[106.4592518894914,21.116947956319443],[106.45915270721342,21.11720926317177],[106.45846606234646,21.11807329247682],[106.45838976865771,21.118281193459865],[106.45834399181092,21.11903268813641],[106.45829058508676,21.119194813265796],[106.45816088647534,21.119324513203882],[106.45787096953478,21.119408436339423],[106.4576344589112,21.119311161386502],[106.45747424012404,21.11916429529851],[106.45713854729684,21.118302174357108],[106.4570241065632,21.118126698313816],[106.4565968601451,21.117737598638655],[106.45587206718153,21.11734087037978],[106.45512438739335,21.117396183602462],[106.45456744185648,21.11768037866024],[106.45426226558307,21.11802942306076],[106.45409441807848,21.118161029871416],[106.45393420175756,21.118187733007222],[106.45351458533334,21.118134327674618],[106.45308733805211,21.11817438170917],[106.45243884063417,21.118367023949762],[106.4521718109376,21.11836702415202],[106.45203448210731,21.118286915320454],[106.45201159431552,21.118147678088185],[106.45256854044167,21.1173465918766],[106.45258379788832,21.117127247671267],[106.45249224592752,21.116942234699508],[106.45235491760407,21.11686975570775],[106.45217181143576,21.116896458082362],[106.4517216769409,21.117161579311606],[106.45100451430028,21.11767084112793],[106.45071459765691,21.117764301049355],[106.45022631579839,21.117842503567513],[106.44978381147446,21.11781580003395],[106.44882250710144,21.117550678741075],[106.44801379127301,21.117260761040356],[106.44771624509416,21.11722070757445],[106.44737292197192,21.11726076112168],[106.44712115204945,21.117413349025973],[106.44664050057304,21.117869206721352],[106.44644213615908,21.117962666896158],[106.4462056255145,21.117968388829787],[106.44587756127191,21.117903538172744],[106.44572497315053,21.117770023383137],[106.44567156706091,21.117665119571498],[106.44571734369114,21.11733324190762],[106.44598437188631,21.11686975574379],[106.44599963158606,21.11663705844794],[106.44592333729295,21.116425343541312],[106.44580126755557,21.116326160071527],[106.44561053237688,21.11629945849871],[106.44538164993348,21.116352863140555],[106.44516802757973,21.11650545151207],[106.44448901083285,21.11735994334407],[106.44422198189191,21.11754495609136],[106.4439931004968,21.117577381252996],[106.44382525325915,21.117525883185422],[106.44374133059938,21.11741907138525],[106.44345904344257,21.11682207145686],[106.4433293427976,21.116717167404822],[106.44311572055811,21.116644688531615],[106.44287157882093,21.11663705824482],[106.44269610329472,21.11669046493671],[106.44245959175782,21.11683542356119],[106.44220019246131,21.117087193588745],[106.44195605237392,21.117174931976045],[106.4416127292292,21.117068119440102],[106.44152117669798,21.11692888345191],[106.44130755304471,21.11614687051794],[106.44102526611893,21.11521989856588],[106.44091845380693,21.114670582805594],[106.4409489725715,21.11437112853942],[106.44104815392926,21.114092655603713],[106.44208575237477,21.112595387440876],[106.44231463274257,21.11206895787614],[106.44240618641265,21.110550709281014],[106.44225359771455,21.10983735999201],[106.44166613501334,21.10934526380512],[106.44043017342044,21.108631916186415],[106.43985033934247,21.10836107364004],[106.43929339281571,21.107870884153968],[106.43913317618542,21.107657261396618],[106.43899584647681,21.10725862564898],[106.43900347614664,21.10692483934969],[106.43912554631493,21.106404133481945],[106.43929339327512,21.10605127340794],[106.44001818631752,21.10496599183929],[106.44081927173755,21.10401994666719],[106.4432759364343,21.10077554665673],[106.44381762389933,21.10022050920571],[106.44542742530382,21.09907800659878],[106.44662524085464,21.098370379970522],[106.44973040509198,21.09663850714214],[106.45013476262402,21.09628564719422],[106.45039416176193,21.095965213249645],[106.45067645003653,21.09523660637783],[106.45072222526505,21.094734973451246],[106.45071459677413,21.09436113343226],[106.4504323087841,21.09359056443287],[106.45001269165769,21.09307748749048],[106.4493184179048,21.092541522145986],[106.44697619283188,21.09111864023544],[106.44664812830638,21.090842074083533],[106.44604540625164,21.090210742277655],[106.44556475448242,21.08955842949382],[106.44518328507503,21.0887554352086],[106.44500017892443,21.088114566257858],[106.4443364220249,21.084498233268032],[106.44413042857472,21.083910769295763],[106.44383288227078,21.08324701241216],[106.44346667094754,21.082669084931233],[106.44277239650616,21.08185655461701],[106.44136095802173,21.080712145869036],[106.44094897082017,21.080263918993964],[106.44074297756818,21.079941577337337],[106.44063616607795,21.079653566817523],[106.44061327725535,21.079300708025784],[106.44065905408684,21.078980272511615],[106.44127703478806,21.077738588677978],[106.44161272793696,21.077364749218006],[106.4421544151017,21.077000444728135],[106.44297075980158,21.076647586017614],[106.44497729146741,21.07608110305063],[106.44553423736541,21.075867479889748],[106.44599200090539,21.07555658167971],[106.44636584097165,21.075150316586594],[106.44663286991711,21.07460481478934],[106.44683123360836,21.073834246965536],[106.44689226861782,21.07307512133583],[106.4468846395814,21.071150606447418],[106.44694567442056,21.070753878627542],[106.44712115042375,21.07030565144052],[106.44731951516249,21.069994753547128],[106.44768572566471,21.069739168467063],[106.44828081853434,21.06952363857679],[106.44908190464716,21.069470231974066],[106.45066118974071,21.069620912611192],[106.45219469804735,21.06982309168997],[106.45401812353289,21.069920366593347],[106.45455981073374,21.069760149289223],[106.45487261585926,21.069546526465267],[106.45511675561939,21.06921464716287],[106.45525408469682,21.06887132460361],[106.45534563765655,21.06818658613448],[106.45529986207681,21.067202394497027],[106.45513201444362,21.066315477350287],[106.45514727380824,21.06585580598997],[106.45519305014994,21.065659349167046],[106.45552874407565,21.065411393813044],[106.45603991323405,21.065209215196916],[106.45723772787571,21.064946000807144],[106.45842028408305,21.064925020001255],[106.46528673867111,21.066290682207576],[106.46735430453461,21.066693131803152],[106.46960497735304,21.06727868814009],[106.47108456560525,21.067943248753338],[106.47365618551635,21.06909829849164],[106.4754109463837,21.069552247313645],[106.47673083152131,21.069529359953183],[106.48076678100423,21.069048707235872],[106.48487139517746,21.068459336134904],[106.48642016183317,21.068184678389652],[106.48728228454021,21.067906205484185],[106.48880816306267,21.067133729377293],[106.4954991418855,21.06310540899208],[106.49858141726358,21.06069833474227],[106.49964190279385,21.058831039759397],[106.49980975003672,21.057453934289832],[106.50033617765969,21.05720407123174],[106.50358630023867,21.056467834403154],[106.50389910499023,21.05646592702262],[106.5041585042787,21.056580368609175],[106.50431801199562,21.05669257532633],[106.50559283084257,21.05758935549935],[106.50587511801976,21.057741943551918],[106.50633288242145,21.057917419048632],[106.5087971764735,21.05860787911856],[106.50922442203559,21.058680359169447],[106.50977373865166,21.0587452089787],[106.51051379024545,21.058733764235825],[106.51081896593537,21.058682266332312],[106.51184130533166,21.058148208453506],[106.51210070419556,21.058070007232562],[106.51246691558718,21.058079543912],[106.51284838548696,21.058173004585594],[106.51364184196781,21.058583083905493],[106.51500750309505,21.059346023511406],[106.51599932536392,21.059969726028143],[106.51638842397416,21.060101333642834],[106.51667071136445,21.060147109802642],[106.5171361047565,21.06006700081172],[106.51743365108032,21.059878173893864],[106.51760117995366,21.059579594566987],[106.51771593796012,21.059264007332402],[106.51770830887428,21.059008423000336],[106.51734209848978,21.057600799244558],[106.51670885774178,21.056084457442985],[106.51663256399071,21.055805984237168],[106.51664019449987,21.0553463125622],[106.51672411716926,21.055113617280806],[106.51688433365771,21.054835144113365],[106.51710558737611,21.054638686785555],[106.5179371911614,21.054352584826706],[106.51934099965327,21.053990187514238],[106.51963854561595,21.05382043413319],[106.51973772836233,21.05369073511612],[106.51976061630795,21.0535553129544],[106.5197148397972,21.05337411454778],[106.51958514032997,21.053192916960622],[106.51798296727134,21.05241090389129],[106.51751757352551,21.05201608287959],[106.51719713990393,21.05164033526194],[106.51706743967334,21.051403823500937],[106.51652575272011,21.050019088513455],[106.51609087663653,21.04911309760993],[106.51528979057716,21.04791718994154],[106.51506853858197,21.04749375830498],[106.51493120890909,21.04706079069057],[106.51494646805179,21.046719375101308],[106.51512957341076,21.04646569803353],[106.51541949073022,21.046299758409248],[106.51581621870612,21.04614526326167],[106.51626635414789,21.046067061778484],[106.51673174687167,21.046067061672083],[106.51718188100048,21.046166243555568],[106.51748705677461,21.0464294574242],[106.5179143023736,21.046982589484937],[106.5180592606719,21.047209563238564],[106.51872301840669,21.047823729188],[106.51926470611012,21.048046889625375],[106.51973772807298,21.048128905171588],[106.52020312067589,21.048075499955104],[106.52069903167957,21.047863784776723],[106.52118731302265,21.04746705598717],[106.52270556283955,21.046011748789073],[106.52308703142371,21.045851530999595],[106.52339220802416,21.045834365623538],[106.5236516066496,21.045910659513787],[106.52387286010418,21.04610139448847],[106.52396441261517,21.046372237698087],[106.52399492983221,21.04918176288947],[106.52411700076941,21.049629988710354],[106.52436114124805,21.050020995731725],[106.52462816992923,21.050253691747418],[106.52497912236232,21.050350966153946],[106.52535296231072,21.050347152406665],[106.52577257909395,21.05022889637781],[106.52622271340952,21.049946608764348],[106.52681780571123,21.049328627511983],[106.52742815806137,21.048588576028358],[106.52779436888021,21.048376860199255],[106.52830553842594,21.04823762416664],[106.52970934729268,21.04812509030229],[106.53002978122646,21.048065963732757],[106.5312352255997,21.04757005233751],[106.53208208822234,21.047411742326958],[106.53260088682147,21.047400297938378],[106.53311968589144,21.04748040692068],[106.53364611403059,21.047747434958954],[106.53461504672619,21.048279586540776],[106.53556872213206,21.048743070808275],[106.53630877352573,21.049320998268275],[106.53656817205692,21.049610915471288],[106.53717089542354,21.050761046650226],[106.5374760698889,21.05212480074221],[106.54045153415606,21.05277329904761],[106.54358721500252,21.05414849681803],[106.5446705896012,21.05444604408645],[106.5460057331616,21.054602446164886],[106.547142513039,21.05446321046113],[106.55040026558038,21.05372506572417],[106.5529942591662,21.05286485155384],[106.55457354304151,21.052685560695284],[106.55568743540881,21.052925886739374],[106.55667162743025,21.053679289494116],[106.55880022851522,21.055699172068355],[106.5595555388491,21.05601960579813],[106.56069231820615,21.056391538623352],[106.56143236954543,21.05644875947199],[106.56245470875163,21.056107344146746],[106.56388140569544,21.05542260618208],[106.56475878514154,21.05490952858213],[106.56598711821056,21.053656400408094],[106.56673479845401,21.05329591227096],[106.5676274384187,21.053105177808078],[106.56845904285723,21.05311662120438],[106.56930590471246,21.053606809804137],[106.57099963059383,21.055167021838674],[106.57212115120942,21.05634576267853],[106.57300616159347,21.056858839830408],[106.57409716494172,21.057131590727938],[106.57502795073768,21.057261289204575],[106.57613421223553,21.057045759747858],[106.5773015108516,21.05628663470683],[106.58143664224488,21.052666486672543],[106.58550310982946,21.050093472926246],[106.5867009246324,21.049139798593714],[106.58864641945074,21.04752046011663],[106.59022570440314,21.045784772902753],[106.59190417144356,21.044182599270776],[106.59622240807244,21.04062348661016],[106.60231066507592,21.03850632939643],[106.60547686430532,21.035107433760288],[106.60750628351154,21.032707988924358],[106.6090321619099,21.029761135819726],[106.60928393207047,21.02808457569258],[106.60901690334639,21.025343715413918],[106.6094288896694,21.02334481450007],[106.61070299940043,21.02112656787092],[106.61135912660954,21.020453272910466],[106.6123890952121,21.0201385607279],[106.61448717928555,21.02006608174174],[106.61573839931935,21.01980095962536],[106.61803484695308,21.01801758862868],[106.61988116071227,21.016089259242452],[106.62352038229774,21.012118159409273],[106.6239094804073,21.01193886881735],[106.62545061874965,21.01148110446648],[106.62685442696097,21.0113094435781],[106.62940264519125,21.011244592846754],[106.63423205147045,21.011429606115286],[106.6357121543682,21.01167183876595],[106.63706255715381,21.012015162215143],[106.6388096875932,21.01265793932331],[106.64048815536803,21.01357155927887],[106.64202166369854,21.01480752046537],[106.64277697443755,21.015774546132434],[106.6435628016274,21.017039117804654],[106.64498186938958,21.01844292704433],[106.64707232339937,21.019337473379974],[106.65013171000757,21.019476710164863],[106.65309954442192,21.01902466763709],[106.65605212055708,21.018074808730415],[106.65835619701629,21.017247018375606],[106.66674090208754,21.013754663666766],[106.67446947954825,21.010956583116787],[106.67703295574607,21.01008301719983],[106.67813921727169,21.009497460626203],[106.68022204260112,21.008290108872963],[106.68223620256785,21.00701981460723],[106.68487597316737,21.005764779177092],[106.68602038211202,21.005430993436523],[106.69573260134335,21.00309449153053],[106.70871783080125,20.999110038630782],[106.71540118024242,20.998173530367406],[106.71859026739584,20.99751549502934],[106.72369433254707,20.996712501208457],[106.72605181568436,20.996863182000535],[106.72990465930688,20.99757080830315],[106.73545885842385,20.99882965825578],[106.7402577481802,20.999039466264755],[106.7474370083027,20.997519308406606],[106.75209856849806,20.995421224996694],[106.7567753874247,20.99176674518434],[106.75890398823348,20.98909264240932],[106.76226292449773,20.984392567412787],[106.76573992541884,20.979527288027487],[106.7674412797804,20.976357274272203],[106.76813923682133,20.973738976048605],[106.76882983029763,20.97114830530429],[106.76940203441983,20.965513996482166],[106.7695927692674,20.958140187735857],[106.76919604017718,20.95021896804089],[106.76908159955309,20.942858508622162],[106.77027178480432,20.93523865134516],[106.77115679418175,20.929938129146183],[106.77168322225073,20.924248507621854],[106.7714314528307,20.91740875517349],[106.77137804615963,20.915053179149837],[106.7710728704665,20.913592150332374],[106.76929522151053,20.909020234800153],[106.76780748896938,20.905342867116783],[106.76600695174305,20.901356507618946],[106.76148272084062,20.89659958126076],[106.7564702081186,20.89118461743732],[106.75486040592759,20.887984086613603],[106.75309038625679,20.882860948438505],[106.75272417485972,20.878987123027997],[106.75743914054719,20.86406784203233],[106.76327562731079,20.85313682563848],[106.76559496326388,20.84968833899108],[106.76890553988257,20.846188526915626],[106.77166796142096,20.843268203599635],[106.7807850867026,20.835943983449322],[106.78874254556521,20.832016752368077],[106.7980427784207,20.831188963086454],[106.80827379628664,20.831085966156177],[106.81664324214219,20.829018399771776],[106.82457781194209,20.823258206462707],[106.83313799313211,20.811985775073005],[106.84471941333193,20.819351955478947],[106.87052202718964,20.83238486903355],[106.8736119318094,20.83381919509291],[106.87441301775108,20.83244018257007],[106.87493181719137,20.83184508933232],[106.87516832768333,20.83056525775811],[106.87548876326017,20.8294151273712],[106.87532091610247,20.829008860998556],[106.87478685745309,20.828715130168703],[106.87450457054189,20.828394694882924],[106.87358141385003,20.828160091175167],[106.87359667249173,20.82792739479195],[106.87336016220453,20.827618404117096],[106.87319231479306,20.82695464710713],[106.87305498618124,20.8268306691049],[106.87331438443721,20.82662276821127],[106.87349749112198,20.82674483913552],[106.8735737851992,20.827040478006566],[106.87377214909112,20.827507777765778],[106.87415361897007,20.827631756030375],[106.87458086492583,20.82749633368061],[106.87464189952051,20.827200694657336],[106.8745427177236,20.826769633967317],[106.87453508740994,20.825810237850874],[106.87465715862027,20.826819224699594],[106.87477922868362,20.82734756072772],[106.87485552319889,20.827975078650997],[106.87587023189057,20.827275081835946],[106.87645006583261,20.82702903379069],[106.87668657757273,20.82681922455453],[106.8765492475967,20.825896067551476],[106.87706804642178,20.826376719992307],[106.87738848189585,20.826277538085694],[106.87815142063398,20.825735850867304],[106.87818956796316,20.825588984956728],[106.87815905090969,20.825390620792888],[106.87920427768488,20.8252685505729],[106.88201189484691,20.823546214971383],[106.88246965845987,20.823004527867976],[106.88323259724066,20.82150153671338],[106.88404894308569,20.82059173149542],[106.88482714153572,20.81892470791841],[106.88520861025783,20.81878547188055],[106.8862309499496,20.817961496984935],[106.88674974816502,20.817593379496838],[106.88812303924719,20.817103190466085],[106.8889927904107,20.816735071899647],[106.88946581260552,20.81620864370186],[106.89050341022919,20.815789027154718],[106.89150286179793,20.815069957392495],[106.89222002458087,20.814123911935386],[106.89295244624687,20.812828822169084],[106.8936543509392,20.81182937116525],[106.89504290071578,20.81041030384944],[106.89530992961178,20.81000403880893],[106.89530992961453,20.80940513084351],[106.8954319994711,20.809136194291888],[106.89608812781583,20.808619303789033],[106.89999437776886,20.80636290978683],[106.9013829277461,20.805784983759207],[106.90173387981734,20.80542640125147],[106.90200853758479,20.805357736696074],[106.90280199430906,20.805611414213114],[106.90324449902714,20.80565337537959],[106.90372515105717,20.805601876920925],[106.9043355028677,20.80518989048436],[106.90444994326089,20.804905695119665],[106.9045186082853,20.80438689608056],[106.9044728318153,20.802788538189176],[106.90438890861223,20.802124780432425],[106.90421343219276,20.80156211290008],[106.90393114452206,20.80111579330989],[106.90352678701404,20.80070380564801],[106.9019551310206,20.79955939747548],[106.90019274086046,20.798718255818155],[106.8958897628361,20.797102732547025],[106.8941960374724,20.79656676752453],[106.89239549955879,20.795729441072318],[106.89176226015087,20.79532699016669],[106.89025926892917,20.7945793087629],[106.88875627861226,20.794129175025294],[106.88613176688065,20.793423456527204],[106.88332415030219,20.79333381170952],[106.8820805588527,20.793438715644157],[106.88140154229987,20.794052881082695],[106.88118791873411,20.794892114301618],[106.88107347807622,20.795069498591463],[106.88078356126513,20.79529838023538],[106.87937212310746,20.795836252695675],[106.8791050949142,20.795834345865025],[106.87792253820615,20.79556731628207],[106.87773943272003,20.795475763406326],[106.87761736262877,20.7953269906112],[106.87754869812485,20.79490737388565],[106.87749529183105,20.794817728513763],[106.87728166908946,20.794792932410395],[106.87703752911497,20.7950008332229],[106.87678575894536,20.795069498739423],[106.87655687671189,20.795054239356872],[106.87480211557245,20.794365686532],[106.87382555370053,20.79388884959927],[106.87329149593693,20.793553156700302],[106.87142992417434,20.792992395513817],[106.86946154006337,20.792279047223733],[106.86457109745696,20.79143218460302],[106.86035204284136,20.790293497290786],[106.85965776726668,20.790203852528318],[106.85897875110358,20.790238185063217],[106.85485124816816,20.790877147080604],[106.85208940810489,20.79073218773855],[106.8227009797082,20.791174693902857],[106.77891588517319,20.7947929351995],[106.7771458650428,20.794977948489443],[106.76998186385933,20.795523450620774],[106.76844072531728,20.793547437487604],[106.76626634904153,20.791434094170032],[106.76426744652505,20.788895412915302],[106.76317644293161,20.784695431864584],[106.76345110148229,20.78170089373666],[106.76348161918882,20.77941589054119],[106.7634053254658,20.77897910743807],[106.76313066638541,20.778616712105098],[106.76247453806018,20.77819327961931],[106.76097154810547,20.77758292836286],[106.76094865973187,20.77605704956636],[106.76091814159528,20.774523540781995],[106.76458788134345,20.77313308356272],[106.7698750507172,20.771240993311793],[106.7721562403659,20.769074245554304],[106.77546739627675,20.75691108274247],[106.77592516019524,20.75466041143797],[106.77742815172441,20.750710292574713],[106.78052568491968,20.746132655262773],[106.78087663685724,20.74561576349807],[106.78262376823356,20.742293161848824],[106.78350114925193,20.74076346866793],[106.78508806292227,20.735918802007422],[106.78534746233171,20.734911722179664],[106.78572130302999,20.733757775810307],[106.7861256603832,20.732968134264237],[106.78742265798637,20.729885858171752],[106.78771257503637,20.729256432623927],[106.78850603189632,20.727177423250083],[106.78943681795478,20.72496108360952],[106.79014635063238,20.72403792626609],[106.79229021091794,20.722277444246593],[106.79276323379213,20.721995156681093],[106.79338121446574,20.721884530866983],[106.79548692741835,20.721251290114925],[106.79696703014488,20.721106332006464],[106.79766130522184,20.721249383762334],[106.79953813618539,20.722052376988966],[106.80049943970317,20.722838204796158],[106.80068254453839,20.72287444464296],[106.80091905565936,20.72285346300374],[106.8012166024077,20.722660821263727],[106.80133867263635,20.722489158899574],[106.80137681991518,20.722271722317984],[106.80129289723777,20.72210006025022],[106.80104875532936,20.72189025234347],[106.80101823856778,20.721775811175743],[106.80142259686302,20.720804971271562],[106.80159807304405,20.720646661601446],[106.8017811782148,20.72040633502744],[106.80181932513328,20.720177452837863],[106.80179643712655,20.72005156843904],[106.80166673685235,20.71990279545805],[106.80150651948124,20.719797889974938],[106.80104875592353,20.719668191321276],[106.80064439801788,20.71916274333498],[106.79983568196998,20.71827391875164],[106.79907274310231,20.716950219138553],[106.79884386097613,20.71638755112296],[106.79869890284176,20.715893548510888],[106.79866838486147,20.715115349763806],[106.79886674812364,20.713787834712786],[106.79814958566205,20.712631981715464],[106.7975773813422,20.71210555277787],[106.79706621134001,20.71154097814519],[106.79659318937897,20.710942070868814],[106.79633378920587,20.71039084706923],[106.79593706122027,20.709952156739206],[106.79583787941561,20.709732812083313],[106.79538011575046,20.709042351479138],[106.79525041532442,20.708653251861744],[106.79483842787302,20.70827178322047],[106.79400682405371,20.707089227220386],[106.79378557242646,20.706827919926475],[106.79348802484407,20.706780236208946],[106.79338121388024,20.706644814081788],[106.79295396845178,20.705885690156578],[106.79264116239621,20.705418388387077],[106.79260301554964,20.70524481990074],[106.79269456865342,20.70488814569888],[106.7926716802923,20.70483283317049],[106.79260301478459,20.704752723633618],[106.7921986579662,20.704594413396844],[106.79202318079702,20.70432929310117],[106.79196214662971,20.70407943006918],[106.79196977597326,20.703898232218556],[106.79206895836921,20.703673164859584],[106.79187822355574,20.703192512820035],[106.79167222948229,20.703043740186697],[106.79140520102042,20.701992790404795],[106.79126024160621,20.701462547735918],[106.79126024168329,20.70131186686919],[106.79136705421742,20.70113829849007],[106.79170274715119,20.70092086035547],[106.79247331603098,20.700667183959656],[106.79306077933106,20.70039061747502],[106.79331254915573,20.700096885909044],[106.79339647240114,20.69972304583542],[106.79333543730964,20.699454109968766],[106.79292345043132,20.699013511634345],[106.79289293214104,20.698887626407217],[106.7929310786254,20.698206703683436],[106.79308366691117,20.69749144764505],[106.79351091263074,20.696867744274122],[106.79374742531577,20.69660453036851],[106.7939076418369,20.69651107016409],[106.79398393574499,20.696530143458677],[106.79408311794518,20.69662932603805],[106.79421281750157,20.696640770305628],[106.79427385281181,20.696619789813294],[106.79436540553459,20.696490089316],[106.79447984730827,20.69643668374932],[106.79460191695348,20.696408073004832],[106.79475450494581,20.696430961815498],[106.79486131638242,20.696501533453254],[106.79506730972086,20.69681052407073],[106.79560136806631,20.69694594573518],[106.79589128407963,20.69694785363704],[106.79653215386678,20.69682196841804],[106.79702043455495,20.69657973488961],[106.79785203900249,20.696011345470467],[106.79814195578318,20.695671836942346],[106.7982182499968,20.695467750029557],[106.79827928515047,20.69461516506942],[106.798500537041,20.693781654580913],[106.79850816679536,20.693497459254413],[106.79845476103641,20.69329146546236],[106.79834794966986,20.69305304693579],[106.79804277372564,20.69270209499541],[106.79748582799483,20.69249037946853],[106.79731035164112,20.692354956796727],[106.79689836488116,20.691811362776672],[106.79620408938268,20.690285483817366],[106.79570817915774,20.6885993880967],[106.79554796191458,20.687750617666108],[106.79554796180761,20.686352531058425],[106.79563188455168,20.685787955678325],[106.79586839594245,20.684897223919133],[106.79607438964484,20.684366981182922],[106.79621934748897,20.684189598211297],[106.79657030043255,20.68401984384934],[106.79750871551262,20.683850089616335],[106.79845476103952,20.683447638828255],[106.79915666473646,20.683222571669937],[106.79959916937945,20.68322257168468],[106.80036973888676,20.683365622591428],[106.80034685040428,20.683445731937795],[106.80114793691685,20.683588782981946],[106.80120134261205,20.683359900259077],[106.80188798867435,20.683491507507735],[106.80186509930165,20.6837203893167],[106.80193376440886,20.683743277704945],[106.802116869265,20.682993689483194],[106.80218553430319,20.682913581378234],[106.80282640368225,20.682625571176025],[106.80294847392769,20.68253211127369],[106.80304765639872,20.682385245797324],[106.8032383906696,20.68185881709404],[106.80375718945339,20.681114951457893],[106.80404710660088,20.680327216811996],[106.80423021224973,20.68000487469206],[106.80439042909795,20.679882804213932],[106.80468797536702,20.679739752570384],[106.8050618163613,20.679413596061647],[106.80532121592337,20.679304877755914],[106.80576372065195,20.67927054559146],[106.80604600876914,20.679190436278386],[106.80690050053003,20.678767005145176],[106.8069539062174,20.67858199186578],[106.80686998258349,20.678246298110054],[106.8068165766424,20.677696982005774],[106.80683183577848,20.67745284148771],[106.80692338891619,20.67726019880972],[106.80720567665881,20.676899709846957],[106.80751848117876,20.676657477295848],[106.80852556126662,20.676077643006522],[106.80871629611187,20.67586592692895],[106.80875444365685,20.675717154422344],[106.8087315545659,20.675574102882276],[106.80864000205239,20.675436773950636],[106.8078923219,20.674723426544553],[106.80636644267351,20.6740672978314],[106.80562639178238,20.673546591519628],[106.80496263445251,20.673428336132172],[106.80476426956096,20.673428335839205],[106.8038868889116,20.673619070868007],[106.80360460114873,20.67371825318546],[106.8031392081615,20.674017707421164],[106.80275010974937,20.67409781543513],[106.80241441636205,20.67424849639641],[106.80226182860073,20.67446402660264],[106.8021397587661,20.67472914852131],[106.80199479931457,20.67529563006529],[106.80178880548908,20.67579535500416],[106.80165910686905,20.676268378582364],[106.80154466577494,20.676398078575538],[106.80104112546584,20.67675665894886],[106.8010258661434,20.67687873048791],[106.80117082553403,20.676918784037795],[106.80175828829613,20.67649916766418],[106.80190324635778,20.676422873683354],[106.80207872267674,20.67642287319863],[106.80239152817462,20.67669753151316],[106.80335283167719,20.67690161845759],[106.80352067864484,20.676974097419627],[106.80364274836053,20.677084723339973],[106.80394029568231,20.67720679320085],[106.80411577172453,20.677494803589738],[106.80411577147967,20.67782477455243],[106.80394792469923,20.678591529195128],[106.8037419304885,20.67893675933874],[106.80286455074103,20.679846564894667],[106.80227708750408,20.68037299235237],[106.8020024298106,20.680491248781184],[106.80152177756739,20.680481711861532],[106.8012394898323,20.680594245709624],[106.80064439700124,20.680928031264994],[106.800125597991,20.68142584923003],[106.79982805161364,20.681631842917096],[106.79899644717439,20.681744376289558],[106.79847764827886,20.68173102489643],[106.79834031949649,20.681692877394177],[106.79786729788222,20.68137625890648],[106.79765367442495,20.681286612582657],[106.79725694536648,20.681397238872325],[106.79690599390881,20.68143538575911],[106.7964100823846,20.681580344984642],[106.79599809527977,20.681824486125436],[106.79536485550474,20.682432929895974],[106.79505205025669,20.682848731627402],[106.794472216126,20.683491507661852],[106.79418229980294,20.68405036079114],[106.79387712357313,20.684389869229605],[106.79352617199355,20.684954445305802],[106.79301500273355,20.68621329481761],[106.79243516900463,20.686926642853948],[106.7922673219588,20.68724898499096],[106.79225969304765,20.687514106502704],[106.79220628649476,20.687701027027515],[106.79224443398569,20.68788031709478],[106.79287004381813,20.688872139372315],[106.79299211510266,20.689142981666276],[106.79317521936653,20.689766685394247],[106.79369401857538,20.690865318338325],[106.79373979435702,20.6912811205109],[106.79371690655087,20.691561500231415],[106.79309129692524,20.692541876807685],[106.7930226319175,20.6934268876733],[106.79293107901893,20.69378546891626],[106.79272508552752,20.69400290709023],[106.79249620348695,20.694117347027255],[106.791306018009,20.69454650106072],[106.79079484932593,20.694666664190624],[106.78868913568294,20.69489363813032],[106.78747606186361,20.6948192528874],[106.78727006886778,20.69485167783378],[106.78710222153742,20.69490699075608],[106.78696489319847,20.695072929292227],[106.78691148691622,20.695238868404207],[106.78691148705619,20.695622246443158],[106.78682756425869,20.695689003511493],[106.78644609344984,20.695841591849646],[106.78569078382462,20.695862571394574],[106.78540086686368,20.69603804821614],[106.78507280323662,20.69608763924285],[106.78490495602612,20.69620398777292],[106.78484392110015,20.69630698442248],[106.78476762663261,20.697062294689992],[106.78481340358361,20.69745711529419],[106.78488206747811,20.69758490735732],[106.78498887949736,20.69775084790689],[106.78583574272601,20.698471824309152],[106.78651475875627,20.698859017025182],[106.78663682889615,20.699032585314075],[106.78665971682913,20.69916991455906],[106.78661394090683,20.699440757903336],[106.78620195267219,20.700236122871235],[106.78600358932734,20.700739663176172],[106.78592729545792,20.700890342513027],[106.78570604318845,20.70111922437665],[106.78513383769946,20.7014663631455],[106.782982348763,20.70198516164719],[106.7824330333482,20.702048104091485],[106.7817234986105,20.702559273869454],[106.78119707107149,20.702877800836976],[106.78070115968595,20.70309905306661],[106.7799763682201,20.703242103928336],[106.7793889036968,20.703438561124457],[106.77912950524437,20.703482429982557],[106.77862596512297,20.703511040128195],[106.77792406043622,20.703480523221902],[106.77735948471094,20.703400414018294],[106.77687120440669,20.70319632827912],[106.77669572800032,20.70294074283039],[106.7763905521247,20.702734750126545],[106.7759175301541,20.70260886528284],[106.77565812951994,20.70264510393278],[106.77529954852432,20.702841561407446],[106.77345323500329,20.70447234392503],[106.7731556892119,20.70480040835736],[106.77307939531,20.705021660964807],[106.77312517103213,20.705328744761854],[106.77318620641219,20.705467980142448],[106.77381181733081,20.706129830648344],[106.7739338871774,20.70639113692669],[106.77387285160047,20.707047265215888],[106.77394151642929,20.707672875568576],[106.77384996433216,20.708021920866297],[106.77344560638875,20.708382409815645],[106.77312517110002,20.708517831738188],[106.77207231482092,20.708767693176494],[106.7709126466951,20.70917586670009],[106.77067613577982,20.70917968145025],[106.76992845512646,20.70952491162029],[106.76956987303339,20.70999984138591],[106.76892900372272,20.711285393311474],[106.76886033992794,20.711605828627032],[106.7688374510547,20.71196059537562],[106.76873064007991,20.71228484488667],[106.76828050650418,20.713164132783596],[106.76795244210149,20.713581841506006],[106.7676701542623,20.714146417189756],[106.7676701537677,20.714646142643467],[106.76754045392113,20.714987557910092],[106.7674794190787,20.714981835511036],[106.76742601388851,20.715052408150076],[106.76738023745946,20.71503524205224],[106.76733446104024,20.715018075941796],[106.76734971977322,20.714951319088275],[106.76728105494949,20.714909356653333],[106.76734208998279,20.71472243673585],[106.76710557893372,20.714625162104145],[106.76700639704724,20.7147930091312],[106.76083421679778,20.712107461631376],[106.75932359730065,20.711483758791076],[106.75568437464949,20.709851068205047],[106.75045061088274,20.70742682831086],[106.74298906266496,20.704380792430843],[106.74162340059793,20.70339660113679],[106.73743486379637,20.700676720732286],[106.73731279266264,20.700453561868112],[106.73661088872667,20.70004729637232],[106.73472642805123,20.698820870986246],[106.73422288809562,20.698609155443762],[106.73299455530497,20.69779662510987],[106.73294114901176,20.697758477615558],[106.73293352031195,20.69746856117032],[106.73284196713789,20.697237772050606],[106.73254442149961,20.696903985839914],[106.73227739266495,20.69671134428251],[106.72911882279098,20.69513968799655],[106.72805070740577,20.693772119270225],[106.72695207531682,20.692774576415985],[106.72649431080526,20.692213815699436],[106.72609758177272,20.691872399798307],[106.72560167205317,20.6915462428193],[106.72466325596746,20.690726083666604],[106.72396898115187,20.69029311475299],[106.72315263556936,20.690085214088764],[106.72300004759023,20.689987939690766],[106.72248124922723,20.689453881842507],[106.72205400296222,20.689291757171286],[106.72097062939554,20.688601297222313],[106.72042131328081,20.68832663867568],[106.7203526480148,20.68822173464906],[106.72035264774863,20.688008112042397],[106.720306872022,20.68790129972359],[106.72020768960002,20.687821192288208],[106.71832322930472,20.686877054011244],[106.71752977167807,20.686541361239716],[106.71682786738317,20.686295312722667],[106.70774888724726,20.68561629759173],[106.70752000680025,20.67944030227493],[106.70736741802193,20.66977767330754],[106.70831346297327,20.667673867781698],[106.70838975702542,20.663069527410933],[106.70130204888589,20.64854315971102],[106.69825792027834,20.643282693013692],[106.69456529293272,20.637926857841144],[106.69022416663752,20.63257292907367],[106.67004441841493,20.620466987731277],[106.66015672245658,20.61447982019691],[106.65661668309676,20.612433235211032],[106.65065812588469,20.618094246529605],[106.64234971646741,20.624254983428642],[106.63474320945409,20.627556603923193],[106.63291215535847,20.627859872310623],[106.63062333580737,20.627707284792695],[106.62664079156853,20.62662772457902],[106.62285661300506,20.625345987082763],[106.6196522669246,20.625092309592826],[106.61673020863742,20.625378412349203],[106.61178636130457,20.627100748230575],[106.60871171523705,20.629109186078004],[106.60655259621912,20.631201547121602],[106.60269212358244,20.638052744927517],[106.60139512606301,20.639603419090555],[106.59865617299045,20.63874892744151],[106.5938038778104,20.636858744402524],[106.59162950082737,20.635285181991318],[106.59000443995859,20.63337974082315],[106.5876622157764,20.629801555247294],[106.58702897595512,20.628926082187103],[106.5860753007847,20.62782554065127],[106.58487748648419,20.62700728910278],[106.58359574749059,20.626398844816368],[106.57957505685509,20.625004573183645],[106.57650804091146,20.62368850236504],[106.57415055747023,20.62250785317084],[106.57122086961981,20.620789331941104],[106.56945085064312,20.61987952721019],[106.56845139958423,20.619679254965256],[106.56765794211971,20.619581980985377],[106.5668568559077,20.61968306994688],[106.56629228062896,20.619877620161763],[106.56568192954259,20.620205684463496],[106.56474351289198,20.620995326635533],[106.56389665146573,20.62204627540285],[106.56253098908425,20.62394217995924],[106.56161546269368,20.625036998445946]]],[[[106.93404436658165,20.82260779691776],[106.93424272985773,20.82255439209897],[106.93457842328597,20.822548670146876],[106.93484545217552,20.82244948791608],[106.93495989361523,20.822291178347374],[106.9349751524964,20.82218055092495],[106.93474627026164,20.821505350030982],[106.93471575203634,20.821057122963822],[106.93475389919612,20.82079581574996],[106.93502855808092,20.820433420032955],[106.93674517080893,20.818793100097487],[106.93733263474743,20.817898553694608],[106.93608141446201,20.81755713780255],[106.93530321593259,20.8175304349119],[106.93479204608859,20.817337793233577],[106.93412828871023,20.81665305507131],[106.93354082572756,20.815645974561125],[106.93359423071499,20.814942163159603],[106.9346242001448,20.812830727980717],[106.93466234665178,20.81185988778017],[106.93450975883894,20.810948174454754],[106.93388414766193,20.809881966361868],[106.93277788629854,20.809254449259],[106.93106890172649,20.808209222387497],[106.93038225612204,20.807410044097445],[106.93022966809352,20.807143014240012],[106.9302067796642,20.806820672824234],[106.93029070397064,20.80547789876783],[106.93037462715935,20.80514220582225],[106.93048143761632,20.80407409087369],[106.93064928456367,20.803282540168468],[106.93062639702184,20.80204657857081],[106.92977190496333,20.800829690491444],[106.92844438976388,20.799973290030742],[106.92684984658185,20.799734872045985],[106.92392778841263,20.800078194927302],[106.92194414514518,20.801028054187046],[106.92073107149999,20.803728860566032],[106.91981554503533,20.80707625781365],[106.9180378958885,20.809872431418825],[106.91667986340866,20.81210784353334],[106.91541338374243,20.8143814033699],[106.91468859144415,20.815085214571454],[106.91413164610273,20.81629256668236],[106.91426897501515,20.817261499419864],[106.91460466810256,20.817471308617563],[106.91451311552353,20.817614359644626],[106.91342211212445,20.81828956053531],[106.91349077661074,20.8183944645217],[106.9140019456715,20.8182037298498],[106.91464281448083,20.817898554453112],[106.91477251465187,20.817917627147786],[106.91467333287811,20.818060678612365],[106.91465807413076,20.818203729796462],[106.91481066216144,20.818260950659557],[106.9154286426874,20.818136972260145],[106.91577959516925,20.817974848520443],[106.91572618894418,20.81786612969511],[106.91565752458634,20.817841333854137],[106.91552019608488,20.817898554403083],[106.91564989463977,20.817463678387337],[106.9159627013163,20.81773261421865],[106.91587877696112,20.81777076162802],[106.91584062964844,20.817854685864994],[106.91592455431908,20.817873758284172],[106.91607714168164,20.81780890836651],[106.91641283524287,20.818077844780348],[106.91671038103365,20.81856994027784],[106.91671038066802,20.818653864274978],[106.91666460543392,20.81871108491342],[106.9161763237755,20.818730158658166],[106.91583300118504,20.818594736942376],[106.91572618915986,20.818634790300496],[106.91561937751051,20.81875495349745],[106.91507769093798,20.81880645270411],[106.91494799080024,20.81890944814518],[106.9150090259986,20.81901053861709],[106.91576433617806,20.819630426868194],[106.91719103316461,20.821362300023132],[106.91741228606823,20.82153586839754],[106.91735124979705,20.821663660707124],[106.91777849719618,20.822346491607156],[106.91789293726991,20.82244185848125],[106.91800737822227,20.822436136494826],[106.91848803053061,20.822136682282164],[106.91879320651857,20.822020334597013],[106.91896105302055,20.82182197091106],[106.91908312310566,20.821759027937166],[106.919151788252,20.821821970593447],[106.91915178825393,20.821976465874773],[106.91879320595717,20.82216147825912],[106.9187169118054,20.822384638327506],[106.9184269954991,20.822481912497533],[106.91815996588166,20.82244948872205],[106.91800737859538,20.822550577803437],[106.91796923149357,20.822628779048973],[106.91819811330761,20.823040766798325],[106.91918993528601,20.824133676907316],[106.92046404286529,20.824925226284034],[106.92210436345887,20.82556418909825],[106.92460680494328,20.825718683455182],[106.92704058131044,20.825974268518245],[106.92952013542148,20.826714319920157],[106.93043566276684,20.827301782777845],[106.93112230797053,20.827462000496663],[106.93101549665786,20.82716636184808],[106.93089342592292,20.82654838067826],[106.93093157376548,20.82620696463429],[106.93118334337147,20.826073450494103],[106.93233538177279,20.824971001930642],[106.93261766975657,20.824181360651885],[106.93259478158022,20.823496622056577],[106.93263292798528,20.823277277462918],[106.93256426306814,20.823181909394616],[106.93229723436578,20.82320098318424],[106.93191576520042,20.823639673514425],[106.93171740072134,20.82359198915375],[106.93233538160744,20.822991175217293],[106.932861809928,20.822413247905402],[106.93302965637862,20.822432321437685],[106.93309832174167,20.822552484090064],[106.93307543352057,20.822630686017227],[106.93284655160402,20.82289008501705],[106.9328618107614,20.822941583311476],[106.93315172734903,20.822743219280643],[106.9336171202901,20.822516245413116],[106.93380785468098,20.82251624500399],[106.93404436658165,20.82260779691776]]],[[[106.93505144645485,20.82161216103714],[106.93517351631355,20.822129053458678],[106.93528032841125,20.82238082338191],[106.93536425159313,20.822523874271013],[106.93569231514437,20.822846216451346],[106.93582964479225,20.822899621904305],[106.93641710768026,20.82289962256818],[106.9379200987801,20.822491448904326],[106.93809557418933,20.82251433736252],[106.93863726092235,20.8231075228761],[106.93883562560016,20.82325057390258],[106.93918657812048,20.82343558673689],[106.93939257135915,20.82348517833058],[106.93984270663006,20.82346801243747],[106.93994951705345,20.823563378993892],[106.94015551093148,20.823891443003014],[106.94039965094954,20.824055475479494],[106.940567498346,20.82432250394408],[106.94070482703447,20.824438851746024],[106.94093370934165,20.824507517177217],[106.94130754936639,20.824511331532847],[106.94147539638796,20.824438852321997],[106.9421696717065,20.82388572130445],[106.94212389447532,20.823466104044797],[106.94214678353777,20.823151391823174],[106.94227648222119,20.822813790931967],[106.9425969170551,20.822497171203146],[106.94273424679545,20.82222441954007],[106.94268847038835,20.81962279707906],[106.94239855318192,20.819123070871623],[106.94110155657037,20.818350594762688],[106.93956804741869,20.81798057017336],[106.9383091974203,20.817982477321017],[106.9376835868275,20.817946236880324],[106.93699694106463,20.818962853736636],[106.93526506946527,20.820629877318932],[106.93511248115907,20.820826334310564],[106.93499804035616,20.821148676072074],[106.93505144645485,20.82161216103714]]],[[[106.93776751022297,20.827357096461796],[106.93764544069933,20.82748870341254],[106.93763781063633,20.827544016733828],[106.93766069916218,20.827597421491397],[106.93788195171737,20.827719492141842],[106.93792009892431,20.827797693281227],[106.93766069925677,20.82769851147392],[106.93744707634742,20.82782248968807],[106.93742418753196,20.82786254310672],[106.93747759307078,20.828009409580257],[106.93744707635261,20.82812957282688],[106.93731737610798,20.828327936049178],[106.93726397017467,20.82837943451665],[106.93698931291777,20.82836989859346],[106.93695116504557,20.82864646325741],[106.93688250056027,20.828646463792825],[106.9368519833695,20.828589243493177],[106.9368596127009,20.828366083311113],[106.93700457111085,20.827936930685546],[106.93692064704081,20.827517313088247],[106.93692827736953,20.82719878625621],[106.93707323542709,20.826571268542615],[106.9372792292518,20.825995249313273],[106.93749285206276,20.82570342447041],[106.93880510840295,20.824467461927302],[106.9394688654867,20.824061197174732],[106.93950701239591,20.82400969922445],[106.93948412405668,20.823950571309307],[106.93866777979406,20.82342986482011],[106.93847704432335,20.823273462428705],[106.93805742719312,20.82278708821543],[106.93796587408572,20.822758478145317],[106.93670702401472,20.82306746846653],[106.93571520337365,20.823130411471798],[106.93557024509147,20.823097986072334],[106.93539476900412,20.822977823554034],[106.93512011038214,20.8225925389602],[106.93497515244538,20.822541039862955],[106.93477678848934,20.822663110901683],[106.93432665350126,20.822731774865126],[106.93401384839024,20.822951120642482],[106.93391466620612,20.82294349116955],[106.93366289586508,20.822802347476724],[106.9330601740375,20.823141855369336],[106.93286181021855,20.823433678945836],[106.9328465516327,20.82355193531945],[106.93302965634413,20.823889535997925],[106.93304491535673,20.824007791264137],[106.93302202695789,20.824101251357828],[106.93288469786401,20.824271005540176],[106.9328846985258,20.824398797945193],[106.9329381030426,20.82450370208495],[106.93307543291735,20.824570459485997],[106.93309069178277,20.824755472632184],[106.93299913961523,20.82488707977423],[106.93141985437724,20.826466364333246],[106.93138170746151,20.826700968671094],[106.9316945123198,20.828129572534102],[106.9319233941038,20.828547281286927],[106.93301439711843,20.82944564213382],[106.93421221221863,20.830132288400403],[106.9348454521568,20.830420297745885],[106.93537951036767,20.83052901612802],[106.93641710759267,20.830530924379385],[106.94045305768196,20.83036117028753],[106.94077349214298,20.830290598257427],[106.94137621418874,20.82999686632159],[106.94150591455345,20.829861444749465],[106.94185686636834,20.82915954063466],[106.94183397720673,20.828923029027774],[106.94152880287191,20.828575891475452],[106.94139147329396,20.828480524281915],[106.94080400918041,20.828287882108068],[106.93979692992352,20.828085703431434],[106.93897295505131,20.82779960025875],[106.93872881443933,20.827679437464003],[106.93813372178543,20.827219766075203],[106.93808031551355,20.827217859451913],[106.93808031595756,20.82725600662673],[106.93815660917838,20.82735518851073],[106.93794298690229,20.827338022656004],[106.93779802850925,20.827210230036833],[106.93780565762846,20.82707480826758],[106.93772936360456,20.82702521746139],[106.93764544066998,20.82703475402062],[106.93758440568888,20.827170175598898],[106.93776751022297,20.827357096461796]]],[[[106.93414354916408,20.845501704422475],[106.93427324934173,20.845141215375314],[106.93441820665986,20.844996256787677],[106.93457079505481,20.844921870389392],[106.93471575342942,20.84491996355249],[106.93518877571893,20.8450706428316],[106.93541002785085,20.845026774510735],[106.93590593871637,20.84471587631104],[106.93615770902446,20.84461478682034],[106.93626452002309,20.844620509144374],[106.93629503786093,20.844668192763496],[106.93627215003156,20.844931407223985],[106.93611193252592,20.845146937296597],[106.93607378573452,20.845326228443113],[106.93611193274478,20.84551887014891],[106.93634081436194,20.845825953272275],[106.93710375441161,20.84634093694781],[106.93739367095444,20.846367640410445],[106.93771410498674,20.84617881288287],[106.93788958210499,20.845986171087613],[106.9380879456464,20.84561233035258],[106.93810320481072,20.84530715515984],[106.93802691074802,20.844651027202627],[106.93786669273368,20.84404639736744],[106.93785143491682,20.843849940411097],[106.9378972111501,20.843741221054884],[106.9381032053328,20.84356002282138],[106.93823290381833,20.843500894851328],[106.9387059271192,20.843447490067803],[106.93892717874785,20.843308252744798],[106.93936205475937,20.843142314380707],[106.93952990133849,20.843115610685988],[106.93964434210497,20.843157572643307],[106.93967485990439,20.843281549822844],[106.93956041890183,20.843457026419127],[106.93940783144208,20.844252391484957],[106.9392628727975,20.844685358904467],[106.93899584360771,20.845162196195446],[106.93859911484492,20.84575347421989],[106.93846941494212,20.846100611879333],[106.93851519187147,20.846396251374443],[106.93860674520185,20.84648589654842],[106.93872881542615,20.8465068769475],[106.93884325560502,20.84650687726436],[106.9391560607663,20.84633521508966],[106.93944597840245,20.84591369111298],[106.93952227207532,20.84582404653592],[106.93961382540893,20.845793528352047],[106.94043017002045,20.845879358846208],[106.94091845144682,20.84599570748056],[106.94137621535397,20.845793527638243],[106.94203234260192,20.845886988610967],[106.9421773006953,20.84582595322005],[106.94229937221232,20.845705789580958],[106.94265795275962,20.84514884484258],[106.94288683548295,20.844948572930452],[106.9439854676262,20.844517512152244],[106.94451189653837,20.844197078019153],[106.944641595773,20.84416656029243],[106.94479418422512,20.844164653143533],[106.94490862430777,20.84422950314056],[106.94502306540764,20.844418329777486],[106.94513750619521,20.844776911828415],[106.94532061220384,20.844982905065077],[106.94554186448856,20.844975275953608],[106.94564104563362,20.844900888777328],[106.94572497011947,20.84479980030028],[106.94574785812657,20.844704432337377],[106.94574785848107,20.84438018307766],[106.94567156371146,20.844208521739976],[106.9452137996204,20.84384421791391],[106.94508410132211,20.843664926909746],[106.94487810677165,20.842860025437023],[106.94464922453018,20.84245566777434],[106.94464922547519,20.842259210981123],[106.94471789046624,20.841904445055942],[106.94483233051629,20.84167937692307],[106.94500017719929,20.841576381101653],[106.94545794138287,20.841481013029885],[106.94570971144242,20.84132842493966],[106.94573259889069,20.840716165796263],[106.9459233342112,20.840420526510385],[106.94624376850933,20.839993280437852],[106.94655657442439,20.83966140277073],[106.94709063070911,20.839257044674778],[106.94714403663224,20.838951868168344],[106.94709826065906,20.838845056311683],[106.9469380433738,20.838698191238922],[106.94694567308727,20.838612360603754],[106.94740343560309,20.83787421693459],[106.94744921317755,20.83748702473677],[106.94738817784729,20.8369739471079],[106.94731188375357,20.8366668645968],[106.94688463754551,20.835877222194398],[106.94667101451446,20.83540038573225],[106.94651079663033,20.83483008743637],[106.94632769138292,20.834576410289493],[106.94581652202488,20.83413581321893],[106.94252062356357,20.83180503325711],[106.94144487836772,20.831179422240748],[106.94103289186776,20.831064981193084],[106.94052172239793,20.83104400087933],[106.93811846305196,20.831311029059744],[106.93627214933825,20.831347269934096],[106.93605852686238,20.83139113817356],[106.93575335021683,20.83156089226544],[106.93569994430048,20.831663889941936],[106.93574572177685,20.832697672716993],[106.9356617973675,20.832808298423526],[106.93557024552159,20.83283690854882],[106.93549395169875,20.832793039350125],[106.93515825756518,20.832266611825318],[106.93483782311856,20.832032007829383],[106.9348225646936,20.831871790733157],[106.93489122870398,20.831646723709497],[106.93486834047536,20.83151130171764],[106.93476915815968,20.831312937910486],[106.93463945893218,20.831196588754523],[106.93291521566921,20.83041266889435],[106.9318699881101,20.82982139080809],[106.93140459591389,20.829451364691945],[106.93122911992745,20.829920572407495],[106.93097734947403,20.830261988689816],[106.93022203946916,20.831049722965208],[106.9299016044118,20.83147887696415],[106.92961168788419,20.832363886574047],[106.92931414186053,20.834084314771463],[106.92910814791423,20.834873958082152],[106.92895556044348,20.83639220736123],[106.92883348969058,20.83681563842336],[106.92831469055066,20.837944789190036],[106.92820787978663,20.83832053583764],[106.92813158551445,20.838955684512637],[106.9279713689796,20.839363856390737],[106.92781115107255,20.83959464537147],[106.92735338817056,20.839825434917483],[106.92704821205092,20.83950499997486],[106.92747545756066,20.83913116004729],[106.9278416684255,20.83772735067393],[106.92831469027531,20.836859507245045],[106.92862749662316,20.834692758477832],[106.92957354014038,20.831105036274298],[106.93044329129968,20.830158991544437],[106.93095446159869,20.82921294692983],[106.93067980322311,20.828701776878813],[106.9292988820238,20.827833933214027],[106.92693377000937,20.827202600427796],[106.92622423595564,20.82716445379443],[106.92113542983374,20.82649306746776],[106.92062426093216,20.826374812061037],[106.91889238845495,20.825310510833052],[106.91672563991472,20.823221964402414],[106.91542101382363,20.821093363829142],[106.91416216391164,20.820345682386627],[106.9120717085299,20.819910806472297],[106.91173601576274,20.820641321421277],[106.9100804370454,20.821743769607526],[106.90763903063119,20.824976725409712],[106.90638018104717,20.826159282362564],[106.90605974696192,20.8266323040798],[106.90740251985504,20.827893062596118],[106.90960741556565,20.829390330460775],[106.91110277634276,20.83017997310085],[106.91157579976905,20.831362529458715],[106.91157579944225,20.833018107288577],[106.91402483448739,20.837036891611923],[106.91591692427446,20.839638514195755],[106.91747332192149,20.84123878052976],[106.91991472757016,20.845972819715485],[106.92498064559456,20.849280162584513],[106.92817736222278,20.850186152237736],[106.93009996966603,20.84949187753351],[106.93175554806608,20.847199244178775],[106.9322362004379,20.845972819437733],[106.93300676892312,20.84440116413407],[106.93315935737937,20.844363016841548],[106.9333043153503,20.84440879313509],[106.93349504977013,20.844544214919235],[106.93369341459645,20.84462050925514],[106.93428087773341,20.84400825016687],[106.93454790714213,20.843968195729794],[106.93462420141272,20.843996806034603],[106.93463183013066,20.84415320920225],[106.9344182070136,20.844429773944526],[106.93374681973845,20.844980998568285],[106.93351030853938,20.845312877007817],[106.93351030916031,20.84557990523266],[106.93356371479885,20.84569243947205],[106.93376970843664,20.845745845197744],[106.93392229608703,20.845707698091754],[106.93406725516797,20.8456161450379],[106.93414354916408,20.845501704422475]]],[[[106.93566942759104,20.847119136278856],[106.93551684002568,20.84724692804334],[106.93551684004092,20.84735374033847],[106.93556261613209,20.847424312182405],[106.93572283328554,20.847494883668926],[106.93592119828133,20.847523494234213],[106.93615008046433,20.847496790886034],[106.9363026674339,20.847405238196004],[106.93634844403417,20.847273631118725],[106.936333185,20.847159189831522],[106.93621874376139,20.84705237919925],[106.93604326766068,20.846995157911607],[106.93588305137186,20.847021861531484],[106.93566942759104,20.847119136278856]]],[[[106.98278093988576,20.848196787533375],[106.98331499720372,20.84876136197738],[106.98351336190247,20.848803324277764],[106.98362017267375,20.848770899141144],[106.98423052413777,20.84816626946289],[106.98429155967979,20.847983164388026],[106.98425341244443,20.847868723196864],[106.98410082481077,20.84775618881811],[106.98393297884184,20.847708505190496],[106.9835743969878,20.847687524614308],[106.98316240989143,20.847679895422626],[106.98284960382402,20.847796242747204],[106.98275042179952,20.848000330494916],[106.98278093988576,20.848196787533375]]],[[[106.944641595695,20.845846933670003],[106.94445086074087,20.84590796888779],[106.94418383255756,20.846186442177203],[106.94409990882284,20.846363825826895],[106.9440465029426,20.84663848440954],[106.94409227960256,20.847389978822203],[106.94406939114891,20.84764556375993],[106.94400072735657,20.847813410998164],[106.94390917403109,20.847933574391078],[106.94357348011893,20.84818725141767],[106.94326067496799,20.848490519231316],[106.94300890480613,20.84878806599875],[106.94273424683115,20.84932403075501],[106.94249773645973,20.849989695064178],[106.9424977359293,20.850144191598332],[106.94258928931174,20.850281519785025],[106.94277239405265,20.850308223460804],[106.94315386429646,20.850083156327646],[106.9433369696234,20.84992675331322],[106.94349718581418,20.84986953189502],[106.94370318011039,20.850140376018764],[106.94386339725177,20.850203317769648],[106.9439778381737,20.85034064813467],[106.94399309685568,20.850895686178877],[106.94390154433711,20.851137918785344],[106.94355059181382,20.85149840781426],[106.94292498211043,20.852024835958755],[106.94279528235947,20.852265162635668],[106.9428029120381,20.85242537989643],[106.94290972348874,20.852537913458143],[106.94303942283476,20.852560800864943],[106.9431614929482,20.85253028385785],[106.94339037549979,20.85228805172467],[106.94348192831166,20.852244182576488],[106.94406939103297,20.85214309255735],[106.94432879035537,20.851996226614066],[106.94455004372297,20.85178069595523],[106.94498491828507,20.85100631259327],[106.94548845849111,20.850355905920527],[106.94554949461138,20.850170894371054],[106.94551897603355,20.85007171139362],[106.94461870761852,20.85010604390184],[106.94448900842275,20.85002974980073],[106.94447374929948,20.849724574463295],[106.94455004314179,20.849509044469976],[106.94516039543069,20.848482890105725],[106.9453358708648,20.848315042852704],[106.94604540460865,20.847956461766067],[106.94630480455595,20.847702783865014],[106.94671679127386,20.846894069129483],[106.94683886098093,20.846440120394394],[106.94681597307951,20.84612922199659],[106.94660997892889,20.84589843328894],[106.9464726502046,20.845846934280026],[106.94609118119693,20.845818324335525],[106.94563341702765,20.84588317389521],[106.944641595695,20.845846933670003]]],[[[106.94780016521902,20.851692958218166],[106.94819689427823,20.851694865028527],[106.94858599349628,20.8516338304076],[106.94896746264247,20.851479334690882],[106.9496388495114,20.851034922397123],[106.94973040262994,20.850886149262344],[106.94973040183436,20.850640101082462],[106.94961596137212,20.850510402016297],[106.94924212150192,20.85041694230313],[106.94908190303785,20.850418849309953],[106.94853258737567,20.850567621866976],[106.94842577522827,20.850539012177286],[106.94834948108715,20.85046844002701],[106.94825029942893,20.850283427239443],[106.94809008275197,20.85013656126739],[106.94788408826169,20.850151820126563],[106.94778490590026,20.85019950388281],[106.94767809488242,20.85027961218797],[106.94738817870561,20.85111884594953],[106.94738817849208,20.85134582034071],[106.94744158345473,20.851528926592373],[106.94760180132472,20.851647180842143],[106.94780016521902,20.851692958218166]]],[[[106.94207049033201,20.851759715155882],[106.94184160787145,20.8522479960773],[106.94182634882152,20.852371974264063],[106.94185686742435,20.852450175597905],[106.9419102720986,20.852473063036673],[106.94202471354349,20.852442546658416],[106.94220781903444,20.852339548940268],[106.94252825348802,20.85207252064262],[106.94256639984741,20.85182647272388],[106.94254351257291,20.851694865632073],[106.94245195915997,20.851601405159848],[106.94237566542132,20.85157279497163],[106.94224596616547,20.851597590582656],[106.94207049033201,20.851759715155882]]],[[[106.9490132394178,20.853195947809592],[106.94897509270986,20.853083415164303],[106.94891405743564,20.853035731049022],[106.94866991633685,20.853081507841146],[106.94850969965674,20.85323218818934],[106.94852495765737,20.85339240480627],[106.94857073401172,20.853434366866956],[106.94873858123077,20.85340766459882],[106.94897509258851,20.853285593931687],[106.9490132394178,20.853195947809592]]],[[[106.94803667674688,20.853483957885608],[106.9477620179178,20.85331992598001],[106.94696093227209,20.852999491821556],[106.94683123249054,20.85301284331215],[106.94670153247418,20.85309867459823],[106.94661760931288,20.853224559106344],[106.9466176091181,20.853470607432556],[106.94669390341576,20.85362319490025],[106.94698382035698,20.853913112442505],[106.94725084969495,20.854328914553115],[106.94738817821671,20.854685588280077],[106.9475255077164,20.854737086152493],[106.94762468900335,20.854718012898566],[106.94773913074594,20.854674143908944],[106.94806719483465,20.85403136730012],[106.9481358581093,20.853720469099095],[106.94812060022639,20.853596491914622],[106.94803667674688,20.853483957885608]]],[[[106.94959307372758,20.856705470318847],[106.94977617833577,20.85670356290881],[106.9501195011444,20.856585307322465],[106.95016527728305,20.856478495235674],[106.95015001946298,20.856322092964533],[106.9499745429518,20.856228633692393],[106.94984484319161,20.856230539964667],[106.94957018507016,20.85633544461398],[106.94942522620195,20.85652236406728],[106.94942522665539,20.856600566319642],[106.94959307372758,20.856705470318847]]],[[[106.94785357132648,20.85592536390732],[106.94787645958198,20.85551909947812],[106.94779253674267,20.855395121388856],[106.947472101881,20.85541038057087],[106.94723559052066,20.85550765564544],[106.94642687465803,20.856098933703628],[106.94638872791886,20.856243892733556],[106.94639635676309,20.856772227786152],[106.94655657420306,20.857426448614877],[106.94666338518215,20.85774879004646],[106.94675493849985,20.8578670452236],[106.94686174917295,20.857907100641594],[106.94698382069254,20.857889933151373],[106.94716692581032,20.857722087371204],[106.94722033169131,20.857554240058914],[106.94721270210778,20.856909555959184],[106.94728899604003,20.856760783231007],[106.94756365430008,20.856442256675855],[106.94785357132648,20.85592536390732]]],[[[106.94953966766325,20.85826758822777],[106.94932604441546,20.85817412838977],[106.94911242180684,20.85819510906356],[106.94897509244717,20.858267588136115],[106.94885302161701,20.858395381075017],[106.94880724596229,20.858639521625285],[106.9492878976716,20.85897521563681],[106.94966173709862,20.859377665520764],[106.94997454299624,20.85951690267386],[106.95047808259336,20.85952262444695],[106.95060015317986,20.859455867067958],[106.95065355974704,20.85936622104917],[106.95065355952332,20.859240336336214],[106.95055437702851,20.859026713210234],[106.95010424216,20.858744426118385],[106.94990587883261,20.858538432441105],[106.94953966766325,20.85826758822777]]],[[[106.94541216565788,20.859209819334865],[106.94532824124576,20.85931663028692],[106.94529772470223,20.85941962716263],[106.94533587181698,20.85957984497666],[106.9460988110139,20.860054774352783],[106.94643450322009,20.86013488327725],[106.9465947216315,20.86006049668099],[106.94674730916152,20.859904094569394],[106.94680071437676,20.85949782827018],[106.94655657411141,20.85918883860191],[106.94629717477326,20.859097285458475],[106.9457097111607,20.859091563222584],[106.9455418648605,20.859129710391016],[106.94541216565788,20.859209819334865]]],[[[107.00116015102294,20.86215476462272],[107.00155687994936,20.86200980625767],[107.00222826709602,20.861464304469244],[107.00305224143693,20.86066512533668],[107.00384569773213,20.86030654285726],[107.0043339789588,20.85994033225102],[107.0044789383256,20.859791558758626],[107.00476885473596,20.859156412319994],[107.00485277794756,20.85876731263905],[107.00483751979944,20.858666222974556],[107.00475359603573,20.85852698732296],[107.00457811973244,20.858414453305198],[107.00432635061004,20.85832290114851],[107.00408983897385,20.858326715112533],[107.00370073974484,20.858471673578116],[107.00334978834266,20.85847548843017],[107.00286150623992,20.858414452870424],[107.0026021073074,20.859068674294463],[107.00245714802344,20.859236520790237],[107.00045824756158,20.860867304028115],[107.00026751233287,20.861161035658952],[107.00017595949053,20.8614623958295],[107.00018358893806,20.861975473215466],[107.00012255372461,20.86217192984775],[107.00016070096281,20.862269204980837],[107.00032091800239,20.86223296514623],[107.00045824684008,20.862171930234645],[107.00116015102294,20.86215476462272]]],[[[106.95940447422224,20.859869761129158],[106.9592595167649,20.859818262956544],[106.95923662811649,20.859698100124948],[106.95932055121636,20.859560771268924],[106.95990801499136,20.859078212249038],[106.96001482656857,20.858809276123413],[106.9600071968163,20.858475489210683],[106.95986986810505,20.858273311060927],[106.95960283896454,20.858118815116168],[106.95882464041205,20.857464595001538],[106.95851946496123,20.857373042444355],[106.95832110078553,20.85735015415485],[106.95810747782606,20.85737685756038],[106.95788622530846,20.857487483045013],[106.95747423763032,20.85792426610568],[106.957321649294,20.85801581852198],[106.95661974519517,20.85807685445158],[106.95636034627258,20.858158870155847],[106.95616198169962,20.85826758817703],[106.95590258270758,20.858488841006956],[106.95579577071678,20.85865668845169],[106.95578814147133,20.858813090402307],[106.95583391758726,20.858944697311],[106.95656633970626,20.85983352230352],[106.9566731512371,20.86013679069105],[106.95668841082481,20.86050681594788],[106.95661211664684,20.860743327438826],[106.95623064630159,20.861100001726335],[106.95612383441896,20.861239238125673],[106.95608568756722,20.861382289619335],[106.95611620590452,20.86148337858634],[106.95645189902474,20.861965937087977],[106.95653582250185,20.862145228131556],[106.95654345215408,20.862404628279773],[106.95650530500718,20.86255340137481],[106.95563555409532,20.863426967326603],[106.95548296622755,20.86363677560808],[106.95542956102996,20.863993449107166],[106.95549822498056,20.864081187141338],[106.95561266567223,20.864134593180502],[106.95584154779856,20.86414413089889],[106.95608568811085,20.86424331244349],[106.95626116465081,20.864792628323965],[106.95646715802263,20.86497573439193],[106.95665789258153,20.86497954834873],[106.95694018109364,20.864891810466187],[106.95711565698751,20.864788813512583],[106.95773363755725,20.864250941255793],[106.95820665955003,20.863955302176873],[106.9583058418259,20.863816066008518],[106.95835161892411,20.863608165664996],[106.95870257063257,20.862973018389354],[106.95889330563669,20.862721248050853],[106.95901537535279,20.862629695684756],[106.95919085153412,20.86261062116294],[106.95931292148896,20.86265067629121],[106.96012926822179,20.863131327995415],[106.96037340791068,20.863169474118198],[106.96055651375981,20.863152308587004],[106.96076250679634,20.863077921963583],[106.96087694757735,20.862885280055373],[106.96156359330837,20.8606708481601],[106.96157885283273,20.860527796921936],[106.96154070534884,20.860394281805405],[106.96134234028017,20.860224527953424],[106.9606022897054,20.86004142273831],[106.96015215610564,20.85981254073529],[106.95997667975129,20.859761042207325],[106.95940447422224,20.859869761129158]]],[[[107.00811815887738,20.861658852739346],[107.00818682467293,20.861626427945136],[107.00833178238265,20.861458582244797],[107.00833178253777,20.86123923728029],[107.00827074726716,20.861143869212373],[107.00818682394008,20.861134332125555],[107.00811053003073,20.86115149920231],[107.00798083051421,20.861296456960137],[107.00796557082369,20.86143187884893],[107.0079884592189,20.861597817686],[107.00811815887738,20.861658852739346]]],[[[106.98460436488458,20.86339644846582],[106.98403216083057,20.86333732062003],[106.9836278033867,20.863365930828056],[106.98308611610814,20.863447947005763],[106.98281908658002,20.86359290539262],[106.98260546379828,20.863777918360988],[106.98250628177126,20.863982005163383],[106.98249865204507,20.864727777905127],[106.98240709988333,20.86497573373541],[106.98205614704653,20.865483087561824],[106.98197985442205,20.865847391519512],[106.98198748299234,20.866062921452237],[106.9820485179246,20.866213603259293],[106.98224688248742,20.866497797494823],[106.98274279329232,20.866867823361652],[106.98311663277518,20.86692885882281],[106.98359728499373,20.86688689716292],[106.98388720223784,20.866827768886896],[106.98465777161339,20.866459650798436],[106.98564196337331,20.86628798887981],[106.98595476821988,20.86617354893646],[106.98633623819967,20.865965647993356],[106.98674059637452,20.866003794931594],[106.9871373241599,20.86609534715651],[106.98752642337958,20.866114420462857],[106.98765612271514,20.866034311941753],[106.98777056419999,20.86568526702998],[106.98774767602065,20.865135950461674],[106.98753405349812,20.864540857915003],[106.98740435275977,20.86434630828237],[106.98719072972854,20.864193720715605],[106.98685503756683,20.864098353046018],[106.98641253197525,20.86408500151243],[106.98563433309438,20.864136500064554],[106.98546648756025,20.864029688420455],[106.98497057600606,20.86354140669103],[106.98460436488458,20.86339644846582]]],[[[106.96615648970433,20.875063701699275],[106.96638537101194,20.874716563925844],[106.96640063009164,20.87451819961444],[106.96635485448671,20.8743274647867],[106.96614123043865,20.87398795669568],[106.96583605497477,20.87361411701285],[106.96516466783062,20.873169703780064],[106.96501970874094,20.873040004904837],[106.96489763929895,20.872780604220278],[106.96489763872786,20.87262610993978],[106.96501208026847,20.872217936549315],[106.96521807459158,20.871781154581356],[106.96538592002666,20.871649547010293],[106.96637774173861,20.871477885323245],[106.96651507093301,20.871487422474328],[106.96662188249992,20.87154082889388],[106.9669575762188,20.871949000564374],[106.96717882802461,20.871939463321766],[106.9675831862556,20.87169341683834],[106.96796465587772,20.871331019630254],[106.9683461247357,20.87105254666996],[106.96861315423467,20.87093619841188],[106.96877337222791,20.870945735094445],[106.96892595886673,20.871016307202144],[106.96911669406609,20.87118606121781],[106.96918535912907,20.871346278822895],[106.96921587604106,20.871588511252796],[106.96913195321186,20.871870799651035],[106.96870470692235,20.872381968480063],[106.96862841324787,20.872574611796033],[106.96862841362231,20.872681422814278],[106.9687657421244,20.872921748258797],[106.96895647766182,20.873074336911678],[106.96913195305126,20.873114390502117],[106.96946001720536,20.8730686147568],[106.97001696282668,20.872847361946135],[106.970428949944,20.872771067836826],[106.97062731416959,20.872658534397182],[106.97103930230917,20.872284694694844],[106.97114611313512,20.87200812800623],[106.97116137248582,20.871756358005385],[106.97124529565035,20.87144546036719],[106.97132158925349,20.871296687777807],[106.97145891861061,20.871228022009745],[106.97157335914338,20.871226115660342],[106.971741206506,20.871285243401154],[106.97189379376113,20.871432109661864],[106.97200060474005,20.871735377289944],[106.97217608193854,20.87191276178876],[106.9724507400362,20.871950908494657],[106.97258043877085,20.871722026699803],[106.97255755079314,20.871571345051507],[106.97238970496464,20.871382518507296],[106.97230578147995,20.871208949804],[106.97226763394676,20.870863719742143],[106.97229815219397,20.87037734503938],[106.97244311010917,20.86941413388206],[106.97242022243258,20.868794245874827],[106.972374445924,20.86855582700573],[106.97238207555027,20.868449014823316],[106.97244311014974,20.86839942442544],[106.9725728101754,20.868416591522077],[106.9726872515636,20.868487161950245],[106.97291613334214,20.869025034974342],[106.97335100848362,20.86982612104704],[106.97367907245996,20.870018763641472],[106.9738240308233,20.870045466294222],[106.97441149435413,20.87000922701577],[106.97455645336811,20.8700492813003],[106.97493792261224,20.87044219512461],[106.97553301556165,20.871168895209134],[106.97581530292639,20.871231837631495],[106.97605944307442,20.871228022563425],[106.97650194795655,20.871050639103267],[106.97668505442125,20.870905681137508],[106.9767689776762,20.870755000169485],[106.97679949498855,20.870558543669837],[106.97677660640214,20.870280069824467],[106.97703600599098,20.86928061897938],[106.97701311777875,20.869026942178355],[106.97687578957706,20.868695063526058],[106.9766011302376,20.86839942403414],[106.97640276590465,20.868283076310913],[106.97623491905155,20.86825446618589],[106.97605944298338,20.868269725375786],[106.97555590337096,20.868477626058116],[106.97521258103221,20.868529124570316],[106.97501421615091,20.86862067727271],[106.9747471872924,20.86868934129092],[106.97460985853515,20.868679805241666],[106.97447252949799,20.868639750524],[106.97433519984763,20.868510051093597],[106.97422075901882,20.868349833577284],[106.97420550001745,20.8682315777722],[106.97424364737623,20.8680923415361],[106.97431994093051,20.868008418002997],[106.97444201232271,20.867958827273267],[106.97515917505416,20.86787681129686],[106.97530413326172,20.86773185256651],[106.97538042668259,20.867558284003714],[106.97538805701029,20.86736754957245],[106.97528887523575,20.867062373449784],[106.97531176278243,20.866596980129433],[106.9752507280366,20.86639289380813],[106.9750294753683,20.86617354876288],[106.97428942378856,20.86586646528052],[106.97420549974795,20.865771098104993],[106.97419024175572,20.86569480381462],[106.97422838923924,20.865622325307278],[106.97440386507253,20.865525049740267],[106.97457171072466,20.865486903186927],[106.97491503433662,20.865439219345983],[106.97541094517906,20.86546210761559],[106.97558642060659,20.865418239035332],[106.97615099600254,20.86509017524992],[106.97631884345749,20.865069194201745],[106.97679186464758,20.865124506903975],[106.97702837560904,20.864977641376377],[106.97720385329345,20.864674372977895],[106.97724199963915,20.864495082107936],[106.97722674108296,20.864298625018318],[106.9771351881104,20.864107890144645],[106.97696734118517,20.86396102396158],[106.97657061271926,20.863890452332264],[106.97572374995934,20.864210886627596],[106.97544146217788,20.864226145978083],[106.975273616364,20.86418036929431],[106.97512102816654,20.86403922455575],[106.97473192915288,20.863533778168033],[106.97473192933357,20.86334876466931],[106.97486925834079,20.86313323503656],[106.97506762243478,20.863005441778398],[106.97540331507,20.863007349966992],[106.97585344962054,20.863251489841467],[106.97609759007406,20.863339229144717],[106.976463801439,20.86329917356409],[106.97662401894134,20.863196177156464],[106.97674608924626,20.862944407071083],[106.97652483555352,20.86258773249004],[106.97618914261382,20.862404627958362],[106.97579241536396,20.862307352484933],[106.9750523624761,20.862362665879115],[106.97456408241771,20.862583918029426],[106.9744038647006,20.862602992096544],[106.97428179376368,20.862551494074836],[106.97405291259822,20.86220435553273],[106.97386980697925,20.861765665868923],[106.97367907178301,20.861546320717544],[106.9733662669285,20.861286920484424],[106.97324419647467,20.861107631186332],[106.97290087410937,20.8602741184488],[106.97275591597426,20.860110086737333],[106.97258806849,20.859976572627215],[106.97239733378947,20.859925074099312],[106.97186327561374,20.859879297985366],[106.97137499484157,20.859955592209825],[106.97071886728918,20.860245508749],[106.97024584500703,20.86052588876551],[106.96983385652925,20.860913080779927],[106.96970415775044,20.8610942792059],[106.96967363995826,20.861273570433433],[106.969704157381,20.86148337790492],[106.96988726316992,20.86179236910243],[106.97035265595287,20.862215799619808],[106.97054339092189,20.862332147973056],[106.97064257259377,20.862456126048382],[106.97068071993972,20.862585825611845],[106.97062731400474,20.862753671915172],[106.97024584505361,20.86297301849885],[106.96997881545548,20.86321525094417],[106.96978045225607,20.8632171581049],[106.969658380976,20.86312369781918],[106.96952868235431,20.86285666864982],[106.96910143579254,20.862261577209324],[106.96844530781009,20.86152915515158],[106.96823168494171,20.861340327108593],[106.96805620741475,20.861265941098303],[106.96793413735362,20.86126021771024],[106.96780443745884,20.8613517708698],[106.96737719220702,20.861971659984327],[106.9672017159337,20.86212234031596],[106.96705675758024,20.86217765294046],[106.96688891128726,20.862143320776465],[106.9668965405704,20.861983103919044],[106.96718645780842,20.861592096735748],[106.96730852755793,20.86124686661817],[106.96732378660738,20.860882562822788],[106.96718645814417,20.859896464338483],[106.96715593972252,20.858834071201773],[106.96707201643345,20.85866241022386],[106.96691942842862,20.85855941329483],[106.9667363228579,20.85847930427425],[106.96597338346622,20.858540339137914],[106.96552324988897,20.858700557107955],[106.9648137160628,20.859171672056558],[106.96453905806544,20.859223170458712],[106.9637379708207,20.859249873405023],[106.96353960677905,20.859329982270793],[106.96324206027629,20.859619899081284],[106.96308184296547,20.859862132457426],[106.96296740132497,20.86018065906971],[106.96298266065959,20.860407634291647],[106.9630894726556,20.86061362684629],[106.96330309601501,20.860749048751956],[106.96357775372758,20.860829157974077],[106.96385241222934,20.86086349007707],[106.96429491702487,20.860773845430067],[106.96447802225134,20.860789102888493],[106.96452379830357,20.860836787305175],[106.96451616900595,20.86101035649394],[106.96357012513322,20.862192912179697],[106.96340990726664,20.8622844654082],[106.96313524898615,20.86233214865665],[106.96294451406162,20.862532419819882],[106.96272326222045,20.8629291492645],[106.96259356196217,20.863079829439076],[106.9624409733644,20.8631828258848],[106.96214342829481,20.86319808555948],[106.96175432862,20.863089365968207],[106.96096087221463,20.863173289302807],[106.96053362461552,20.863297267000583],[106.96025133799293,20.863550944679105],[106.96023607874531,20.86366347802],[106.9604039257092,20.863961024750676],[106.96093035361572,20.864199443036597],[106.96127367708633,20.864210887517093],[106.96168566413286,20.86416511040795],[106.96212816848427,20.863873285928438],[106.96234179189167,20.863894267622012],[106.96329546567898,20.864769740198962],[106.9643101756687,20.86544494164018],[106.9645161686067,20.86566810170113],[106.96453905840579,20.86602286816415],[106.96448565226366,20.866263194060892],[106.9634938312543,20.86832694517101],[106.96328783652963,20.868950648499197],[106.96303606662674,20.8695266678399],[106.96303606737924,20.869671626697215],[106.96312761994474,20.869839473625127],[106.96341753728767,20.869864268528488],[106.96373034211005,20.869753642564266],[106.96392870598223,20.86974029180452],[106.96440935845987,20.86978225263066],[106.96466875683478,20.869652552743307],[106.96512652106684,20.869231028498827],[106.96529436778322,20.869145198589315],[106.9654011791489,20.869149012528393],[106.9654164376907,20.869292064715143],[106.96503496853205,20.86969642162697],[106.9644475055498,20.8707988691166],[106.96324968997993,20.872414394046448],[106.9629597726405,20.872725291510736],[106.962845331916,20.873049540413593],[106.96284533241786,20.873257441271345],[106.96286059090717,20.8735740618763],[106.96297503179646,20.874287410595354],[106.96293688472217,20.874411387661503],[106.96276903795416,20.87459830787907],[106.96222735141387,20.875023646481],[106.96216631615269,20.87510757065173],[106.96213579777418,20.875218197196205],[106.96225786934775,20.87612418662339],[106.96215868741491,20.876232905535385],[106.96164751705956,20.876482769188954],[106.96145678182612,20.876404568218927],[106.96140337588604,20.876303477475314],[106.96148730049708,20.875557704638588],[106.96141863525101,20.875292582733874],[106.96138811802525,20.874832912062455],[106.96144915360885,20.874283595669024],[106.96154833557239,20.874001308051483],[106.96173907026419,20.873741909092836],[106.96176958691713,20.873581691951284],[106.96174669911551,20.873467250414638],[106.96164751702116,20.873314662472747],[106.96152544712511,20.873213573040093],[106.96128130592177,20.873139186427295],[106.9608693190745,20.873150630843153],[106.96054125490151,20.87333755043407],[106.96038103828198,20.873537822712315],[106.96020556196602,20.874043270226867],[106.96015978507003,20.87451056999009],[106.96016741529417,20.874951167494345],[106.96008349131165,20.87511901461919],[106.95997668031626,20.875227733904126],[106.95948076933618,20.8753402670439],[106.95938158685453,20.875481410557484],[106.9593129219049,20.875679774689157],[106.95962572783455,20.876087947621095],[106.95985460899597,20.87629394074137],[106.9599232745986,20.87638358670785],[106.95992327442468,20.876459881092902],[106.95986223876368,20.876534267145725],[106.95949602820143,20.876671595936724],[106.95924425836544,20.87684135026387],[106.95890856428142,20.877215191032487],[106.95877123559937,20.877497477777776],[106.95871782990714,20.877701564648614],[106.9587407181025,20.877833172052284],[106.95880175346367,20.877926632231457],[106.95893145277148,20.877980037819654],[106.95911455867902,20.877959057254643],[106.95948076931477,20.877882762853627],[106.95976305757154,20.877758784751062],[106.96044207338267,20.877278133025353],[106.96061754944236,20.877228542234832],[106.96073961963523,20.877239985495773],[106.96112108942086,20.87738494482089],[106.96158648212653,20.877394481613354],[106.96207476288427,20.877184672768877],[106.96262407985277,20.877058787572164],[106.96295214447142,20.876925273912832],[106.96383715303169,20.875908656445354],[106.9639592239299,20.875382228684366],[106.96405077653044,20.875250621820022],[106.96421099408089,20.875149532018348],[106.96494341595886,20.87506942417434],[106.9653477729133,20.875256343918053],[106.96569872580591,20.875311656534745],[106.9659962722447,20.875197215732612],[106.96615648970433,20.875063701699275]]],[[[106.96025133832221,20.86697463504433],[106.96009112073232,20.867037578712708],[106.95999193835664,20.867001338173683],[106.9597172801572,20.866659922194344],[106.9596409856452,20.866411967842243],[106.9596715037804,20.865422053523968],[106.95961809790057,20.865086360520433],[106.95951891602833,20.864887995991893],[106.95930529310021,20.86472968614038],[106.95900011653185,20.86467437356985],[106.95870257126651,20.864682002007523],[106.95821428945055,20.864790721868776],[106.95784807928429,20.865021510697876],[106.9577412666567,20.865183635108277],[106.95759630840095,20.865517421533024],[106.9575886784556,20.865696711291875],[106.95768023182467,20.865921779514277],[106.95784807898703,20.866158290461847],[106.95804644316327,20.86629371263496],[106.95811510704411,20.866406245768648],[106.95810747752851,20.866490168953984],[106.95765734423985,20.86687736064476],[106.95761919718231,20.867028041390657],[106.95777178509906,20.86746100989645],[106.9577641549949,20.86756400692293],[106.95766497304079,20.867659373612508],[106.95719958037185,20.867766185408005],[106.95697069758577,20.867909236980065],[106.95684099934357,20.868054194297724],[106.95675707531858,20.86841849909088],[106.9568181100453,20.86890487230052],[106.95695543868229,20.86937408094714],[106.95750475583847,20.870123668348562],[106.95780230190176,20.870610041415567],[106.95810747789358,20.871369166770354],[106.95837450695335,20.871802134385486],[106.95858049994801,20.871960444613244],[106.95903063475048,20.871985241056972],[106.95919848089021,20.871941371378444],[106.95938921613427,20.871802134927513],[106.95951891585497,20.87162284478027],[106.95954943433514,20.87148360740533],[106.9595418044148,20.87121657889789],[106.95948839816954,20.87102775170054],[106.95937395815011,20.87083320181643],[106.95887041679269,20.870617672126123],[106.95877123548397,20.870499415897125],[106.95875597654637,20.870367808630263],[106.95880175343703,20.87019233261766],[106.95905352293823,20.869829936998414],[106.95910692924659,20.86942939366056],[106.95918322289167,20.869292064518937],[106.95918322270303,20.86802367795216],[106.9593205516292,20.8677890733191],[106.95982409237665,20.86775283357142],[106.96008349097592,20.867792888639283],[106.96044970214017,20.867945475557516],[106.96117449468937,20.868380351351142],[106.96141863457511,20.868395610426766],[106.96195269307914,20.8682926133995],[106.96217394499841,20.868164821318327],[106.96241808570254,20.867979808763483],[106.96257067418881,20.867750926202845],[106.96257830299213,20.867596431855983],[106.96253252720217,20.867327494593244],[106.96237993930146,20.867090983473293],[106.96184588065572,20.86679343751822],[106.96132708286754,20.866644664066648],[106.96099901869394,20.86661414647277],[106.96064806552906,20.866648478137172],[106.96025133832221,20.86697463504433]]],[[[106.97944689536432,20.869852823779677],[106.97991228863744,20.869339747054177],[106.98008013373072,20.868769449755263],[106.98006487533092,20.868075175021538],[106.9798970288428,20.867916864592605],[106.9795994824951,20.867932124254093],[106.97918749490354,20.8680618243586],[106.9784474442337,20.868569178333246],[106.97828722758706,20.868820947951942],[106.97821856188673,20.869229120762864],[106.97827959680147,20.870035930089223],[106.97824908035298,20.87046126800492],[106.97831774449016,20.87065772518684],[106.9784169260563,20.870758814893236],[106.97851610781373,20.87080459079374],[106.97871447365138,20.870802683902433],[106.97893572564288,20.87075881526328],[106.97912646039887,20.870672983745227],[106.9792790478562,20.870541376970067],[106.97944689536432,20.869852823779677]]],[[[106.94456530314658,20.866961285107323],[106.94433642068947,20.866963191795865],[106.94416857409178,20.867270274962465],[106.9438862871111,20.86750678581445],[106.94345904069293,20.867558285390146],[106.94292498297314,20.868174357927973],[106.94285631812319,20.86836700114598],[106.94273424801216,20.869452281601756],[106.94252825411286,20.86981849299997],[106.94236803720987,20.86998633926307],[106.94225359614198,20.8700340227987],[106.94207049062558,20.870034023475558],[106.94136858592617,20.869805141276352],[106.94080401033375,20.86972693986117],[106.94051409348297,20.869747921285537],[106.94030047086092,20.86985854702071],[106.9401173657491,20.870140835197],[106.94014788308907,20.87055854436821],[106.94020891783236,20.870671078576542],[106.94033098902236,20.87073211321606],[106.940575129117,20.87070541023887],[106.94117785135023,20.87053756306312],[106.94140673283766,20.87052421187181],[106.94178057418414,20.870627208696597],[106.94195605014458,20.870768351988023],[106.94220018937501,20.871102138404375],[106.94224596729141,20.87126998494622],[106.94225359559032,20.871603771079716],[106.94212389582373,20.872029109742464],[106.94213915485857,20.872195049236126],[106.94225359569167,20.8723266564454],[106.94256640135137,20.872502132033194],[106.94310808806395,20.87254981623898],[106.94331408214703,20.87248687393618],[106.94355059301046,20.872309489930636],[106.94365740521478,20.872114941063334],[106.94369555169187,20.871865078344282],[106.94364977499033,20.8710391961006],[106.9436879215978,20.870840831769776],[106.94409228013932,20.870055003845888],[106.94417620405264,20.86981086276326],[106.94414568560236,20.86952476107716],[106.94404650370312,20.869364543820986],[106.94387102775913,20.869198605394345],[106.94383288104089,20.86902694256358],[106.94384050993145,20.86872939701801],[106.94395495055423,20.868359371409735],[106.94408465041727,20.86818389458354],[106.94419909130825,20.86812476680676],[106.94458819090546,20.86805991738148],[106.94483233189075,20.86791305159214],[106.94489336677972,20.867834850293008],[106.9449162543508,20.86760215373754],[106.94485522011558,20.867226405860325],[106.94473314840084,20.867066188914983],[106.94456530314658,20.866961285107323]]],[[[106.93898821477866,20.870871349379094],[106.93901110396047,20.87109641617931],[106.93909502654164,20.871264263218244],[106.9392170969855,20.871279522639583],[106.93936968457382,20.87123565365046],[106.93954516036798,20.871126934387206],[106.9396443428336,20.87100677134636],[106.93966723057414,20.870903774218014],[106.93958330785576,20.87070922540063],[106.93947649643566,20.87063865326745],[106.93918658015497,20.870671078324907],[106.93907213845777,20.870743557094517],[106.93898821477866,20.870871349379094]]],[[[106.94078875137764,20.870951458298755],[106.94081164066237,20.871105953269183],[106.94088030506045,20.871212764928938],[106.94123125649402,20.87155799559613],[106.94131518061992,20.871580883524413],[106.94146013903784,20.871525570335134],[106.94153643280997,20.87145881352642],[106.94158220913596,20.871310038845277],[106.94156695072044,20.871161266601387],[106.94149828564866,20.871006770867684],[106.94128466286824,20.87075690788018],[106.94112444535304,20.870684429103672],[106.94088030527585,20.870722575955547],[106.94078875137764,20.870951458298755]]],[[[106.94526720678061,20.870444102702713],[106.94566393605568,20.870241923688518],[106.94580126510952,20.870312496207394],[106.94583941223406,20.870486065043764],[106.94567919373942,20.87091140437353],[106.94564867687207,20.871308131681857],[106.94603014552284,20.872055813168483],[106.94606066427092,20.872435375398563],[106.94589281653435,20.87318877812949],[106.94593096378593,20.87344054813519],[106.94637346945098,20.874056620842847],[106.94654131600835,20.874197765428725],[106.94667101640661,20.8742607081123],[106.9468083451369,20.8742607082876],[106.94693041486664,20.8741920428938],[106.94707537380734,20.87407188056107],[106.94738054887104,20.873593135722462],[106.9477086125295,20.872652813336742],[106.94799852949113,20.87206916361827],[106.94809008327917,20.87165336201587],[106.94809008308633,20.871163174035466],[106.94808245407626,20.870882792700993],[106.94798327074375,20.870631022545655],[106.94780016572294,20.870425029661394],[106.947472102317,20.87028388590758],[106.94701433793966,20.869852825069422],[106.94686937940101,20.8698070490589],[106.94651842828557,20.869784161126884],[106.94613695773045,20.869824215065364],[106.94601488817061,20.869801327018802],[106.9458012646426,20.869643017248013],[106.94565630555142,20.869591517744],[106.94501543724904,20.869616313833873],[106.94460344979781,20.86950759521592],[106.94448137893727,20.869532391307853],[106.94432116141324,20.869738384434953],[106.94432116210233,20.8700130419783],[106.94442797389594,20.870268626826377],[106.94462633741887,20.8704517328647],[106.9447941846604,20.87054519331211],[106.9449391431847,20.870554728924734],[106.94526720678061,20.870444102702713]]],[[[106.94444323171278,20.87697105071138],[106.94452715595612,20.87707786243076],[106.94471026058613,20.87716369268174],[106.94490862457793,20.877142711930244],[106.9449467724923,20.87703971513822],[106.94491625516011,20.87689284915542],[106.94485522052553,20.876814647986237],[106.9446568546327,20.876763148932127],[106.94451952562072,20.87677459291054],[106.94446612141269,20.876826092134326],[106.94442797409934,20.8768985709467],[106.94444323171278,20.87697105071138]]],[[[106.94884539324767,20.878229900535338],[106.94886065164297,20.877800747413048],[106.94890642822197,20.877596661455105],[106.94900561053252,20.877463146275662],[106.94966936785107,20.877131267232855],[106.9498524728859,20.87697868062525],[106.94992876664693,20.87685279556937],[106.94991350768889,20.87658385794928],[106.94985247328,20.876387402264942],[106.94951678047333,20.87614135389403],[106.9492955273954,20.876101299442134],[106.9491200512091,20.87612800252559],[106.94890642783281,20.87622909263022],[106.94797564213319,20.87696151304559],[106.9476552081633,20.877333445858604],[106.94753313722182,20.877781673022536],[106.94751787805224,20.878081127575918],[106.94757128399516,20.87845687552836],[106.94765520816851,20.8786590540737],[106.94779253695793,20.878783031258404],[106.94806719481757,20.87884978928461],[106.94831133541543,20.878853603475154],[106.94847918262134,20.878798290001356],[106.94877672956001,20.878535076143123],[106.94884539324767,20.878229900535338]]],[[[106.94738054878573,20.879498287159045],[106.9473805493864,20.88001517947326],[106.94744158460915,20.88008002815641],[106.94760943088066,20.88005904828236],[106.9479756424157,20.879891201082465],[106.94812060152809,20.879729075940265],[106.94816637742159,20.879519268632674],[106.94812822980425,20.879166408596504],[106.94806719514486,20.878994747689948],[106.94795275372238,20.87889938065734],[106.947807795148,20.878865047117408],[106.94762468966807,20.87894515653808],[106.94752550808978,20.87910728135012],[106.94738054878573,20.879498287159045]]],[[[107.04610491044555,20.700592790041895],[107.0463109039657,20.70061758555757],[107.04640245691175,20.70054510556635],[107.04660082119462,20.700115953292013],[107.04644060374994,20.699700151334227],[107.04644823325845,20.699557100159925],[107.04667711441353,20.699187074315297],[107.04670000292357,20.699061189209505],[107.0466618561807,20.698946747787044],[107.04655504521364,20.698853287845946],[107.0462880158569,20.698895249773447],[107.04615068650457,20.699017319587607],[107.04607439229724,20.699145112099927],[107.04604387469152,20.699562822271467],[107.04599047002868,20.69970587290118],[107.04567766400335,20.699950013616725],[107.04567003439425,20.700049195853616],[107.04571581101946,20.70015219312653],[107.04610491044555,20.700592790041895]]],[[[107.0439839388279,20.704724106958004],[107.0443654090012,20.704708848593825],[107.04467821435694,20.704567705595533],[107.04579973528668,20.70351866331379],[107.04594469323439,20.703301225459036],[107.04594469326317,20.70312574890409],[107.04589891688349,20.70304945533494],[107.04574632915394,20.703013214766933],[107.04557848229769,20.703038011143168],[107.04531908274895,20.703161989554502],[107.04505968336406,20.70344999851205],[107.04489183658292,20.703556810610124],[107.04436540891189,20.70360067878796],[107.04412126809011,20.703779970092942],[107.04395342077076,20.703978334118723],[107.04385423854225,20.7041786052346],[107.04383135112033,20.704457078016905],[107.04386949747187,20.70462683193784],[107.0439839388279,20.704724106958004]]],[[[107.0450062777594,20.706726822848694],[107.04501390687503,20.70686987385942],[107.04503679479669,20.706951890543618],[107.04515123614668,20.707043443168253],[107.04541063573198,20.707068239516634],[107.04550218834835,20.70700720463051],[107.04583788227754,20.706953798371348],[107.04599047010996,20.70715406947031],[107.04609728135567,20.707224641701274],[107.04663896819135,20.70723990056711],[107.04706621397007,20.707066331449514],[107.04731035523012,20.706843172487023],[107.04738664893185,20.70665052937303],[107.0474171659741,20.70627668917747],[107.04743242501287,20.70590284923959],[107.04739427787693,20.705717835745936],[107.04707384437798,20.70564535675542],[107.04689836840087,20.70567968879657],[107.04651689822778,20.70592573758815],[107.04638719812266,20.705965790920235],[107.04622698060082,20.705923829091205],[107.04602861704676,20.705942903084853],[107.04531145433852,20.706225191397632],[107.04516649501065,20.706309114641726],[107.04508257191536,20.706446443707204],[107.0450062777594,20.706726822848694]]],[[[107.03844499828041,20.70915869330855],[107.03881120908281,20.709055696540773],[107.03911638476593,20.70882109212025],[107.0393147494279,20.708523546911458],[107.03938341417296,20.708264146763447],[107.03958940810323,20.70777968035889],[107.03978777201787,20.707497392588472],[107.03997087733141,20.707285676803785],[107.04043626960188,20.70697859367706],[107.04052019393598,20.706835542474842],[107.04052782335441,20.706604753473496],[107.0406193760099,20.70641211149671],[107.04131365061629,20.70576742693738],[107.04148149699294,20.70539167927335],[107.04238939531717,20.704026018036437],[107.04290056482779,20.70368460221674],[107.04309129956742,20.703463350240696],[107.04310655831026,20.703057084128073],[107.04299974689916,20.702866350446797],[107.04287767658788,20.702772889965622],[107.04270982987042,20.70271566893235],[107.04234361882156,20.702807222157112],[107.04178667237461,20.703051362129536],[107.04098558687672,20.70332792794565],[107.04074907539082,20.70351294124345],[107.0396962190844,20.70561483906442],[107.03945970826621,20.705969606119755],[107.03907823767572,20.706364427590962],[107.0385823275665,20.706583772630434],[107.03749895345875,20.706705842799096],[107.03682756668807,20.70703199992529],[107.03672075522093,20.707159791908477],[107.03658342557944,20.707621370109425],[107.0365681671455,20.70819357495979],[107.03648424384437,20.708380495224205],[107.03625536176452,20.708679948898137],[107.03606462707216,20.70908812199052],[107.0359578163626,20.709631715901946],[107.03592729779483,20.71003798035886],[107.03598070375203,20.71023634535459],[107.0361866981494,20.71031645359972],[107.0363545444063,20.71029165875268],[107.03646898537276,20.710257326313243],[107.03688860217044,20.709927354201962],[107.03720140742921,20.709522996558643],[107.0373158482463,20.7092101916967],[107.03733110651909,20.709008012704565],[107.03724718285632,20.708372865303627],[107.03733873613498,20.708327089791286],[107.03792619963103,20.70831945927822],[107.03807115761501,20.708334718347412],[107.03819322797834,20.708399568329376],[107.03831529901235,20.708552156188308],[107.0383152986258,20.708639894164072],[107.03820848684165,20.708903108935363],[107.03824663443099,20.709116731422466],[107.03831529851338,20.7091548790012],[107.03844499828041,20.70915869330855]]],[[[107.02202654055273,20.70774344079401],[107.02290392182674,20.708073412371174],[107.02310228581446,20.708086763839294],[107.02323198592636,20.70797613764055],[107.02333879699863,20.707777772472806],[107.02340746155008,20.707344804596808],[107.0233235377567,20.70708349806168],[107.02316332085111,20.706812654684732],[107.02333879716062,20.706297671261073],[107.02334642708973,20.70612219496879],[107.02327776144853,20.705855165976338],[107.02311754492881,20.705801760062908],[107.0229268099148,20.705826555752417],[107.0227284461764,20.705933366701586],[107.02232408787933,20.706326281008224],[107.02219438775768,20.706375871839565],[107.02187395332096,20.70631483726619],[107.02166796009705,20.706322465942666],[107.02146196539296,20.70636824298068],[107.02136278398774,20.706457887888977],[107.02121019525977,20.706721101769986],[107.02124071369778,20.70704916625981],[107.02136278368488,20.707232272134064],[107.02168321912238,20.7075183742215],[107.02202654055273,20.70774344079401]]],[[[107.02824449738974,20.707623277383114],[107.02851915558756,20.70723036368622],[107.0285115268668,20.706913744042108],[107.02839708613686,20.706784044918955],[107.02816820394625,20.706661973504474],[107.02802324545215,20.706684862626638],[107.02785539903778,20.7068012105716],[107.0275120754332,20.707127366401483],[107.02732897082022,20.707386766417507],[107.02727556520446,20.707567965081235],[107.02737474638262,20.707714830710504],[107.02755785184802,20.707833085565543],[107.02795458094697,20.70781210610188],[107.02808428048769,20.707760607111332],[107.02824449738974,20.707623277383114]]],[[[107.04209184860274,20.70731619422549],[107.04204607280946,20.707031999686492],[107.04190111426024,20.706856523330423],[107.04177141439614,20.706843172420033],[107.04133653874389,20.70690802159862],[107.04068041107989,20.707085405161614],[107.04064226395826,20.70717314364824],[107.04064226435544,20.70726660305971],[107.04091692224823,20.707812105298576],[107.04117632209667,20.707924638678975],[107.0414662386319,20.70793226888317],[107.04167223221441,20.70783690023194],[107.04187059673225,20.707642351731092],[107.04209184860274,20.70731619422549]]],[[[107.03974962495688,20.708397661945444],[107.03999376583418,20.708416734574346],[107.04005480071424,20.708393846482256],[107.04005480106747,20.708306108549625],[107.03986406561431,20.708000932616006],[107.03971147809202,20.707941804526605],[107.03958177810075,20.707981859199712],[107.03955126066676,20.708054338412918],[107.03957414919978,20.708273683436452],[107.03974962495688,20.708397661945444]]],[[[107.02771806972243,20.708672320080517],[107.02769518150114,20.709044252600968],[107.02756548171665,20.709505830505382],[107.02718401231401,20.709849153506404],[107.02716112364801,20.70998648330107],[107.02716112357919,20.710118089769757],[107.0272526764701,20.710373674570775],[107.02800798705147,20.710627352308425],[107.02816820420168,20.710625444820348],[107.02830553267476,20.710606371019935],[107.02869463171706,20.71039465583582],[107.02920580222566,20.709683214977193],[107.02921343117796,20.70952490511854],[107.02916002456398,20.709120547094102],[107.02906847268834,20.708885942837515],[107.02896166099578,20.70876196503051],[107.02856493298144,20.708521638803518],[107.02849626791003,20.708418643149763],[107.02849626748795,20.708123002364264],[107.02843523272129,20.70799139575173],[107.02835893887337,20.70791701002539],[107.02819109167062,20.70790175097557],[107.02791643383168,20.708084855948925],[107.02777910487143,20.708420549671246],[107.02771806972243,20.708672320080517]]],[[[107.0174794220149,20.709999834970233],[107.0173649809962,20.710186754885264],[107.01735735173767,20.710306917940965],[107.01745653352013,20.710512911417723],[107.01769304452934,20.710636889097422],[107.01786852045248,20.71067312950837],[107.01831865602931,20.710678850795045],[107.01860094317311,20.71052244774868],[107.01860094260053,20.71032599130185],[107.01849413175614,20.710076127719873],[107.01825762076312,20.70990828188529],[107.01810503255896,20.70985487575468],[107.01779222653613,20.70986441299322],[107.0174794220149,20.709999834970233]]],[[[107.0468831087803,20.71167257844174],[107.04703569705777,20.711510454416725],[107.04717302624083,20.711245332255316],[107.04729509596571,20.710860048474217],[107.04750109018025,20.709624086136476],[107.04747057223985,20.709475313012195],[107.04735613075817,20.709400926530332],[107.04718828478967,20.709385667200994],[107.04697466224977,20.709431444479332],[107.04658556232374,20.709744249105924],[107.04620409358083,20.71042326575253],[107.04607439324074,20.710881029311526],[107.04610491130933,20.71112135537476],[107.04620409295512,20.711334978393577],[107.04638719832863,20.71159056205959],[107.04673814986441,20.711701188630595],[107.0468831087803,20.71167257844174]]],[[[107.04367876324197,20.71167830091997],[107.04359484018349,20.711783204336328],[107.0435719522903,20.71187094343696],[107.04368639172876,20.71200827233156],[107.04377794479342,20.712038789140752],[107.04402208616165,20.71202543885078],[107.04410600958154,20.71200255063974],[107.04422045038281,20.711836610907216],[107.0441212685804,20.711602006380268],[107.04386949790155,20.711582933092977],[107.04367876324197,20.71167830091997]]],[[[107.05097246396265,20.712431703654612],[107.05096483510196,20.712672029547157],[107.05100298207556,20.713017259182507],[107.0511021644903,20.713324342534957],[107.05118608764656,20.713459764380097],[107.05134630506046,20.71360663034369],[107.05159044513758,20.713640962876088],[107.05169725763025,20.713574205223818],[107.05194139743004,20.713297639045276],[107.05222368571226,20.71263578938358],[107.05242967891301,20.71200827278459],[107.05265093076382,20.71177939008805],[107.05366564108034,20.711031709658144],[107.0539097810642,20.710787569509904],[107.05396318713228,20.710583482680093],[107.05394029952444,20.71042517193636],[107.05378771147903,20.710268770138097],[107.05339861182595,20.710272584428154],[107.05315447077447,20.710320268525777],[107.05224657319384,20.710692201674323],[107.05209398552341,20.710787569055608],[107.05177355097247,20.71113661311036],[107.05103349951128,20.71219519274256],[107.05097246396265,20.712431703654612]]],[[[107.02584123935154,20.710579669048464],[107.02587175573181,20.710316453845053],[107.02580309182107,20.710196290740328],[107.0256428733887,20.709963595041422],[107.02495622847267,20.70918539680931],[107.02468919961495,20.70910147280045],[107.02439928268647,20.70913580588631],[107.02390337141802,20.709120546727682],[107.02368212009065,20.709036622884085],[107.02351427328804,20.708918368391917],[107.02342272036566,20.708765780288346],[107.02327013291341,20.70866850505994],[107.02312517376009,20.70863798813902],[107.02303362065048,20.708678041992407],[107.0227971099557,20.709008013399206],[107.02279710979194,20.709116732173765],[107.02250719295817,20.70946386972587],[107.02234697598118,20.710335528432555],[107.02220964646393,20.7107208116807],[107.02203417109277,20.71085241897976],[107.0218510649762,20.710921084372455],[107.02106523826089,20.7110946529732],[107.02081346739105,20.711081300711566],[107.02076006147875,20.711010729132592],[107.02073717403148,20.710797106503293],[107.02079057921482,20.710278307327208],[107.02076769053862,20.710053239843347],[107.02066850833432,20.70982626623246],[107.02031755696535,20.709473405634945],[107.0201191931414,20.70937803862972],[107.01976824035316,20.709328448218766],[107.01935625318477,20.709469592233397],[107.01919603602147,20.709706102831028],[107.0190815946953,20.710089480225722],[107.0189442653375,20.71035460111417],[107.01870775475895,20.710667407292622],[107.01845598506883,20.711544787567643],[107.01859331342258,20.7124507783555],[107.01856279561338,20.71287230240284],[107.01845598442173,20.713158404275724],[107.01810503279711,20.713856493315525],[107.01785326304031,20.71403959964861],[107.01735735231843,20.714279924941778],[107.01713610038011,20.714480195946493],[107.01710558149658,20.7146327847483],[107.0171360998949,20.714758669331356],[107.01726579919557,20.714854037471486],[107.01744127531252,20.714901721134993],[107.01775407976861,20.714865481243894],[107.0179677042664,20.714798724788785],[107.01836443149465,20.71447638194701],[107.01860857249626,20.71447828932415],[107.01876878988037,20.71453741695192],[107.01899767191419,20.714691912289933],[107.01915025995027,20.714930331559064],[107.01927232964809,20.715590273750127],[107.0193486236062,20.715710436527825],[107.01946306454137,20.715752398680397],[107.01971483498245,20.71573332551902],[107.02008104584586,20.71566275293307],[107.02040911024096,20.715506350270665],[107.02074480343705,20.715470110286994],[107.02094316704357,20.71558836672102],[107.02127886112663,20.71590117158943],[107.0215382595747,20.715929781332736],[107.02169847681398,20.715868746154147],[107.02191209993971,20.715685641638313],[107.02217150017046,20.715327059668045],[107.02229357034696,20.714970384833084],[107.02223253514086,20.71469763385772],[107.02224779420789,20.714501176912705],[107.02218675849556,20.71416739128099],[107.02220964684682,20.71404150591988],[107.0222935699624,20.713862215381745],[107.02249193421343,20.713597094236654],[107.02304125058014,20.712973391133094],[107.02316332128434,20.712462222209787],[107.02336168490822,20.7119148131786],[107.02355241943762,20.711649691390704],[107.0237278959679,20.711451327343518],[107.02413225394835,20.711249147731927],[107.02459001774008,20.711041246780784],[107.02561235703202,20.710690295167115],[107.02584123935154,20.710579669048464]]],[[[107.0163273835174,20.71696356489731],[107.01647234160956,20.717011248192218],[107.01676988915156,20.717203890052218],[107.01714372892928,20.717636858842702],[107.01728105786468,20.717722689279164],[107.0174717925887,20.71769789466449],[107.01797533284078,20.717528140475725],[107.01811266236963,20.71745566068344],[107.01820421526551,20.71734121949882],[107.01828813783727,20.717034136225045],[107.01862383135689,20.716599261552993],[107.0186390902059,20.71626928967211],[107.01860094250695,20.716139590733267],[107.01847124385317,20.716074740578534],[107.0180897739602,20.716095721317238],[107.01745653435957,20.716460024178478],[107.01729631705017,20.71645430200303],[107.01684618321471,20.71629027006751],[107.01670122414413,20.71627691981933],[107.0163044956901,20.71630362207294],[107.0161976835022,20.71637991665928],[107.01614427821964,20.71647909818183],[107.01614427750448,20.71659544608218],[107.0161595366522,20.71674803484881],[107.01621294285806,20.716845309765],[107.0163273835174,20.71696356489731]]],[[[107.05770159085742,20.717196260591162],[107.0576939616417,20.717482362327196],[107.05780077227098,20.717594896002375],[107.05800676614061,20.717619691682536],[107.0581593546552,20.717591081598712],[107.0584569006237,20.717259202649817],[107.05845690072076,20.71696928533151],[107.0582585364162,20.716828142614954],[107.05798387885676,20.7169196943589],[107.05779314364504,20.71705320957148],[107.05770159085742,20.717196260591162]]],[[[107.02956438312296,20.71830061593768],[107.02938127807106,20.718586718303744],[107.02917528382834,20.719063554994477],[107.0290761019384,20.719076907479835],[107.02896929053561,20.71902922344073],[107.02870226256307,20.718813693110768],[107.0285496745103,20.718754565421275],[107.02835130886412,20.71873549127436],[107.02816057560825,20.718781268333906],[107.0275731115374,20.719164645022108],[107.02713060653593,20.71955374398392],[107.02709245943984,20.719685351624353],[107.02715349503369,20.71984747607725],[107.02758074153607,20.720139300400994],[107.02813768603724,20.720427309053537],[107.02846575006377,20.720532214149593],[107.02896928987613,20.720570360913513],[107.02938890685071,20.720772540146104],[107.02973985931207,20.720873629230127],[107.02990770616192,20.72086027860988],[107.03009081153274,20.72080877968156],[107.03035021102147,20.72063139632381],[107.03056383390916,20.720425402560206],[107.03067827525861,20.720177447250954],[107.0307240509876,20.719702517607963],[107.03082323356203,20.719504153408977],[107.03096819225668,20.71938208218243],[107.0313496622906,20.71923521682286],[107.03158617337402,20.71907881451168],[107.03181505554524,20.718798433717094],[107.03181505564498,20.71865538275445],[107.03175401931536,20.718508517164988],[107.03131914452962,20.71816900930579],[107.03085375132859,20.718153750253226],[107.03035021124191,20.71801069885046],[107.0299229656138,20.718001162155215],[107.02956438312296,20.71830061593768]]],[[[107.02789354664004,20.723667895511806],[107.02828264551924,20.72369459813514],[107.02866411511286,20.723789965781982],[107.02885485068732,20.723761355102543],[107.02894640219598,20.723709856701845],[107.02901506716212,20.72358969428625],[107.02893114288958,20.72333792460823],[107.02858019170611,20.723124300766887],[107.0283970859834,20.722956454804734],[107.02827501604169,20.722821032840688],[107.02808428085952,20.722451006433598],[107.02795458090128,20.72234419509397],[107.02774095798931,20.722323214308958],[107.02750444685834,20.722409045289407],[107.02742815321106,20.722552096500895],[107.027367118273,20.722824847016167],[107.02738237609965,20.723290240875865],[107.02749681736339,20.723501955623753],[107.027725698927,20.723625933166282],[107.02789354664004,20.723667895511806]]],[[[107.03791094124922,20.727749621275276],[107.03805589947139,20.727509295042456],[107.03820848736854,20.727019106405436],[107.03820848746528,20.726769244332765],[107.03810167615684,20.7265975822911],[107.03794908847044,20.726479327682952],[107.03778124133909,20.726483140957274],[107.03755235985813,20.726658617278567],[107.03741503049977,20.726834094640022],[107.03727007234005,20.727312838632308],[107.03703356015319,20.727661883615106],[107.0370717071867,20.727879321615543],[107.03725481315176,20.72800711350257],[107.03761339433065,20.72798041064446],[107.03779650021349,20.727881228487618],[107.03791094124922,20.727749621275276]]],[[[107.02159929571452,20.733784472933365],[107.02176714280618,20.73392180250416],[107.02209520684694,20.7339637638997],[107.0223774945249,20.733858860377026],[107.02255297019221,20.733608996964364],[107.02261400511475,20.73345068699208],[107.02259874677594,20.733320987252515],[107.02249193417637,20.733212267853645],[107.0223240889976,20.733197009742486],[107.02190447186145,20.733330523796457],[107.02165270125579,20.7335174442479],[107.0215764077255,20.73368338281031],[107.02159929571452,20.733784472933365]]],[[[107.01255083349977,20.738211429958966],[107.01247453930084,20.738428867624535],[107.0125203161727,20.738735950835157],[107.01239061650733,20.73919562141422],[107.01236772906798,20.7394531131551],[107.01242876378902,20.739863193548874],[107.01252031669149,20.74004248494113],[107.01266527478178,20.74018744248472],[107.01346636211882,20.740374362783186],[107.0135960603602,20.740521228895723],[107.01367998474917,20.74069479722594],[107.01376390742675,20.741093433662158],[107.01393175453424,20.74137572142934],[107.0141224897612,20.74158552930513],[107.01435900115405,20.7421901585133],[107.01471758168222,20.742579258260793],[107.01477098770035,20.74278143667177],[107.01488542853447,20.74298743075874],[107.01504564569132,20.743164814565823],[107.01519060510985,20.74323538554924],[107.01570940344008,20.743300236035545],[107.01610613219336,20.743485248656103],[107.01637316093716,20.7435481920062],[107.01669359561157,20.743582523199695],[107.01686144208944,20.74353674726879],[107.01710558287434,20.743416584783276],[107.01731920592073,20.743218219393125],[107.01745653497024,20.742867267710317],[107.01745653513049,20.74256590648399],[107.01724291158182,20.74218634481073],[107.01681566608121,20.74172095190509],[107.01664018947076,20.741450107732977],[107.01641130751855,20.74092940144195],[107.01621294387058,20.740761554406742],[107.01593828603924,20.740631855583473],[107.01572466244298,20.740629947431216],[107.01525926862332,20.74072722250771],[107.01516771648069,20.74071196353211],[107.01506090474678,20.74064139172764],[107.01494646378423,20.74031714253613],[107.01448870040588,20.73994330236384],[107.01434374188963,20.73966673628059],[107.01422930097488,20.738755024799936],[107.01405382498173,20.73804358212385],[107.01384783052345,20.737696445046772],[107.01372576077432,20.737643039664913],[107.01358080244155,20.73765639141562],[107.01268816265794,20.73803976873428],[107.01255083349977,20.738211429958966]]],[[[107.05910539989804,20.74113920876243],[107.05879259497604,20.741673266361516],[107.05880022439234,20.741858279360255],[107.05898332989757,20.742058550043083],[107.05912065884907,20.742090975110074],[107.05928850515332,20.742045199918767],[107.05951738745553,20.741976534581973],[107.05986071039386,20.741797244064127],[107.06044817307564,20.741598879285064],[107.06067705565637,20.741371905321053],[107.06076097841878,20.741211688623],[107.06079912544746,20.74088362427243],[107.06076860859048,20.740734850374363],[107.0606312788728,20.740654742251838],[107.06036424975008,20.740586077287663],[107.0603032149226,20.740265643542873],[107.06016588634961,20.74008635232953],[107.06003618631433,20.74004439046743],[107.05984545146887,20.740052020122203],[107.05970812194138,20.740107333566733],[107.0595097582386,20.74025229116754],[107.05926561715448,20.740584170127857],[107.05910539989804,20.74113920876243]]],[[[107.062981132417,20.742350375290965],[107.06262255151067,20.742485796173327],[107.06239366952447,20.742686068422245],[107.0617451705381,20.742878710007012],[107.06109667220225,20.743222033738192],[107.06086779038148,20.7433650843454],[107.06071520227816,20.743515765356577],[107.06060076171794,20.743557726412376],[107.0605015793173,20.74345473080266],[107.06029558494342,20.742968356114833],[107.06004381567944,20.742583071361405],[107.05983782253314,20.74245527948702],[107.0594868704555,20.742329394331854],[107.0591130291258,20.742337023310167],[107.05899095900887,20.742438113496803],[107.05896044162769,20.742623126066672],[107.05896807083595,20.743622576936772],[107.05912065895681,20.74393538144476],[107.05929613553278,20.74407271071328],[107.05950975859517,20.7441261169615],[107.05973100993474,20.74410895075852],[107.0604939499286,20.744240557860543],[107.06124926018016,20.744293963904255],[107.06153917777016,20.74425009485868],[107.06193590537471,20.744141375454024],[107.0623631509631,20.743963992655214],[107.06263018078707,20.743920123115004],[107.06282091552488,20.743954455723784],[107.06319475491084,20.744261538554163],[107.06363726043547,20.744252001261703],[107.06391954824122,20.744112765612986],[107.06411791207948,20.743929659503742],[107.06420946557012,20.743775163975183],[107.06420183504159,20.743613039078998],[107.06414843028627,20.74351004347331],[107.06369829551568,20.74304083498217],[107.06382799506825,20.74270132782487],[107.06375932986062,20.742443835572566],[107.06366777831623,20.742346560054678],[107.06349993106572,20.742262636932125],[107.062981132417,20.742350375290965]]],[[[107.06075334925278,20.754130160994027],[107.0609898602716,20.754112995356994],[107.06103563719799,20.75405958907758],[107.06101274859776,20.753889835115483],[107.06083727297705,20.75381163363686],[107.06066942627304,20.753800190283137],[107.06059313257137,20.753868853918192],[107.06063127928478,20.75405005185535],[107.06075334925278,20.754130160994027]]],[[[107.0587773364249,20.754820621128484],[107.05898333028891,20.754938877055558],[107.05938005889239,20.755030429413964],[107.05954027577063,20.75502852220618],[107.05974626996915,20.75495032137128],[107.05979204589477,20.754748142066124],[107.05969286393216,20.754627979432726],[107.05950975863746,20.75451544478218],[107.0591969533411,20.754498279460122],[107.05880022430915,20.754618442027088],[107.0587773364249,20.754820621128484]]],[[[107.05657244191764,20.759136951322468],[107.05638170625363,20.759129322282615],[107.05609178975453,20.758930957440025],[107.0559926074522,20.758745945025144],[107.0559697199267,20.75864485553822],[107.05624437793038,20.75841788170259],[107.05667925295317,20.75819853547216],[107.05679369368298,20.75804785493516],[107.05699205843045,20.758051670269662],[107.05719805149545,20.758211887416095],[107.05743456298903,20.7581546664397],[107.05751085624848,20.75783613888085],[107.05771685065164,20.757738864038323],[107.05799913835068,20.75783804750633],[107.05835009041849,20.75810316823441],[107.05857134310884,20.758106983576884],[107.05913591772283,20.757971560872132],[107.05969286361717,20.757971561506924],[107.06092882536997,20.758415973112527],[107.06106615489294,20.75841406643273],[107.06127977776248,20.75831106917621],[107.06136370125753,20.75812033391588],[107.06140947768284,20.757904804016373],[107.06132555456865,20.75770262529001],[107.06063890876865,20.757401264378682],[107.06024218081856,20.75746611379491],[107.060013298585,20.757462299122604],[107.05986833954385,20.75736883947496],[107.05981493502162,20.757147585836588],[107.05983782310693,20.756903445665166],[107.05994463383055,20.75673369183556],[107.0601506274617,20.75667647140309],[107.0606007614061,20.75675276488956],[107.06132555509829,20.75700072105615],[107.0615162889022,20.7571742894454],[107.0616612475407,20.7577045319008],[107.06177568904288,20.757859027151397],[107.06220293453251,20.757975376530478],[107.06250048096501,20.757838046907906],[107.06256151627673,20.757628238145664],[107.06247759242805,20.757357394877005],[107.06249285180564,20.757054126150383],[107.06264543951904,20.756350315129016],[107.06230974631966,20.756029880239588],[107.0616688766296,20.755545414072163],[107.06137133043487,20.755419528658088],[107.06117296693954,20.755394732743138],[107.05933428227826,20.75565985425026],[107.05904436552669,20.755818164429197],[107.05884600030758,20.75601080717352],[107.05847979001568,20.75648764452132],[107.05812883738804,20.75650481017723],[107.05751848649408,20.756222522313127],[107.0571675346139,20.755862032763705],[107.05701494642707,20.75554541421139],[107.05698442819693,20.75518873922927],[107.05690050605804,20.755068576252228],[107.0565800701655,20.754942691102],[107.05633593041206,20.75473097648949],[107.05620623099938,20.754717623998843],[107.05615282482204,20.75477865903902],[107.05606890170044,20.755139148335456],[107.05612230794958,20.756481922407207],[107.05588579546898,20.756871021568195],[107.05555773173688,20.75717047522403],[107.05521441006606,20.757458483925088],[107.05490160350658,20.757590090882573],[107.05473375746742,20.75788954556356],[107.0547261277891,20.758707798181046],[107.05469561063735,20.75880888697371],[107.05448198815368,20.758961475262137],[107.05442858157686,20.759096897497482],[107.05445909972082,20.759278095283666],[107.05484819858076,20.759787357538084],[107.05490160346318,20.759995258118686],[107.05480242133821,20.760239399329507],[107.05477190451764,20.760435854950458],[107.05482530935261,20.76059798047332],[107.0550694503911,20.76074293980619],[107.05525255669816,20.760727680135318],[107.05536699817696,20.760720050638415],[107.05572557850836,20.760586536815513],[107.0558323907811,20.760424411437423],[107.05614519588315,20.76025084335342],[107.05760240949877,20.76011160664047],[107.05780840343044,20.759981905947132],[107.05796862055762,20.75949934687416],[107.0579228451211,20.75937155524554],[107.05770159131357,20.759255207225607],[107.05757189309458,20.758919513347493],[107.05758715066078,20.758812702324043],[107.05748796869902,20.758585727087194],[107.05733538074917,20.758456028624362],[107.05721331094989,20.75842741724988],[107.0570683518261,20.758459841996153],[107.05694628192526,20.758549488344844],[107.05657244191764,20.759136951322468]]],[[[107.0499959033776,20.758909977572586],[107.04992723834296,20.759159839882386],[107.05000353251087,20.759308612571296],[107.050339227056,20.759587085823142],[107.05103350022813,20.759934223756627],[107.05133867657587,20.76036146929956],[107.05153704075008,20.760378635710126],[107.05199480484106,20.760084903203495],[107.05242205063641,20.759934223635405],[107.05258226824368,20.759667193975766],[107.05259752666662,20.759575640998477],[107.05241442145663,20.759310520323538],[107.05175066408574,20.759299076043575],[107.05146837639727,20.759251392355697],[107.05136156425975,20.759197986345814],[107.05133104788322,20.759018695272502],[107.05123186539701,20.75882414622633],[107.05113268324894,20.75869826159368],[107.05099535388204,20.758623874191677],[107.050796989164,20.758602893057514],[107.05044603743308,20.75869063146916],[107.0499959033776,20.758909977572586]]],[[[107.05149889375863,20.761450565561578],[107.05172777614276,20.761845386199187],[107.0520253223539,20.762087619657137],[107.05216265146404,20.76215056227129],[107.05247545643569,20.76211050821329],[107.05304003159715,20.761362827306723],[107.05329180161854,20.761240757589597],[107.05370378849884,20.761135852691343],[107.05430651188831,20.7608287692615],[107.05435228773003,20.760748661285266],[107.05433702843838,20.760676181325742],[107.0540852591915,20.760613239348086],[107.0535893486873,20.760624683030183],[107.05345964854648,20.76068762561495],[107.05313158425089,20.760971820057122],[107.05301714393588,20.7610195044284],[107.05201769255842,20.761017597476734],[107.05170488800552,20.760769641542197],[107.05155992999927,20.760786808525573],[107.05143785896239,20.760945118351774],[107.05143022965792,20.761069095145224],[107.05149889375863,20.761450565561578]]],[[[107.05986834024186,20.76195601274666],[107.05931139362873,20.76192930916725],[107.05923510049703,20.76179579524124],[107.05926561767453,20.761397159281294],[107.05921984166426,20.76109961298231],[107.05900621866483,20.760906971496965],[107.05874681906197,20.76081541793374],[107.05858660180152,20.760817325585187],[107.05838823778049,20.760725772601305],[107.05825090897707,20.76057127775977],[107.05802202637626,20.76059988717821],[107.05787706781418,20.760704791903105],[107.05754900377809,20.760842121288164],[107.05711412885223,20.760929859062372],[107.05684709977919,20.76108816979424],[107.05661058890664,20.761387621945687],[107.05633593126959,20.762167728065183],[107.05609941853741,20.762514865704272],[107.05604601351345,20.762820041818944],[107.05625200726867,20.763338840155342],[107.0565114069857,20.763752735359198],[107.05719042242278,20.763752735040242],[107.05754137469033,20.763863361071323],[107.05758715063388,20.763848102630103],[107.05760240969184,20.763747013054083],[107.0578923270539,20.763623035034062],[107.05838823773587,20.763630664655203],[107.05915117651551,20.76351240900619],[107.05938768748808,20.763537204116258],[107.06001329904208,20.76380614068589],[107.06030321598577,20.763844287551336],[107.06049395125295,20.763813770362848],[107.0607075742753,20.76368216370857],[107.06089830904524,20.763249195070205],[107.06089067897867,20.763031757180407],[107.06072283218663,20.762839115601217],[107.06002092755486,20.762751377704202],[107.05995226380715,20.762453830141506],[107.06000566857091,20.762244022528467],[107.05999041081728,20.76202276908787],[107.05986834024186,20.76195601274666]]],[[[107.05253649181478,20.762800968903612],[107.05241442166856,20.76273421165966],[107.05228472141579,20.762728489012588],[107.05207872790561,20.76279906072697],[107.05142260120654,20.763148106013436],[107.05108690682441,20.7631519203396],[107.05085039539391,20.76322249235292],[107.05077410216578,20.763281621057484],[107.05076647231816,20.763417041599336],[107.05101061241969,20.76350477963448],[107.05131578886979,20.76372412484514],[107.05162096478261,20.76402357858612],[107.0515065237148,20.764424121491498],[107.05149889405138,20.76463965293834],[107.05153704091039,20.76477698179916],[107.05184984657272,20.76484183181888],[107.05225420462088,20.764820850334505],[107.05255175036092,20.764788425754144],[107.05289507427183,20.76452711861487],[107.05335283701139,20.764447010582597],[107.05368090118205,20.764206684925547],[107.05381823011282,20.76422957245736],[107.05408525909353,20.764359272141185],[107.05432940010965,20.764155185278604],[107.05432939988933,20.76378897493499],[107.05421495894728,20.763716495690392],[107.05397844803694,20.763685977416156],[107.05359697770484,20.763720310142563],[107.05320024894192,20.763680255433027],[107.05291033193414,20.763537204148598],[107.05268907948431,20.763294971964346],[107.05253649181478,20.762800968903612]]],[[[107.05706072307993,20.770548618608935],[107.05690050614311,20.770575321890544],[107.05684709990764,20.77092436649262],[107.05692339415857,20.771210468403392],[107.05709887004058,20.771471775518982],[107.05727434629635,20.771563327390254],[107.05742693396284,20.771578586795876],[107.05759478142527,20.771517551458988],[107.0577549977554,20.771345891026836],[107.05775499823112,20.771200931841435],[107.05767107529252,20.77093962467898],[107.0573201226802,20.77060393162395],[107.05706072307993,20.770548618608935]]],[[[106.95420122792136,20.87360839514827],[106.95453692129317,20.873175426151974],[106.9546437332505,20.873162074898595],[106.95510912563834,20.87356643310321],[106.95537615466102,20.873720927626962],[106.95549059653702,20.87374572395822],[106.95582628923985,20.87362174551439],[106.95610857693173,20.8734481765365],[106.95628405268144,20.873244091143572],[106.95639849453102,20.87299232105863],[106.9564290106307,20.87251357615348],[106.95633745781755,20.87213592123026],[106.95612383485008,20.871750637207114],[106.95583391804372,20.871411129065425],[106.95546007783462,20.871105952933878],[106.95492602053953,20.870846554004306],[106.95489550341057,20.870758815495456],[106.95490313220095,20.8706062277817],[106.95500994442563,20.87030486640862],[106.954979426139,20.8698699906833],[106.9548878744217,20.869662090129577],[106.95459032710198,20.86933402573317],[106.9545445505087,20.869063182856237],[106.9546208446877,20.86888007703371],[106.95471239661714,20.86840323964827],[106.9552311957452,20.867403789042335],[106.955238826076,20.866436763683694],[106.95505572028837,20.865532679921497],[106.95464373308207,20.86463050436548],[106.95430041004614,20.864287181546477],[106.95400286358405,20.864208979725802],[106.95369005847486,20.864268107543875],[106.95355272883951,20.864352031640856],[106.95340014142252,20.86468200301761],[106.9532246656675,20.86440734441169],[106.95318651858011,20.86423568216257],[106.9533619945431,20.863846583446755],[106.95335436512777,20.863732142318486],[106.95327044200666,20.863632960115805],[106.95276690191922,20.863329692159546],[106.95217180837017,20.863140864297545],[106.95165300949031,20.862734599531784],[106.95130968664003,20.862168116685975],[106.95129442877659,20.861977382757097],[106.95133257544087,20.861826701324137],[106.95192003842378,20.86131362437241],[106.95226336178251,20.860958857454197],[106.9524083192129,20.860699458660896],[106.95256090738079,20.86052016725456],[106.95275164223445,20.860441965987423],[106.95294237761387,20.860420985285877],[106.95333147665717,20.860518260767687],[106.95357561742746,20.86078719653751],[106.95373583474935,20.861088557787753],[106.95382738727776,20.86135940172141],[106.95409441527467,20.861649318664643],[106.95416308027794,20.861666484229595],[106.95462847337022,20.86149673001188],[106.954864985079,20.861344142164395],[106.95502520276078,20.861178203297502],[106.95514727237828,20.860941691604335],[106.95539141360764,20.859913630615125],[106.95542193035644,20.859698100030286],[106.95539904226449,20.859465403450535],[106.9552388256632,20.859194560713664],[106.95501757297481,20.859001917930765],[106.95464373269878,20.858769221545028],[106.95454455049634,20.858670038849677],[106.954536920126,20.858561320178758],[106.95466662068758,20.858212275260417],[106.95471239666445,20.85793380251505],[106.95525408350221,20.85744361443013],[106.95574236542645,20.85681991074799],[106.95585680651811,20.856528086705588],[106.95589495320827,20.856289668510353],[106.9557881411311,20.855969232924366],[106.95563555375938,20.85578803507117],[106.9554448184697,20.855461878976673],[106.9549031318086,20.855187220529203],[106.95479632079213,20.85508040924418],[106.95475817365298,20.85499267083501],[106.95478106137008,20.854872508322284],[106.95489550219114,20.85473327148543],[106.95506334991535,20.85459785020501],[106.9552998608001,20.854513925959456],[106.95576525316697,20.854527278476354],[106.95610094611193,20.85469321707451],[106.95684862729145,20.85541037980345],[106.9572148382859,20.855589670915997],[106.95754290283428,20.855685038449362],[106.95772600719938,20.85568885314994],[106.95802355406941,20.855589670900393],[106.95815325317517,20.85545043540673],[106.95841265306449,20.854512019242545],[106.95866442337733,20.854304117674406],[106.95879412393934,20.85430221110517],[106.95893145223968,20.854403300427254],[106.95902300424994,20.854590219776927],[106.95908404046804,20.855114740587098],[106.9591679634905,20.855385584905225],[106.95926714535774,20.855484766728114],[106.95944262152727,20.85550193344476],[106.9595723219747,20.85544089806586],[106.9598698674958,20.85506515019068],[106.95997667942558,20.85473517933224],[106.95994616165649,20.85451392628899],[106.95974779781915,20.854063791679796],[106.9594044745406,20.85367659987887],[106.95945025039899,20.852906031227263],[106.95950365648163,20.852692407484227],[106.95967913256328,20.852400583486755],[106.96006823184014,20.85204963144509],[106.96019030219898,20.85181312106159],[106.96028185438776,20.85154037021937],[106.96028185436491,20.850558085142737],[106.96012163694894,20.849528116499954],[106.9599232733891,20.849182886573903],[106.9596104679,20.84878806572388],[106.95954180316494,20.848614496985643],[106.95945025013843,20.847971720963322],[106.95934343940768,20.847651285553972],[106.95925188602057,20.846953196018504],[106.95924425714986,20.846802515690634],[106.95939684527902,20.84677581264467],[106.96004534297154,20.847355646781818],[106.96015978463879,20.84751777209297],[106.96033526014517,20.847901148854195],[106.96089220621202,20.848501962975345],[106.96091509481033,20.84867553151868],[106.9608769477591,20.848896785131995],[106.96067858370051,20.849461359839236],[106.96067858377742,20.84967688947507],[106.96074724802813,20.84982375568692],[106.96097612901502,20.850016398071094],[106.96124315796948,20.850102228787353],[106.96155596372317,20.850106043285056],[106.9622197209685,20.849964899984144],[106.96236467980304,20.850025934336028],[106.9625172677585,20.85027198312195],[106.96250200815348,20.85044745892021],[106.96202135629532,20.85102157073388],[106.96132708267574,20.851626200628473],[106.96087694748547,20.852219386006656],[106.96078539559166,20.852362436800743],[106.96045733118572,20.853224559259843],[106.96019030276322,20.853607936249222],[106.96013689621752,20.853825374212224],[106.96013689647368,20.854483408652783],[106.96026659635645,20.854790492359832],[106.96051836668839,20.855000300280143],[106.96076250646259,20.85505942776667],[106.96102190633393,20.85506324301794],[106.96148729974712,20.854950709018016],[106.9622349797778,20.854500574843996],[106.96304369573676,20.854323192243577],[106.96357012436845,20.85399512799143],[106.96396685299383,20.853636545685035],[106.96399737102072,20.853647989976082],[106.96401262854741,20.85376815296187],[106.96395159371625,20.854016107780208],[106.96392107698625,20.85463599707933],[106.96395159354906,20.854950709123138],[106.96404314647795,20.855246347945975],[106.96422625164413,20.85550383989644],[106.9643940988499,20.85565642761144],[106.96466875686323,20.855816644896706],[106.9661030822574,20.8559520665223],[106.96707201680992,20.855925363828113],[106.96747637424349,20.85585860696109],[106.96785021426938,20.855683130798955],[106.96857500627222,20.85516242499354],[106.96871233521237,20.855101389960083],[106.96888018263323,20.855086130902713],[106.96933794624253,20.85559348535419],[106.96955919829237,20.855704111331992],[106.96978808054628,20.85580329380257],[106.97026873299619,20.855898660963224],[106.97112322430155,20.85631446253179],[106.97133684752342,20.856350703107207],[106.9716496522969,20.856308740982357],[106.97182512888436,20.856098933003526],[106.9720768985182,20.855356973962703],[106.97223711689301,20.85516433158919],[106.97241259246405,20.854740900840856],[106.97267199154513,20.85439185526349],[106.97337389586161,20.853884500365197],[106.97388506530345,20.853676599216502],[106.97457934025739,20.853041452176864],[106.97498369821501,20.85256843035439],[106.975166803514,20.852288050601],[106.97528887509326,20.851984781642006],[106.97534227946188,20.851412577623172],[106.9754948679777,20.850853723108884],[106.97592211391014,20.849955362158422],[106.97597551992668,20.849879068427803],[106.97603655470353,20.849871439535598],[106.97621966064148,20.85003356370652],[106.9766316474826,20.850092691154703],[106.97668505341262,20.85019950341843],[106.97668505371998,20.850344461134526],[106.97642565318203,20.85093573918193],[106.97626543640897,20.85141066979987],[106.97624254896672,20.851738733265098],[106.976372248189,20.852303308267093],[106.97657824148564,20.85292701170904],[106.97664690654787,20.85474471551754],[106.97678423617802,20.854906839790733],[106.97709704090367,20.85501174382155],[106.97723436944078,20.855015558715834],[106.97747851046114,20.854861063611114],[106.97784472207594,20.854439539501886],[106.9782261903333,20.854208750406208],[106.97845507234321,20.854149622138223],[106.97860766045952,20.854210657047567],[106.97875262011962,20.854351801486743],[106.97881365451116,20.85541800953092],[106.97927141774687,20.856818003129405],[106.97938585912897,20.85745124303666],[106.9794621525352,20.857645792157136],[106.97964525855821,20.857796472588042],[106.97975969938898,20.857838434712193],[106.97985888199392,20.857838434669972],[106.9801564277766,20.85768203196257],[106.980347162821,20.857313913740466],[106.9803471627938,20.855444712801326],[106.98054552634346,20.85503463222319],[106.98082018571219,20.854948801347717],[106.98099566172053,20.854990763709527],[106.98117113746629,20.85516051705852],[106.98130846642921,20.85542945373949],[106.98148394324205,20.8566730446522],[106.98157549567149,20.857014459833735],[106.98177385960976,20.857296747097127],[106.981941706495,20.857403559253118],[106.98206377707992,20.85743979851002],[106.98238421039385,20.85741118819067],[106.98256731722225,20.857319635458733],[106.98271990454049,20.85714034492941],[106.98284197455446,20.85674170975277],[106.98290300973372,20.856222910347697],[106.98289538126978,20.85561065109711],[106.98275042191028,20.854954523803016],[106.98252916942198,20.854298395586756],[106.98226214091268,20.853794855014165],[106.98115587860725,20.852694315784955],[106.98095751461811,20.852412027354532],[106.98091173803543,20.85220031161571],[106.98107195589566,20.85167388289671],[106.98106432526555,20.85145263101068],[106.98094988434228,20.85113791807023],[106.98060656176443,20.85072211624518],[106.98059893232131,20.850596231301314],[106.98063707919003,20.8504875123774],[106.98101091985565,20.85010604278505],[106.98108721332629,20.849921029901804],[106.98114824950295,20.849367898888488],[106.98107958435313,20.84909705543349],[106.98088122080888,20.848814768397787],[106.97947741140503,20.847931665263452],[106.97943163558809,20.847805780423958],[106.97943926488057,20.847685617467977],[106.97971392205325,20.847309869963055],[106.9793934881514,20.84642486029177],[106.97935534108184,20.846041482809905],[106.97946215275206,20.845904154043378],[106.97959185209967,20.84587745119781],[106.97983599385059,20.845925134106736],[106.98036242180025,20.845949930263984],[106.98133135438154,20.846197885459812],[106.9821095523563,20.846173090421267],[106.9822316233527,20.846266550382865],[106.98229265869314,20.846447747716464],[106.98235369336794,20.847163004113675],[106.98242998759861,20.847224039453653],[106.98259020502557,20.84726027871902],[106.98293352726299,20.84719924275182],[106.98368120739767,20.846777719298906],[106.98383379572762,20.846749108855228],[106.98402453055643,20.84682349567719],[106.98419237759603,20.8469913423723],[106.98445940683725,20.847563546595207],[106.98458910542861,20.84768943176511],[106.98513842253182,20.847985071407795],[106.98537493378367,20.848196787211172],[106.98555803930188,20.848501961840288],[106.98583269800052,20.84883956345831],[106.9858937327156,20.849097055098895],[106.98587084429684,20.84932021481974],[106.98574114479828,20.849617760765366],[106.9855198928771,20.849901955754525],[106.98493242825145,20.850470346558158],[106.98491716923247,20.850659174595165],[106.9850468697201,20.85080985446369],[106.98561907448075,20.85112838258034],[106.98767138134991,20.851601403942126],[106.9878468580219,20.851668160904676],[106.98790026418892,20.851763529024723],[106.98790026373733,20.8518455454108],[106.98776293445488,20.851959986311538],[106.98717547110132,20.85212401784852],[106.98699236569185,20.852247994815592],[106.98632097901333,20.852955622022748],[106.98574114492223,20.85321883605043],[106.98542070997505,20.853436273126547],[106.98519182877271,20.853680414673754],[106.98512316414491,20.85420493520226],[106.98516894015064,20.854403299054184],[106.98555041003473,20.854986948469787],[106.98572588598903,20.85533217812298],[106.9858326974269,20.855797571313573],[106.98582506782496,20.856085581057794],[106.98572588586318,20.856426995995687],[106.98550463421392,20.85685996425816],[106.98538256263133,20.85721473120324],[106.98533678642615,20.85754088823028],[106.9853673053401,20.85774306765932],[106.98546648671379,20.85784797121873],[106.98561144490847,20.857878488282033],[106.98629809127256,20.857561868552803],[106.98696184769457,20.857092661092498],[106.98716784209707,20.857025904062834],[106.98746538809361,20.857044977318427],[106.98756456982598,20.857176584089412],[106.98758745744804,20.857321543752864],[106.98757219949405,20.85755614632869],[106.98741198151247,20.85793570915313],[106.98736620605825,20.858240885338407],[106.98743487105091,20.858526987739957],[106.9876256050773,20.85874633229899],[106.98783159933647,20.858900827267835],[106.98809099885898,20.858980936638154],[106.98831225097182,20.85898475131731],[106.98865557403455,20.858904642742644],[106.98904467274558,20.858641428186598],[106.98939562515429,20.858345789444336],[106.98977709529443,20.85781363961057],[106.99005938205649,20.857716364371473],[106.99045611123715,20.857731623154336],[106.99068499279299,20.85767821716243],[106.99087572840341,20.857554239554293],[106.99111986788756,20.857273859297234],[106.99147082005501,20.85696105394273],[106.99167681369255,20.856854242153563],[106.99227190710906,20.85684089089573],[106.9924931585632,20.856812279817994],[106.99280596422882,20.85670928387297],[106.99340105655737,20.856283945623414],[106.99441576714597,20.856251520064177],[106.9947667191771,20.85619048555701],[106.99511767126947,20.85600928681289],[106.99591875686234,20.85545996971116],[106.99616289765005,20.855355066114537],[106.9966664374997,20.855316919101792],[106.99690294856013,20.85534743718471],[106.9970631655656,20.85543326706955],[106.99721575443864,20.855620187983302],[106.99744463574538,20.85612372796065],[106.99745989484184,20.85626296405141],[106.9973378252128,20.856371682726248],[106.99681139608283,20.856440347197914],[106.99404955565039,20.857069773115633],[106.99341631593856,20.857386391969836],[106.992714411736,20.857907099465322],[106.99195910160218,20.858374399095737],[106.9912495676319,20.858988564913922],[106.99085283863627,20.85947875420118],[106.99061632766323,20.85992125901137],[106.99047137016882,20.86036376469044],[106.99050188666905,20.86114386963082],[106.9906392159375,20.861281198361993],[106.99076128674368,20.86134414101872],[106.9909138753278,20.861353678333252],[106.9911809027615,20.861231607230497],[106.99205828401253,20.86071662320821],[106.99266863551863,20.860569757225946],[106.99311876961326,20.860543054120402],[106.99334002231616,20.8605907382358],[106.99346209207738,20.860703271954257],[106.99356127373615,20.86092833939543],[106.99362231046571,20.861420435403343],[106.99373675054221,20.86157111566989],[106.99395800295082,20.86168746466599],[106.99423266151474,20.861742777513882],[106.99469042498269,20.861721796646684],[106.99518633533535,20.861525339092516],[106.99574328129017,20.86119155329113],[106.99619341639944,20.861033242900806],[106.99734545455559,20.860821527352417],[106.99788714103407,20.86060599722848],[106.99897814516218,20.859877390115606],[106.99934435517855,20.859556955315327],[106.99996996656492,20.858725351359663],[107.00045824749614,20.857458871814636],[107.00087786423039,20.857062143064468],[107.00106096924658,20.856953423823587],[107.00119066899366,20.856964867930603],[107.00128222157828,20.85703734756715],[107.0015187326842,20.8573425225772],[107.00173235638334,20.85752181366902],[107.00232744869338,20.857716364198293],[107.00264025408356,20.85797385558401],[107.00274706515485,20.857973855979537],[107.00276232457692,20.85790709902797],[107.00269366002642,20.857638162044267],[107.00294543044045,20.857266229007063],[107.0031132765152,20.85712508604255],[107.00327349404614,20.85691527717576],[107.00340319316813,20.856556696246503],[107.00373888665806,20.856003564528823],[107.00378466327498,20.85559920679178],[107.00408220886155,20.855294031103345],[107.00474596723484,20.8549182830173],[107.00474596672686,20.85476950981966],[107.00426531534181,20.854695123830936],[107.00411272716028,20.854630273888343],[107.00396776907995,20.854512017919387],[107.0038914747341,20.85436515193952],[107.0038304388263,20.85410384525575],[107.00381518080506,20.853586953977167],[107.00373125731187,20.853359979221054],[107.00366259295977,20.85321883556343],[107.00333452911657,20.852867883640073],[107.00319719978707,20.852640908469745],[107.00308275922751,20.852165978997334],[107.0027546953324,20.8513381900802],[107.00213671418106,20.85013846812973],[107.00177813205929,20.84991339941743],[107.0011448932419,20.849646371737133],[107.0009999338063,20.84951476431004],[107.00088549306273,20.8493335657124],[107.00077868208929,20.84904555695257],[107.00075579314186,20.848751825047312],[107.00075579256566,20.847449105380644],[107.00067950007636,20.84697417575326],[107.00045824661271,20.846174996547933],[107.00045824640424,20.844237130088736],[107.00087023358219,20.844296258191985],[107.00234270730779,20.845164101457883],[107.0028843951527,20.845619958888054],[107.00357104008098,20.846539300908503],[107.00418902053431,20.84710959705207],[107.00428820244056,20.84731559188717],[107.00434160845494,20.847698968461216],[107.00438738461561,20.848208230569643],[107.00437212546849,20.848469537185252],[107.00370836877286,20.84929541962645],[107.00370836909035,20.849436562238274],[107.00425005625434,20.850531380739938],[107.00462389596953,20.851727288513167],[107.00482226136877,20.852074425456166],[107.00519610050839,20.85235862030123],[107.00566149361369,20.852379601559438],[107.00585222944527,20.85224990279908],[107.00627947522972,20.85178260144545],[107.00677538591826,20.851609032274858],[107.00706530295547,20.851370614511538],[107.00724840773702,20.851073067547645],[107.00745440201345,20.850567620621675],[107.0075230657917,20.850325387360872],[107.00754595512281,20.849814217975908],[107.00733996078394,20.84889106155174],[107.00714922597005,20.848456185512145],[107.00713396698839,20.84827498745375],[107.00735522003005,20.847534936523154],[107.00756121294462,20.84641913702223],[107.00779772434724,20.845858376178015],[107.00901842766487,20.844481271578893],[107.00935412067618,20.84422377901241],[107.00957537398993,20.843992989272454],[107.0097355911205,20.843716424143018],[107.01017809572924,20.842367927778078],[107.01027727781754,20.841936866901225],[107.01038408906986,20.841271202689498],[107.0104680123188,20.84037284225616],[107.01055193569898,20.84015731104831],[107.01073504025393,20.840094369442465],[107.01265764854908,20.84030608372042],[107.01303148884178,20.840254586206566],[107.01332903566235,20.840157310946974],[107.01370287542703,20.83994368767978],[107.01403093966906,20.839699548077135],[107.01435900408894,20.839554589008724],[107.01543474847146,20.839293281766473],[107.01605272872867,20.839226525160363],[107.01632738810983,20.83932952194949],[107.01642656947645,20.839449685031177],[107.01644945817164,20.839583198941817],[107.01608324705786,20.840172569943505],[107.01576281206343,20.840557854339796],[107.01546526550968,20.840843956891696],[107.01439715026933,20.841292183749115],[107.01376391031924,20.841353219341357],[107.01296282443397,20.841202537737352],[107.01277209010341,20.841297905959784],[107.0127339426402,20.842083732931847],[107.01269579528366,20.84223059892423],[107.01253557915122,20.842469018435487],[107.01165056894342,20.843451302115607],[107.01107836384926,20.84455184255324],[107.01079607648569,20.844979089543404],[107.01073504125866,20.84518126817697],[107.01073504116505,20.845488351638796],[107.01078081777635,20.845730584292625],[107.01087999975536,20.845890801570135],[107.01110888193872,20.846068185329923],[107.01156664579472,20.84630469621478],[107.0122609194092,20.84649161642721],[107.01302386002695,20.846771996285533],[107.01326037053512,20.846922676927047],[107.01329851743678,20.847035210502348],[107.01250506119088,20.84743384644616],[107.0123372137477,20.847477715260542],[107.01164293862843,20.84749869597961],[107.01109362270581,20.847800057413725],[107.01086474132221,20.84800414321667],[107.01070452399118,20.848227303461293],[107.01061297132549,20.848463815067536],[107.01054430665363,20.849095147703796],[107.01046038268902,20.849203866176467],[107.0098424021496,20.849606316737955],[107.00941515589592,20.849934380598754],[107.00927782692605,20.850109856589057],[107.0092778267216,20.850210946098333],[107.00968981417104,20.850823205673613],[107.00968981426196,20.850924294257567],[107.00956011469206,20.850952904733422],[107.0086979928234,20.850861352779486],[107.0084767408958,20.850924294976995],[107.00829363489143,20.851061623528786],[107.0081639361009,20.851229470619547],[107.00808764217662,20.851418298219638],[107.00806475310179,20.851687234688242],[107.00849962921305,20.85278395969735],[107.00853777582678,20.85295752827816],[107.00853014605158,20.853178780976688],[107.00845385329734,20.85338095996905],[107.00817156486012,20.853653710544275],[107.00759173149434,20.853955072051455],[107.00753069648802,20.854069512330742],[107.00751543680978,20.854231637692173],[107.00761461887079,20.85447196416124],[107.00773668874346,20.854584496553464],[107.00894976271762,20.855053704657845],[107.00999499045756,20.854973595300816],[107.01050615990293,20.85522918104096],[107.01094103530984,20.855532449864654],[107.01141405824788,20.85578231139889],[107.0116887163946,20.855778498039736],[107.01182604497566,20.85573081378069],[107.01194048577325,20.855635445750412],[107.01208544456946,20.85544471140891],[107.01244402593942,20.85466269831929],[107.01259661423029,20.854452889737566],[107.01279497787347,20.85426978451934],[107.01304674765095,20.85416678714961],[107.01326037149431,20.854143899265946],[107.0134434775307,20.85418776855354],[107.01357317634152,20.854267876899677],[107.01363421094506,20.85435370769371],[107.01367998789544,20.854582589584133],[107.01365709988566,20.854971688286277],[107.01352739991066,20.85518721824186],[107.01316118931388,20.85559348445417],[107.01269579644986,20.856016915297875],[107.01252032012552,20.856079858526215],[107.01181078636874,20.85613517174634],[107.01083422418779,20.85670928391519],[107.01015520828145,20.857287209995878],[107.01004839573778,20.857321542888506],[107.00991869621633,20.857331078453043],[107.0092244213564,20.857064050759135],[107.0090565751553,20.857065957420605],[107.00898028154772,20.857126992537818],[107.0088734695714,20.85726241504363],[107.0087895459737,20.857699198016014],[107.00872088111839,20.858439249022897],[107.00835467008089,20.859764855977946],[107.00836992929786,20.860630791935215],[107.00840044704083,20.860697549553716],[107.00853777596627,20.86078338016024],[107.0087132523516,20.860762400113295],[107.00882769292086,20.860619347731777],[107.00888109912697,20.860464853390926],[107.00900316951763,20.860329430574403],[107.00919390441452,20.860272210973033],[107.0093159742387,20.860304636266715],[107.01023913104184,20.86096457831243],[107.01116228863455,20.86137656569384],[107.01136065240807,20.8613613072909],[107.01144457538516,20.86127356928773],[107.01147509367404,20.861031335979536],[107.01108599466816,20.859934610248985],[107.01107073544966,20.85967330290491],[107.01109362336292,20.85959319482845],[107.01126909941824,20.85950927095411],[107.01138353990717,20.85954169591376],[107.01164293909704,20.859707635750382],[107.01190996843546,20.859946054311067],[107.01212359085875,20.86007003195711],[107.01264238999835,20.860218804671586],[107.01311541330504,20.86021308255179],[107.0139546462727,20.860403817858845],[107.01432085737348,20.86032752354759],[107.01455736820945,20.860190194841476],[107.0146641806569,20.86032370896063],[107.01470232764537,20.86048964855118],[107.01469469695023,20.861315530697958],[107.01478625045966,20.86158255854894],[107.01504564938152,20.861815256185505],[107.01519060864653,20.861874383805606],[107.01549578421451,20.86189727187456],[107.01569414820678,20.86182097740482],[107.01610613495497,20.8615062648916],[107.01634264626763,20.861208719162246],[107.01648760579542,20.86089209886026],[107.01654864001692,20.860588831220888],[107.0164876050043,20.860180657903133],[107.01644182962127,20.85922698398918],[107.01652575221478,20.859078210816598],[107.01671648719712,20.85894851092044],[107.01702166365195,20.85887793892052],[107.01815844191786,20.85877684974173],[107.01850176555449,20.858660501022364],[107.01868487135171,20.85865096495942],[107.01918078118126,20.85886649447114],[107.01940203454947,20.85883788479676],[107.01951647576291,20.858734887476707],[107.01955462187263,20.85862616832559],[107.01963091653528,20.858176034457642],[107.02003527320488,20.85803107535164],[107.02025652591793,20.857704919665427],[107.02030993184485,20.857697289113094],[107.02036333739031,20.857744973512077],[107.02046252071605,20.857992928433912],[107.02058459069646,20.858078759504625],[107.02113390600007,20.858105462728204],[107.02116442431429,20.85815123869359],[107.02114153639009,20.85834578815563],[107.020218379577,20.859383385576937],[107.02002764452847,20.859453957611947],[107.01985979731094,20.859455865960623],[107.01966143319834,20.85944442173914],[107.01931811013532,20.85935477609076],[107.0190358236464,20.859539788959783],[107.01889086396534,20.859856408469682],[107.01876879412663,20.859999459590586],[107.01805926071796,20.860478205118053],[107.01794481965558,20.8606536808203],[107.01792956161988,20.86078719485497],[107.0180058546044,20.861101907940647],[107.01834154853803,20.861687464070666],[107.01845598971803,20.861820977771345],[107.01855517181403,20.861893457012556],[107.01894426996596,20.861902994179268],[107.01907397064664,20.861853402530077],[107.019241816266,20.861723702455834],[107.01985979691844,20.8611801090499],[107.02040148449785,20.860953133843132],[107.02060747835301,20.860775750451896],[107.02100420694843,20.860247414240437],[107.02110338889597,20.86020545357081],[107.02121020079413,20.860218804394915],[107.02169085276394,20.860400002615837],[107.02195025130894,20.860611718408713],[107.02208758149376,20.860825341834406],[107.02219439235016,20.861092370979094],[107.02229357403172,20.861439507895852],[107.0223546098852,20.86200980549579],[107.02243853340855,20.86208991361811],[107.02267504406295,20.86211471005936],[107.02293444302833,20.861935418514744],[107.02300310852571,20.86181525553929],[107.02292681421386,20.86118392344272],[107.0228200021521,20.860850137980243],[107.02281237360214,20.86064223660404],[107.02305651395255,20.860075753852627],[107.02310229076491,20.859793465993356],[107.02306414375896,20.859665673884734],[107.02247668017655,20.859129708171594],[107.02230883294645,20.85892371491348],[107.02216387562247,20.858670037767983],[107.02209520994293,20.858408730866344],[107.02214861596775,20.858166497838305],[107.02236223951026,20.858029168116694],[107.02259112097374,20.85796050371469],[107.02336168896746,20.85784415552828],[107.02360583071132,20.857773583526267],[107.0238041943325,20.857657235498408],[107.0239644127751,20.85751418430312],[107.02401781766171,20.85734633743876],[107.02411700055765,20.856606286644755],[107.0242161827596,20.85633735045486],[107.02446032270218,20.856280129452003],[107.02489519875854,20.856510918361952],[107.02510119093121,20.85651473330001],[107.02568102545631,20.856320184508004],[107.02595568475255,20.856303016891182],[107.0261235300479,20.856407922126607],[107.02618456533229,20.856581490340005],[107.02582598442137,20.857619088268738],[107.02549792039105,20.857811730101044],[107.02500963979205,20.85795096711616],[107.02478838637265,20.85811499962489],[107.02462816970008,20.858324807490536],[107.02460528148616,20.858540337266188],[107.02468920451999,20.859526437298605],[107.02444506314978,20.860052865853717],[107.02417803559713,20.860398095937356],[107.02402544738784,20.860701363529078],[107.02397967062686,20.860911172396058],[107.02398730025372,20.861164849508988],[107.02404070620979,20.861380379306738],[107.02473498042065,20.862479012204766],[107.02503252716366,20.862763207776993],[107.02526140951149,20.86276130086952],[107.02542925505713,20.86262587892769],[107.02549792080833,20.862309258658055],[107.02568102565664,20.861849588036275],[107.02579546694993,20.861681741809296],[107.02643633518078,20.861176293511225],[107.02684069375123,20.860802453546935],[107.02696276423774,20.860600274486067],[107.02713824070166,20.859999459229776],[107.02726793925612,20.859797280857986],[107.02751970905663,20.859652322093172],[107.0276799278019,20.859617989740464],[107.0278706620438,20.859648507214892],[107.02810717338913,20.859801095590214],[107.02822924339897,20.860102456104922],[107.02824450212347,20.86032370890544],[107.02819872667389,20.860619347059387],[107.02800036189049,20.86109809277699],[107.02781725677653,20.861408990764133],[107.02770281515679,20.86177138616402],[107.02772570347531,20.862061303111997],[107.02777147940039,20.86214713474731],[107.0279316979532,20.862240594117758],[107.0283742022827,20.862059396099507],[107.02880907777951,20.861973565383273],[107.02908373531123,20.861862939608113],[107.03030443847481,20.860546868199688],[107.03099108433591,20.860169213521313],[107.03117418925443,20.859993737784922],[107.03135729503416,20.859654229489546],[107.03144121876548,20.859659951140276],[107.03176928287006,20.85985831545629],[107.03228808195391,20.859999459428817],[107.03258562742897,20.86013106649274],[107.0327076982363,20.86024932214647],[107.03275347474572,20.86039046620538],[107.03276873337354,20.86073188136219],[107.03285265616343,20.860998910205716],[107.03295183850636,20.861119073043216],[107.03318072073013,20.861277382972297],[107.03384447815736,20.861552041019788],[107.03418017195493,20.861817162044026],[107.034431941419,20.862082284583067],[107.03474474687087,20.862118523245478],[107.03489733431078,20.86208228428068],[107.03535509860293,20.861841958110052],[107.03547716891896,20.861714165213954],[107.03556109109047,20.861498635046395],[107.03559160910149,20.861128609160897],[107.0354466501917,20.860914986104582],[107.03476000584052,20.860567849235842],[107.0346303055737,20.860428611911072],[107.03459978845265,20.860314172689787],[107.03462267618977,20.860207360632483],[107.03472948742383,20.860085290419658],[107.03508806921063,20.859953682950913],[107.0352711743562,20.859843055833895],[107.03576708581852,20.859434884323125],[107.03621721987986,20.85890654844294],[107.03641558333604,20.85880355085445],[107.0365529137371,20.858820717802317],[107.03661394835964,20.858927529602987],[107.03653002465586,20.85911635705114],[107.03615618443621,20.859543603476375],[107.03599596776242,20.860445779407435],[107.03618670238798,20.86085967364131],[107.03631640112366,20.860972207438785],[107.03649187751381,20.861050408198253],[107.03672075964626,20.861040871694073],[107.03694201301047,20.86080436066761],[107.03729296406425,20.85993270182221],[107.03749132892278,20.859675209858977],[107.03756762265354,20.859486382493774],[107.03758288160867,20.85921172457917],[107.03751421665513,20.858843606061733],[107.03768969206985,20.85798911387722],[107.03762865710375,20.85786322903155],[107.03696490034012,20.857735435917505],[107.03688097769003,20.85765723532143],[107.03685045972836,20.857521812937463],[107.03690386510445,20.856970589096125],[107.03670550054564,20.855900567100374],[107.03631640113963,20.855225364863784],[107.03632403132744,20.855038444790196],[107.03658343073799,20.85463217956243],[107.03677416511238,20.854193489860304],[107.03680468333815,20.854033273415524],[107.03665209547496,20.853134910981883],[107.03665209506809,20.852974693618386],[107.03670549984164,20.852804939581763],[107.03681994175558,20.852717201657118],[107.03703356470307,20.852721017336282],[107.03711748850858,20.852814476590115],[107.03725481745835,20.853188316474284],[107.03821612119613,20.85421065566978],[107.03858233228536,20.854878227975597],[107.03878069609823,20.85498885419276],[107.03920031201126,20.85499076197147],[107.04010058111125,20.85410765916906],[107.04014635769617,20.853985588854552],[107.04018450430121,20.853274147467406],[107.04023028144799,20.85309867169824],[107.04064989783276,20.85250930069235],[107.04071856239727,20.852293770465355],[107.04079485650784,20.851790230673036],[107.0407872268523,20.851166527600746],[107.04068041535001,20.850489418968753],[107.04053545737334,20.84993437997505],[107.04056597463433,20.849604408595656],[107.04066515590934,20.849543373586656],[107.0409016672891,20.8495204859355],[107.04156542500044,20.84934500959327],[107.04163408927943,20.84937743457998],[107.04238177059659,20.850247185092165],[107.04271746367232,20.850518028704656],[107.0429234575327,20.85058287842095],[107.04339647940078,20.85061721041269],[107.04352617919379,20.85040168053473],[107.04360247374304,20.849983970686267],[107.04359484477676,20.849493782977515],[107.04352617881858,20.849053184504555],[107.04339647919876,20.848597328763656],[107.04335070368904,20.847954551768282],[107.04339647930355,20.847677986769977],[107.04354906764672,20.847334663937865],[107.04372454283555,20.84710387459507],[107.04386187344421,20.847056190643315],[107.04407549587935,20.847052376283106],[107.04440356033821,20.847149650296835],[107.04466295894238,20.847281257330557],[107.04556322798908,20.84806136390063],[107.04573870389085,20.848166267915268],[107.04599810334273,20.848263542621588],[107.04637194293582,20.848326484657438],[107.04653216115453,20.848318855625322],[107.046631342817,20.84825019027731],[107.04668474958605,20.848122398885888],[107.046646602176,20.84790686809213],[107.04608965611801,20.846941749247286],[107.04602099079615,20.846251289200605],[107.04589129138105,20.845701973078754],[107.04554033928787,20.845209877542928],[107.0455632281482,20.845095436359717],[107.0459065502629,20.844876091261877],[107.04603624974078,20.844746391462444],[107.04605913822144,20.84466628220107],[107.04595232701742,20.84421233325028],[107.04592943836784,20.843909064872662],[107.04634142641825,20.843327324647216],[107.04643297876285,20.842970648948974],[107.0465474195545,20.841995994168943],[107.04641009023793,20.840346138181747],[107.04628039109035,20.839918892121602],[107.04593706806418,20.839237967934626],[107.04579210905372,20.83906439901031],[107.04518175758565,20.83870963292607],[107.04496813542083,20.83848456509384],[107.04473162425029,20.837977210758083],[107.04439593029387,20.837685386057036],[107.04432726555899,20.837471762871537],[107.0442891188586,20.836853782173783],[107.04411364255876,20.83645323885873],[107.04396868342756,20.83598593938213],[107.04389239023688,20.83561019097465],[107.04385424272178,20.834858695804222],[107.04417467787978,20.833580771939243],[107.04418230724568,20.83241919711599],[107.04426622940835,20.831610480539233],[107.04438067100168,20.831042090627506],[107.04439592971453,20.830673972983224],[107.04418230692634,20.83017996936569],[107.04373217297695,20.829327384860512],[107.04352617901533,20.82910422465791],[107.0431828556956,20.828926840512274],[107.04315996789835,20.828831473405955],[107.0433888494652,20.828524390758368],[107.04352617885692,20.828219214588973],[107.0435948434419,20.827748099392412],[107.04357958444895,20.827585974957223],[107.04348803148962,20.827336112618507],[107.0432972962025,20.827164450479266],[107.04299975052055,20.826987067939765],[107.04277849822418,20.826918402243148],[107.04198504032192,20.82738570353113],[107.0415425362315,20.82758406752992],[107.04134417160314,20.827620307293348],[107.0411839550789,20.827511588499355],[107.04112291949048,20.827235022740282],[107.04147387146016,20.826346198721968],[107.04165697786362,20.826060095585376],[107.04184008210991,20.825903693588433],[107.04193926501104,20.825817862591883],[107.04245806379646,20.8255737228102],[107.04289293873605,20.8254325787079],[107.04303789740159,20.82543830017074],[107.04324389109901,20.82554511122312],[107.04344988460144,20.825548926708308],[107.04352617895195,20.82545165136634],[107.04372454272374,20.824894705879665],[107.04385424225589,20.82440833266338],[107.04401445971101,20.82414893257656],[107.04460955278044,20.823567191155302],[107.0451054637021,20.822665015418366],[107.04556322726863,20.821982184004405],[107.04597521475512,20.821072379346834],[107.04611254304075,20.820452490532524],[107.0461583189711,20.820025244241183],[107.04612017217386,20.81956748131554],[107.04615831983986,20.818922796941916],[107.04611254376718,20.818457404081066],[107.04590654905249,20.818106452160066],[107.04584551462143,20.817822257350777],[107.04578447920161,20.816958228449824],[107.04570055651574,20.81674651215413],[107.04524279226105,20.816416540780452],[107.0452275329464,20.816345968852914],[107.04528856839583,20.816235343205886],[107.04545641511729,20.816162863033075],[107.04599047368481,20.816071311184565],[107.04711199438113,20.814968863362854],[107.04727984014858,20.814707556011673],[107.04730272850121,20.814493933139175],[107.0472111764604,20.814024726022105],[107.04727221139991,20.81395224579893],[107.04810381540199,20.813904563276225],[107.04939318331857,20.81393317273993],[107.04960680587855,20.81387404513796],[107.05006456928707,20.81360892358513],[107.05081987976529,20.813593664814793],[107.05110216723355,20.813494482999808],[107.05203295316649,20.812895574858963],[107.05232286991524,20.81282881738458],[107.05241442351527,20.812872686590108],[107.05256701141622,20.81318739942815],[107.05254412326595,20.813471594170156],[107.05246782909322,20.8136642367431],[107.0520787296376,20.81390265468992],[107.05162859563298,20.814377584810472],[107.05150652561872,20.81466368663476],[107.0512852721893,20.814957418642567],[107.05052996211515,20.8156307125736],[107.04984331697607,20.81602553364359],[107.04760790426249,20.818058767841045],[107.04730272797944,20.81824378152213],[107.04712725279802,20.818459311313706],[107.04713488283157,20.818917075471283],[107.04724169356396,20.819159308246828],[107.04762316325063,20.819458762311317],[107.04795122750681,20.819590368972612],[107.04834795685665,20.819657125898043],[107.0494618477069,20.819700995313525],[107.04999590510272,20.820797721023467],[107.05014849344268,20.82087401529309],[107.05086565657075,20.821007529501692],[107.05134630886741,20.82120017146706],[107.05178118369102,20.82142714580098],[107.05217791272895,20.82159117807666],[107.05233049915637,20.821614065802994],[107.05260515811723,20.82152632843776],[107.05312395750299,20.82121161515558],[107.05346727908959,20.821083823064736],[107.05374956732594,20.821087637775076],[107.0539326726052,20.8211639321694],[107.05420733171354,20.821390906006485],[107.05444384220026,20.821724692372484],[107.054642206293,20.822340766090097],[107.05531359364343,20.82295302536726],[107.05530596323278,20.8231590183318],[107.05522204071731,20.823340215889626],[107.05483294148391,20.82380942462392],[107.05481005359668,20.824042121274868],[107.0548405705719,20.82435111138223],[107.0550313053578,20.825020589890435],[107.0550313052724,20.825199881188535],[107.05490923565092,20.825382987530954],[107.05477190694435,20.82537154361696],[107.05403948500992,20.825135031666385],[107.05316973378801,20.82478407894537],[107.0529179631713,20.82449034841795],[107.05266619347783,20.822417060310208],[107.05242968280982,20.821863928306996],[107.05212450632972,20.821751395484693],[107.05156756059941,20.821797171060748],[107.051071649967,20.82178954212114],[107.05069780931788,20.82191161217468],[107.0504002631302,20.822172918813532],[107.05011034681057,20.822626868552742],[107.0498738348996,20.8233268656456],[107.04977465247346,20.823897162222572],[107.04960680613327,20.824465552696363],[107.04940081265948,20.82441596161476],[107.04863787330277,20.823870459588296],[107.04831743842833,20.82382277648473],[107.04810381558656,20.82383803476909],[107.04772997601178,20.82398490072493],[107.04737902242088,20.82427290996864],[107.04728747020513,20.82449416198291],[107.04727984044322,20.825707236726288],[107.0470585882816,20.827477256596794],[107.04709673565729,20.828495780183047],[107.04691363012776,20.829426566486244],[107.0467000067841,20.830035010328064],[107.04633379537255,20.83026007788825],[107.04621172552241,20.830467978856046],[107.04621935447949,20.83063582599467],[107.04627276032556,20.830790320669895],[107.04664660154316,20.831133643491793],[107.04744005872254,20.832026283144707],[107.04799700376475,20.832419196511857],[107.04800463341986,20.8327300946266],[107.04782915791024,20.8331439886579],[107.04794359893805,20.8337581560673],[107.04823351616967,20.834450522406772],[107.04834032722206,20.83458403796038],[107.0484395088638,20.83465079511893],[107.04895830742649,20.834643164758596],[107.04976702376007,20.835091391704207],[107.05002642288373,20.835194389053832],[107.05037737458667,20.83521727706156],[107.05046129876787,20.83512953846631],[107.05053759257818,20.834914008366198],[107.05053759271294,20.834671775387925],[107.05031633944563,20.8342254558815],[107.05013323535302,20.83404616515313],[107.05001879411074,20.83385352317793],[107.05001879354943,20.833706656327696],[107.05020189874688,20.833523551371602],[107.05027056344994,20.833145896966656],[107.05052233347885,20.832474509834714],[107.05047655798921,20.832358161649648],[107.05034685789862,20.83232764365232],[107.04939318346051,20.832377234608213],[107.0489430486349,20.832358161520624],[107.04872942596413,20.83227614563096],[107.04867602115553,20.832211295818578],[107.04867602060546,20.832102576644605],[107.04898119535416,20.831749716351123],[107.04921770793142,20.831333914344874],[107.04937792507111,20.830893317832253],[107.04933977752394,20.829842368473457],[107.04942370093961,20.829293051445067],[107.04937792440904,20.82917098145467],[107.04926348422039,20.829088965283677],[107.0487141671947,20.8289592660011],[107.04856157944708,20.828774253436343],[107.04858446777136,20.82747725688335],[107.04838610339404,20.826834479736057],[107.04834795650041,20.826473990875037],[107.04843187995107,20.826260367193584],[107.04885912575969,20.825867453866483],[107.0497899113801,20.82540587569969],[107.05028582259081,20.825419226500177],[107.0508732852707,20.825663367668565],[107.05163622594846,20.826292792212012],[107.05210161881631,20.82651976613143],[107.05228472395198,20.82666663246435],[107.05275011722236,20.827912131608198],[107.05294085137906,20.828064719208687],[107.05310106899304,20.82808760751454],[107.05389452583795,20.828045645805716],[107.05407000184361,20.82808188561718],[107.05434466071442,20.828247824311948],[107.05448961864252,20.828413764640068],[107.05471850042791,20.82886962025132],[107.05469561244718,20.829584876820743],[107.05449724853153,20.83003882562654],[107.05423784858162,20.8302352823592],[107.05388689715582,20.830382147729903],[107.05383349087799,20.83045844133439],[107.05384112086261,20.83079413531483],[107.05403948533095,20.831179419546547],[107.05435991899557,20.831454077124498],[107.05457354229738,20.831482688703556],[107.0547947948581,20.8314350043239],[107.05551958657222,20.830769339163577],[107.05587816842413,20.830590048344277],[107.0560765324703,20.83053664384293],[107.0562977860506,20.830611029450157],[107.05646563217705,20.830809394864662],[107.05664110811072,20.831471244152432],[107.05665636730564,20.83185080635867],[107.0565724441906,20.83249739728993],[107.05660296121168,20.832625189869585],[107.05707598432947,20.83330420628701],[107.05716753720829,20.83335761118222],[107.05735064168985,20.833376685458855],[107.05760241210659,20.83328703950777],[107.05772448175802,20.833058158413216],[107.0578541821807,20.832953253280362],[107.05831194640405,20.832701483753283],[107.05862475113283,20.832440177761328],[107.05880785641237,20.83238677188875],[107.05900622063336,20.83240393784914],[107.05957842509318,20.83275870412353],[107.0598836007305,20.833006659503397],[107.0601506295824,20.833105841352992],[107.06044817645207,20.83311537873265],[107.06049395313319,20.833056250592062],[107.06055498807176,20.83255271086019],[107.06065417014715,20.832358161426487],[107.06127215097273,20.8315513520147],[107.06129503938314,20.83140257913098],[107.06127978026234,20.83120230688162],[107.06109667457578,20.83091429862748],[107.06099749261216,20.830334464729354],[107.06084490479417,20.830052176087836],[107.0604939529659,20.829785147566575],[107.06018877648148,20.82963446721505],[107.05979204821723,20.829541007222804],[107.05959368393061,20.82956961755342],[107.05948687312683,20.829666892621294],[107.05934191414637,20.830004492469783],[107.0591969561847,20.830593863614418],[107.05902147894304,20.830860892195425],[107.05880785632682,20.831003943813755],[107.0585560862465,20.83106497812923],[107.05832720465781,20.83105544219951],[107.05819750474508,20.830941001524437],[107.05814409933106,20.830786505701358],[107.05832720447565,20.829642096677293],[107.05830431562505,20.829520026243898],[107.0581975050513,20.82946662002445],[107.05781603511345,20.8296363742096],[107.05760241157947,20.82960013506083],[107.0574956010959,20.829478064571898],[107.05748797089267,20.829195777272385],[107.05731249500866,20.82921675760873],[107.05706072453431,20.829352179365742],[107.05680895490967,20.829348365660117],[107.05651903771529,20.828991690757675],[107.05647326172439,20.828814307455477],[107.05647326197776,20.828608313194593],[107.05654192587087,20.828501501944967],[107.05685473060433,20.82827262020162],[107.05735827044377,20.828078070617234],[107.05751085881012,20.828095236496978],[107.05897570277628,20.82858924064098],[107.05937243170952,20.828564443943822],[107.05954790771405,20.828478614415065],[107.05973101296435,20.828270713343894],[107.05983782451635,20.828060904435624],[107.0598683419058,20.82762793613489],[107.05983782505092,20.82705954636556],[107.05986834158229,20.82688597740052],[107.06001330096068,20.82672957560382],[107.06030321824643,20.82654074726755],[107.06092119915368,20.826325216845973],[107.06106615657777,20.826237478914532],[107.0611424507716,20.826126853268253],[107.06108141551469,20.825955191162347],[107.06086016365893,20.825762549164633],[107.0604634347437,20.82553938876718],[107.06018114683184,20.825552741521392],[107.05976915985865,20.825701514553995],[107.05928850802714,20.825976172283823],[107.05894518558001,20.82600287531809],[107.0585789749544,20.825861731620076],[107.05829668699258,20.82561759101913],[107.05818224541194,20.825436391855746],[107.05818224614335,20.825251380245057],[107.05857134473926,20.824744024731668],[107.0586247507862,20.824118415484257],[107.05854082765634,20.823889533454928],[107.05834246292011,20.82372740811619],[107.05802965720305,20.82359961637212],[107.05786944106842,20.82346991640442],[107.05774737029255,20.8232543861983],[107.0577473705152,20.82266883047706],[107.05768633484323,20.82246855811818],[107.05722094160747,20.82194022236741],[107.05714464791114,20.821781912186964],[107.05716753629049,20.821642675827732],[107.05726671840584,20.82140425734523],[107.05738878883642,20.821320334093095],[107.05765581803794,20.821347036807783],[107.05794573462865,20.821514884078624],[107.05841875624381,20.822279729657776],[107.05864000934396,20.82242087374445],[107.05883837409706,20.82245329904054],[107.05924273122292,20.82232932200302],[107.05960894245432,20.822285453105593],[107.06011248244756,20.82232169162994],[107.06057024676277,20.822251120403102],[107.06109667437542,20.822085180575677],[107.06128741002577,20.8221481233432],[107.06222582514364,20.823035040798352],[107.06234026580638,20.823046485176505],[107.06273699492618,20.822716512878266],[107.06275988300182,20.82232550645932],[107.06269884772458,20.822144308638347],[107.06250811230258,20.82200316474788],[107.06189013205292,20.821724691633896],[107.06163836151501,20.821545401081583],[107.06130266745426,20.82096556727634],[107.06095171534709,20.820683279980763],[107.06049395295895,20.820532599279126],[107.05996752332682,20.820551673161315],[107.05960131290611,20.820647039614144],[107.05925036050303,20.820677558077428],[107.05890703839849,20.82057837555366],[107.05858660368598,20.820353307837536],[107.0586094912199,20.82014540656657],[107.05886126142104,20.820006171004522],[107.05932665492156,20.819884100512404],[107.06025744084725,20.819351950275],[107.06045580512618,20.818945685023493],[107.06057024614083,20.81845740413386],[107.0606007634579,20.81784132942963],[107.06035662349127,20.817316808410133],[107.060158258301,20.817040243482467],[107.06012011127187,20.816897192380377],[107.06015062930037,20.816818991150402],[107.06028032982289,20.816836156597148],[107.06097460320913,20.81723288560576],[107.06124163236748,20.81790427240934],[107.06138659188505,20.817988195866878],[107.06210375449577,20.8181617643959],[107.06245470630856,20.818182745453804],[107.06275988226923,20.818154134601457],[107.06296587523624,20.817995824572403],[107.06307268734588,20.817786016648206],[107.06327105115858,20.817015447814978],[107.06349230438943,20.816902915101736],[107.06369066877292,20.816912450464148],[107.06389666292156,20.817002096885144],[107.06417132063068,20.81723860791858],[107.06442309023892,20.81739119556265],[107.06482744891748,20.817425527953024],[107.06536913603287,20.817225257021825],[107.06560564681858,20.817221441686392],[107.06572008778039,20.817318716391476],[107.06575060499037,20.81744841567087],[107.06571245740491,20.817623891858673],[107.06546068763852,20.817782201388727],[107.06500292425196,20.817736425629693],[107.0645604194768,20.817604818423714],[107.06420946728932,20.817629614472786],[107.06388140315455,20.81782225690096],[107.06349993369469,20.818177023859214],[107.06310320562834,20.81866911979895],[107.06292009938524,20.819472112544588],[107.06300402272264,20.81983450957427],[107.06311846328751,20.819950857544747],[107.06331682829804,20.819973746046273],[107.06356096870967,20.8199260618536],[107.064178949376,20.8196132566356],[107.06441546066495,20.819571295134597],[107.06472826688814,20.819618978834917],[107.06478167172537,20.81974295655598],[107.06476641410353,20.820002355359016],[107.06459093654325,20.820206442972772],[107.06423235521399,20.820385732587408],[107.0635304516402,20.820627967022943],[107.06337023324905,20.820812978778207],[107.06328631101067,20.821001806834104],[107.06321764605441,20.821341314893793],[107.06328631039105,20.821638860417185],[107.06343126959325,20.821800985501092],[107.06362200346761,20.821896352816047],[107.06381273827141,20.821919242199563],[107.06420946808736,20.82171896992502],[107.06456041962889,20.821396627587713],[107.06466723105116,20.82134894366479],[107.06481218923153,20.82133559245006],[107.0651097355458,20.821415702067835],[107.06542254073614,20.821333685674038],[107.06559801723817,20.821215429590936],[107.06575060458475,20.82093886381538],[107.06582689859478,20.820601263460667],[107.06591082268531,20.820502081500063],[107.0660939281071,20.820441046061934],[107.06666613300962,20.820700445343604],[107.06678057401693,20.82071951832771],[107.06689501430846,20.82066611359689],[107.0672383368587,20.819771566465608],[107.06752825389653,20.81881217035631],[107.06772661823658,20.818516531856893],[107.06852007599021,20.817805090811472],[107.06863451706889,20.817633428296062],[107.06870318071759,20.816983022755455],[107.06883288024162,20.816721716612854],[107.06892443351252,20.816681661700382],[107.06898546859517,20.8167198084394],[107.0690312446067,20.816860952480084],[107.069008356517,20.817272939963832],[107.06905413291042,20.8173950106347],[107.06913042664063,20.81742552760598],[107.06940508484395,20.817175665487188],[107.06959581977209,20.816927709758676],[107.069611079023,20.816815176180864],[107.0695805615271,20.81673125230342],[107.06926775603769,20.81650046356467],[107.06914568544578,20.816138067374578],[107.06804705208964,20.815546789206525],[107.06761217776697,20.815214910901226],[107.06757403069703,20.815090932378233],[107.06761980666259,20.814205923230237],[107.0678105414891,20.81386641570238],[107.0678181703102,20.81376723322372],[107.06776476518566,20.813677587349353],[107.06771135910398,20.813652792147607],[107.06695604986774,20.813900747368784],[107.06653643238545,20.8139331720567],[107.06612444575816,20.81382063861837],[107.0658955631577,20.813648977600927],[107.0658650452671,20.813530721026662],[107.06610918692236,20.81326178566046],[107.06626940368992,20.813168325514305],[107.06624651569328,20.8129604245775],[107.06609392711297,20.812859335389266],[107.0658955633621,20.812866963993095],[107.06550646436207,20.812989034831837],[107.06530047022682,20.812990942118102],[107.06500292488496,20.812924183994383],[107.06491137175038,20.812845983459603],[107.06489611232232,20.81274870876034],[107.06494188984682,20.81261900932995],[107.06511736517055,20.812420644813347],[107.06542254062286,20.812287130257438],[107.06609392704958,20.812168874668828],[107.06689501436486,20.81236723951942],[107.06774187631463,20.812330999246303],[107.06814623437526,20.81235198055484],[107.06869555176962,20.81248168024195],[107.06892443392937,20.812401571729055],[107.06912279792,20.81217078258481],[107.06929064406093,20.811909475322008],[107.0693821966247,20.811629095491902],[107.06977892580285,20.811083592931485],[107.07070208206552,20.810234822944224],[107.07080126407416,20.810238637929412],[107.0709080751829,20.810297765411537],[107.07112169872848,20.810698309105344],[107.07188463875819,20.811442175362618],[107.07185412046213,20.811800756223203],[107.0718007143136,20.81185988444336],[107.07159472127736,20.811856068813658],[107.07132769285577,20.811598577029976],[107.07118273323528,20.811568059854196],[107.07093859300248,20.811642446431627],[107.07028246512421,20.81212500542861],[107.06991625416772,20.812460699476556],[107.0698094427825,20.81263235996602],[107.06978655407165,20.813223638362043],[107.06961107888493,20.813875951105118],[107.06963396611339,20.814005651448873],[107.07012987752096,20.814577856185835],[107.07023668834522,20.81460265119309],[107.07031298255062,20.814362325151663],[107.07044268252213,20.81431464226451],[107.07063341743611,20.81442908354116],[107.07074022831286,20.814636984645695],[107.07094622247892,20.814810551933988],[107.07150316868511,20.815121449956834],[107.0717244205571,20.81546286568864],[107.07209826142056,20.8162391565346],[107.07237291996579,20.816626348448438],[107.0724492134214,20.817353048866863],[107.0728077944644,20.817902364603977],[107.07312060036529,20.81861952735753],[107.07352495791172,20.819390096548513],[107.0735173289762,20.81962279315817],[107.07345629347519,20.81977347386691],[107.07305956479394,20.819895544443526],[107.07289934793607,20.82000807709665],[107.07263994863003,20.820446767413543],[107.07221270293277,20.820744314212217],[107.07209826216379,20.820864477677045],[107.07209826200273,20.820992269544806],[107.07235003165854,20.82116583820548],[107.07272387216952,20.821251669568323],[107.07315111753286,20.821247854474322],[107.0736928043651,20.82090834614094],[107.07388353982249,20.820893087612085],[107.07412005058569,20.82094267889506],[107.07432604447797,20.82104376846812],[107.07445574522716,20.821276464187356],[107.074364191514,20.821791448185504],[107.07426500933899,20.82193640721181],[107.07432604461118,20.82202605222313],[107.07481432583411,20.8221500307738],[107.0754170476998,20.82243613240161],[107.0758900707158,20.82241133775934],[107.07644701718945,20.822014608466517],[107.07650805220234,20.82200697967106],[107.07653856844964,20.822207250114225],[107.07642412784432,20.82238463440722],[107.07598162369901,20.822741308493736],[107.07585192411638,20.82287863727501],[107.07578325892604,20.82302931722435],[107.07572222349654,20.82329634672214],[107.07572222389402,20.823841848832007],[107.07566881742528,20.82413558096637],[107.07572222380972,20.824181356846314],[107.0758061464543,20.82416609764789],[107.07611132283255,20.823971548725375],[107.07698870390675,20.82393721566478],[107.07719469704284,20.82386473632792],[107.07733202590425,20.823759832294684],[107.07748461385495,20.823584356505595],[107.07749987316413,20.823456565003678],[107.0774998730705,20.823298254685497],[107.07720232657758,20.822804250885156],[107.07711840282398,20.822037496966324],[107.07710314442228,20.82166556362665],[107.07724047351861,20.821091451787716],[107.07731676743849,20.82095603031137],[107.07747698461854,20.820954122139444],[107.07785082501096,20.821059026327596],[107.07812548250327,20.821230688406597],[107.07836199503818,20.82163123149404],[107.07855272929032,20.8224113376642],[107.07874346353637,20.822527685512153],[107.07912493400009,20.82252005581005],[107.07968950899297,20.822291174055554],[107.08038378371567,20.821894445344924],[107.08207750983355,20.821364202676314],[107.08218432110718,20.821192541381706],[107.08214617428249,20.821074285437827],[107.08201647492606,20.820917883688796],[107.08181810995923,20.820849218263447],[107.08129931145602,20.82079199805545],[107.08114672388072,20.820730962678965],[107.08075762507673,20.82018927547778],[107.08050585336822,20.820105351906992],[107.08015490150183,20.8201339621824],[107.0795979568637,20.820311346159514],[107.0795445511686,20.82023123702737],[107.07953692106308,20.820090093088965],[107.07960558580312,20.819622793069335],[107.07976580279374,20.81913832592653],[107.07973528616304,20.818884649356498],[107.07923937468017,20.81849936410252],[107.07924700420067,20.818388737885034],[107.07936907517818,20.818316259468986],[107.07962084467461,20.81826666833551],[107.07979632050997,20.81827048304827],[107.0799489086386,20.81832579662198],[107.08010912606542,20.81848982787348],[107.08049822525531,20.819670477475995],[107.08067370076787,20.819796362319728],[107.08095598838784,20.81986311949195],[107.08111620559023,20.819845953149226],[107.08130694068062,20.819681921466167],[107.08164263424597,20.81918601002338],[107.08188677460235,20.81848792052773],[107.08210039774029,20.81826285350665],[107.08258867923291,20.818278111846542],[107.08329821291302,20.81839445978873],[107.08393908137339,20.818655767124447],[107.08421373962626,20.818957128136397],[107.0843129217059,20.81918601004089],[107.08438921598447,20.819247044990597],[107.08464098603612,20.819268026266148],[107.08537340829815,20.818539419064013],[107.08562517735858,20.81797484426122],[107.08577013706687,20.81747130421651],[107.08597612978167,20.81720045998108],[107.08620501156174,20.81702307745836],[107.08683825210325,20.816857137428823],[107.08737993837906,20.81676367673597],[107.0877919256191,20.816841878657645],[107.08841753690761,20.816691197558512],[107.09023333303544,20.816792287239902],[107.09055376721165,20.81661490409468],[107.09100390104446,20.81622008325016],[107.09125567034567,20.81586531560811],[107.09127092969206,20.815779484604622],[107.09120989523791,20.815613545812504],[107.09083605477207,20.815245427740575],[107.09066057869913,20.81526450049439],[107.0897603097582,20.81553534454825],[107.08960772209018,20.815544880937715],[107.08946276385122,20.81549147616742],[107.08941698717845,20.81538275723024],[107.0896306093983,20.814858235659866],[107.08995867343158,20.81309393739058],[107.09007311464006,20.812941351236603],[107.09043169690163,20.812716283160462],[107.09139299961113,20.812538899835364],[107.0915608466901,20.81241301506839],[107.09165240002591,20.812262333811585],[107.09166765866941,20.81205634029229],[107.09153795848901,20.811558522427138],[107.09151507049248,20.81129912265829],[107.0915684762309,20.811060704490856],[107.09183550440657,20.81063918025105],[107.09209490473988,20.810013569795895],[107.09211016370179,20.809807576222425],[107.09210253354085,20.809508122446644],[107.09169054654373,20.808491505252142],[107.09156847649545,20.808024205604056],[107.09157610559168,20.80783347049535],[107.09161425257342,20.807610310843188],[107.0920720162258,20.80704382811251],[107.09234667486551,20.80687407451672],[107.09255266713777,20.806868352815084],[107.09280443719908,20.807022847357544],[107.09310198435998,20.807564534594803],[107.09323931326927,20.80853728252885],[107.09330797880112,20.808594502596247],[107.09349871301558,20.808569707641045],[107.09436846400521,20.807972706460117],[107.0946126049073,20.807993687662186],[107.09484911533723,20.808125294102652],[107.09516192026594,20.808584965351006],[107.09516192098698,20.80876616309572],[107.09496355649036,20.808951176370993],[107.09462786395461,20.809025563512474],[107.09370470636996,20.809059895335324],[107.09341478926665,20.809294499906652],[107.0932316842133,20.809540547254443],[107.09318590720169,20.809815205613525],[107.09325457239473,20.809933461956593],[107.09343004863958,20.809994496335847],[107.09419298774837,20.810023106447773],[107.09480334000104,20.809984959250116],[107.09529162027697,20.81001929192064],[107.0955815375477,20.81008986366437],[107.09589434238758,20.810086049588712],[107.09632158904007,20.81000975529057],[107.09648943554667,20.80981711385285],[107.09659624775539,20.809571065420368],[107.09671068794695,20.80897597229251],[107.09687090573262,20.808697499183197],[107.09729815167483,20.80847052448075],[107.09799242642285,20.808419026045705],[107.09874773679783,20.808481968001],[107.09902239455197,20.80846289560548],[107.09931231162344,20.80836752827587],[107.09979296330195,20.808148182354802],[107.10058642107852,20.807410039560672],[107.1011204787517,20.807087697571227],[107.10147905939522,20.806605137386285],[107.1013951362761,20.806486881930166],[107.10070086150768,20.806496418966187],[107.10025835696551,20.80659560082227],[107.10002184602271,20.806700505283235],[107.09982348096682,20.806877887868698],[107.09973192904482,20.807101048254847],[107.0994267521639,20.80716971331449],[107.09907580104353,20.80707816062155],[107.09880114282862,20.806858814932077],[107.0984425603972,20.80632094185597],[107.09858751916143,20.80625609348218],[107.09874010674542,20.806254185510408],[107.09897661894593,20.806326665560718],[107.09900713525809,20.806378163107272],[107.09895373006881,20.806547917248594],[107.09899187682224,20.806717671060007],[107.09910631753044,20.80680159457044],[107.09922075822692,20.806811130842227],[107.09941149315863,20.806713856024576],[107.09948015822314,20.806425846952404],[107.09942675264266,20.80594900934313],[107.09916735351632,20.805313862453843],[107.09914446469023,20.80506018542516],[107.09922075845155,20.804842747463677],[107.0996327463531,20.80411986171772],[107.09965563469852,20.803795613439505],[107.09958696969132,20.80346754912717],[107.09922075873962,20.803255833029763],[107.09909105944197,20.803124225891967],[107.09907580076082,20.80298117544643],[107.09939623475077,20.802441394722116],[107.09942675269221,20.802063740310853],[107.09912920605446,20.80126074723451],[107.0989842475553,20.801098622132177],[107.09883165918319,20.801068104102946],[107.09863329521681,20.801087178162103],[107.09802294345481,20.801285541787067],[107.09785509734813,20.801293170900053],[107.09768725027304,20.801209247724632],[107.09758806875672,20.80068472742538],[107.09766436231364,20.800497806830702],[107.09791613209553,20.800267017897603],[107.09881640046129,20.80026701761846],[107.09903002369064,20.800581730458553],[107.09912920648841,20.800650394815893],[107.0995945997267,20.800740039929327],[107.09988451682713,20.800869740337586],[107.10021258006952,20.80122069213992],[107.10092211348768,20.801779545385706],[107.10092211387541,20.801960743848813],[107.10080004313087,20.80232314029366],[107.10085344997673,20.802910602726957],[107.10094500154314,20.803181447242718],[107.1011204786877,20.803301610004233],[107.10131884262888,20.80333594220217],[107.10157824146545,20.803284443013734],[107.10244799289748,20.802811421049938],[107.10267687475628,20.802574910182386],[107.10277605678482,20.802309787606198],[107.10276079741064,20.80212859038062],[107.10266924526516,20.801996983218718],[107.10236406959694,20.80197409467857],[107.10157824155064,20.80168227110016],[107.10124254864049,20.801409520076326],[107.10112810788293,20.801167285543062],[107.1011433663419,20.80089072105096],[107.10121966077011,20.80068854160316],[107.10141802465955,20.800526417021914],[107.1019673402759,20.800467290311758],[107.10300493870754,20.80051688092458],[107.1032414490694,20.800556934953327],[107.10338640857682,20.800650394994392],[107.10366869519359,20.800949848757227],[107.10376024808484,20.801167286024704],[107.10379076672284,20.801358020758347],[107.10373736098174,20.801602162344842],[107.10353136685372,20.801976001568185],[107.10349321921316,20.802220142806608],[107.10351610793846,20.802431858753476],[107.10378313677893,20.8032405739003],[107.10376787771291,20.804165638737643],[107.10379076694545,20.804407872177105],[107.10389757727698,20.80481032192386],[107.10382891367657,20.805294788965536],[107.10387468971356,20.805506504707864],[107.10397387206498,20.805611409410805],[107.10412645983006,20.8056152234107],[107.10453844681992,20.805285251776986],[107.10495806362702,20.804734028455535],[107.1053395333836,20.804480351255048],[107.10582781432082,20.804075992825343],[107.10599566125293,20.80363348800182],[107.10633898400907,20.803091801245664],[107.10650683097394,20.80266073952717],[107.10686541251708,20.80239561880023],[107.10695696501091,20.80225256795574],[107.10691881754386,20.80218962460418],[107.10649920133291,20.802050389333214],[107.10623980120467,20.801831044135753],[107.1061482499189,20.80072287399311],[107.10622454276,20.800375736977617],[107.10631609547524,20.80022696425164],[107.10650683050348,20.80020407453109],[107.1070027418119,20.800398624593083],[107.10717058725236,20.800396717844126],[107.10730791611479,20.800341404797436],[107.10736895216586,20.80023077819061],[107.10736132249254,20.799513615101922],[107.10742998732704,20.79937437844171],[107.10757494595214,20.79925040055316],[107.10838366179578,20.79910353445474],[107.10870409678321,20.798823155102568],[107.10884142528533,20.798380649376952],[107.10906267731352,20.797968662836887],[107.10908556517326,20.79752806505982],[107.1090092710851,20.79722098199483],[107.10908556508687,20.796870030048083],[107.10936022403881,20.79616049565544],[107.10937548265957,20.79556158849569],[107.1093068183147,20.794531620413583],[107.1093525943637,20.793984211576724],[107.10930681820052,20.79366186948303],[107.10920763610218,20.793545520385504],[107.10906267685962,20.793520725343672],[107.10866594891026,20.793579853882413],[107.10807085608441,20.79358557551659],[107.10787249270575,20.793473041458444],[107.10768938623619,20.793246067545795],[107.1073765809403,20.79265669601741],[107.10736895189159,20.79244307344767],[107.10752916916904,20.7922084692126],[107.10790300903486,20.79179076040881],[107.10804796840999,20.79175642780177],[107.10818529770182,20.791796482028094],[107.10836077317487,20.791916645116856],[107.10862017273786,20.79201391938717],[107.1090397896817,20.79179076074415],[107.10940599983626,20.79179266738322],[107.10957384727374,20.79174307626711],[107.10966539885376,20.791657245526],[107.10970354590737,20.79153899023871],[107.10968065873678,20.791374958534693],[107.10946703495948,20.790932452911644],[107.10935259448905,20.79033354510531],[107.10902452976181,20.78958967900434],[107.10896349524337,20.789309299336338],[107.10894823660684,20.78891638499607],[107.10888720127997,20.78877905630241],[107.1087269838464,20.788674152137222],[107.10856676758777,20.78865507843197],[107.10848284331155,20.78854445203245],[107.10850573085833,20.788380419851826],[107.10862780226697,20.788166797456057],[107.10905504853183,20.787714755826716],[107.10913134257954,20.78737524816973],[107.10907793624445,20.787173069544888],[107.1089558660982,20.787064350254134],[107.10879564840613,20.787012850759908],[107.10858965550001,20.78700522258936],[107.10829210843356,20.786694323782097],[107.10802508054294,20.786730564237512],[107.10764361017905,20.78692129930796],[107.107422357591,20.78711966321695],[107.10730028719348,20.78739622839122],[107.10734606284063,20.787625110327724],[107.1076359800455,20.787886417078415],[107.10814715025461,20.78846243607424],[107.1080861150076,20.788649356448165],[107.10768175707693,20.788941181290596],[107.10766649797196,20.789046085717022],[107.1076893859243,20.7891643409573],[107.10823107276879,20.789555346905722],[107.10836077307334,20.78978041406658],[107.10826922029327,20.790015018288603],[107.10813189117248,20.79009703451369],[107.10750628089879,20.790068424193812],[107.10736895255314,20.790196216710523],[107.1073155466692,20.79064253636338],[107.10725451149113,20.790814197222993],[107.10695696441005,20.79124144349536],[107.10675860021713,20.79122237003571],[107.10662889978252,20.791161335137467],[107.10646868320714,20.790940082440187],[107.10615587837277,20.790901935612688],[107.10601854893844,20.790722644284582],[107.10594988449468,20.79057577901864],[107.1060261778098,20.790425098695884],[107.10627031920443,20.790253437089575],[107.1062855782493,20.78994444635091],[107.10604143750918,20.789927280809813],[107.10582781378214,20.79005698002273],[107.10564470792039,20.79024962263854],[107.10553026855825,20.79060248150873],[107.10546923246365,20.79096297080329],[107.10550737949137,20.791323459660994],[107.10565233808258,20.791533268361714],[107.10561419150862,20.79163054230081],[107.10543871551138,20.791781223814255],[107.10545397459695,20.79196051440205],[107.10594225574063,20.79248503419059],[107.10600329017532,20.79262236484243],[107.10582781463569,20.792794025552016],[107.10576677973523,20.792944706274557],[107.10582018486022,20.79308203585077],[107.10588884910663,20.793186939908455],[107.10645342452959,20.793265140235015],[107.10685015333986,20.79337576614695],[107.10708666460496,20.793553150512306],[107.10735369362634,20.793986118680092],[107.10743761610094,20.794239795588346],[107.10738421059993,20.79436758808116],[107.10715532939025,20.794550693499286],[107.10606432537618,20.79529646669826],[107.10568285546124,20.795374668519848],[107.10569048530324,20.794802463529468],[107.10562945033149,20.794209278555915],[107.10539293828495,20.793755329699025],[107.1051640577278,20.79353598469443],[107.1044621526567,20.793480670284435],[107.10343981341101,20.79350355940281],[107.10258532148593,20.79325941864318],[107.10232592205998,20.793251789778715],[107.1019520826069,20.793171680206477],[107.10164690639076,20.79302672247008],[107.10154009380277,20.793091571351653],[107.10140276519547,20.793421544059353],[107.1014103949276,20.793633258946073],[107.10163164712357,20.794363774036402],[107.1015934998806,20.7945125463904],[107.10138750626777,20.794823444894796],[107.10074663722209,20.79505423407955],[107.10023546782081,20.795346058014093],[107.10017443350033,20.79551771943406],[107.10018206220929,20.795750415931845],[107.1003804263135,20.796246326888742],[107.10035753851885,20.79640654349376],[107.10028124445998,20.79648093059418],[107.10005236205691,20.79646376515822],[107.09977007559763,20.796274937120923],[107.09942675190418,20.795960224456948],[107.09944201083951,20.795546329818126],[107.09931231135535,20.795134342859978],[107.09915209426045,20.794787204778142],[107.09899187669724,20.794703282131138],[107.09874773640189,20.79470709709617],[107.09860277750509,20.79504851179989],[107.09842730087567,20.79521063649152],[107.09832049010815,20.795243061982017],[107.09838915433653,20.794922627129107],[107.09854937192202,20.794699466914707],[107.09889269441184,20.794472492855096],[107.09945726981778,20.79431609005956],[107.09951830511521,20.79420927904256],[107.09951067523221,20.794081485566423],[107.09915209436934,20.79375723664316],[107.09912920582812,20.793608464162443],[107.09917498233214,20.79341772879186],[107.09935045779352,20.793246067290056],[107.09949541621879,20.792979038409868],[107.09934282903855,20.79273680580149],[107.09896135907498,20.79251745969763],[107.0983586373865,20.792483127363482],[107.09796190772694,20.79240301987548],[107.09754229076418,20.792216099024255],[107.09734392759736,20.79222945063428],[107.09725237405486,20.792263783115146],[107.09713030373538,20.79242399967046],[107.0972523742213,20.792740619314646],[107.0972371158662,20.793133533505113],[107.0969624576364,20.79369810847541],[107.09700823393487,20.79390028806065],[107.09721422823593,20.794300830627606],[107.09720659828325,20.79442862399231],[107.09697008746086,20.79488829521041],[107.09686327506415,20.79520682184667],[107.09691668113933,20.795683658658696],[107.09682512805337,20.795801914460206],[107.09661150503011,20.795922077535963],[107.09629869983083,20.795935428627097],[107.09552813133193,20.79567030817564],[107.0952687317846,20.79570464004846],[107.09489489238365,20.795878208525007],[107.09455156965743,20.796126163757165],[107.09446764566188,20.796297824909242],[107.09453631009006,20.796658313731214],[107.09452868133677,20.796816623865535],[107.09449816346479,20.79697684196708],[107.09436083396938,20.797190464745768],[107.09340715982857,20.797680652706756],[107.09295702524216,20.797865665795424],[107.09288073159075,20.79783514829476],[107.09279680836642,20.7974651227412],[107.09263659128271,20.797348775311207],[107.09240770954759,20.797364032970687],[107.0909657535493,20.79814413916077],[107.09072924219058,20.79845503693575],[107.09072161281301,20.798594272904122],[107.09082079538203,20.798727788141985],[107.09164477021321,20.798899449296055],[107.09178209973673,20.799088275955665],[107.09177446931565,20.799267566742923],[107.09169817574234,20.799502171336353],[107.09122515333279,20.800080098024008],[107.09111834165697,20.8000934496104],[107.09099627104722,20.80000952662031],[107.0904698436605,20.79942206207359],[107.09023333242875,20.7992866410519],[107.08958483363182,20.799273289531392],[107.08898211161844,20.799387730123815],[107.08855486537354,20.799498356556118],[107.08831835360627,20.79967001796484],[107.08824968964177,20.799830235698007],[107.08829546562262,20.799916066389855],[107.08879900508701,20.800164021132602],[107.08895922365897,20.800133504626885],[107.08914995694623,20.79981879124196],[107.08943224521798,20.799614705576843],[107.08962298000242,20.799633777853266],[107.08984423276083,20.799927509804213],[107.09015703835905,20.800230778564526],[107.09041643733121,20.800303258481918],[107.09080553606266,20.800267018527773],[107.0908894593843,20.80029753506866],[107.09094286508105,20.800476826493515],[107.09094286501255,20.80091170186047],[107.09082842474481,20.801092900460013],[107.09021044357351,20.801174916021303],[107.0896916449568,20.80138281734455],[107.08937883931024,20.80145148136289],[107.089302544997,20.801398076051793],[107.08928728749889,20.80130270785956],[107.08928728718071,20.801123417051866],[107.08941698604875,20.80088881451982],[107.0894398743906,20.800654210544405],[107.0893788394543,20.80051688169706],[107.0892109930955,20.800455845269276],[107.088806635502,20.800545490993496],[107.08871508186596,20.800598896989555],[107.08850908838282,20.80100897704061],[107.08816576620897,20.80191115261708],[107.08830309510742,20.802313603716645],[107.08882952302103,20.802731312799935],[107.08991289697674,20.802822865235083],[107.09021044293739,20.802967824353722],[107.09037066117878,20.803179539124805],[107.09050799020976,20.803177632323415],[107.09130907655475,20.802658833301706],[107.09149218203918,20.802719868284555],[107.09165239989962,20.803355015171903],[107.09166002863702,20.803864277593206],[107.09130907657804,20.804482258459004],[107.09050799065378,20.805300511102317],[107.08997393258726,20.805666722096728],[107.08943224564872,20.80558852181546],[107.08918047594487,20.805357731722854],[107.08866930595573,20.804514683324644],[107.08807421339247,20.803652562456183],[107.08757067315548,20.803276814658417],[107.08661699936475,20.802778996436935],[107.0863957465052,20.802780903736302],[107.08496904919717,20.80320242723043],[107.08449602700902,20.80321387234543],[107.08396959963956,20.803484715109892],[107.08389330546571,20.803465642708783],[107.08380175198698,20.80338744063275],[107.08367205244276,20.803122319932342],[107.08380938166292,20.802447117589942],[107.0840458929713,20.802008427852233],[107.08434343973639,20.801667012866666],[107.08441210282822,20.801543034760122],[107.0844044743748,20.801480092375975],[107.08358049922049,20.80134085538644],[107.083008295498,20.80148581438918],[107.08287096622762,20.801583088825442],[107.08276415385843,20.801733769533783],[107.08278704234661,20.802008427250218],[107.08275652530683,20.802162922433173],[107.0826039372836,20.802471913321135],[107.08252001476707,20.80284003173273],[107.0823445381667,20.803047932670474],[107.08213854403034,20.80312994863352],[107.08162737444718,20.803105153913034],[107.08127642221343,20.803162373310844],[107.08062792408121,20.80353621404677],[107.08046770723227,20.803868092781343],[107.08049059508372,20.80453566425024],[107.08042956050024,20.804705418584135],[107.08033800757151,20.804865635892202],[107.07995653721323,20.8052795306569],[107.0801014965042,20.805941380637666],[107.08015490172545,20.80662993362187],[107.08007097802941,20.80683783496135],[107.07993364925086,20.806982792808522],[107.07977343276728,20.807059086578157],[107.07955217909416,20.807034291385246],[107.07873583479619,20.806620396675036],[107.07828569999403,20.80634001643658],[107.0778431950598,20.80590323408774],[107.07785082452892,20.80541495264602],[107.07825518202554,20.804285801384623],[107.0789723456626,20.80324248306875],[107.0793461859224,20.803137578815214],[107.07988024341428,20.803129948328202],[107.08055925916263,20.803196705585833],[107.08100176386773,20.803107060944793],[107.08124590511508,20.802864827667616],[107.08139086337737,20.802603520276598],[107.08143664047722,20.802470006762928],[107.08136797574176,20.802189625979373],[107.08139849342197,20.801987446357952],[107.08156633921602,20.801800526714725],[107.08155108114215,20.801562108288756],[107.08128405195258,20.80141524222291],[107.08057451864974,20.801138676635755],[107.08042192992717,20.800879277658172],[107.08045244859987,20.80076292938308],[107.08053637109471,20.800656117635977],[107.08064318292915,20.80064467368098],[107.08120012794143,20.80081252080396],[107.08200884430224,20.800776280634402],[107.082809931644,20.800877369684205],[107.08361101717774,20.800677097994416],[107.08405352257164,20.800638951613724],[107.0841298161277,20.8005798234348],[107.08414507569107,20.800404347701644],[107.08403063448627,20.800284184303557],[107.08401537506653,20.800194539551054],[107.08445025015973,20.799658574446223],[107.08449602691695,20.79944113649405],[107.08445025013725,20.799366749199795],[107.08337450575588,20.799168385416564],[107.08269549045116,20.798300541684537],[107.08266497262598,20.79794958934374],[107.08277178417754,20.797741687941308],[107.08309221789521,20.79761580304496],[107.08326006530054,20.797587193355987],[107.08336687574989,20.79763487695329],[107.08349657626266,20.79778746499197],[107.08358049925774,20.798252858117113],[107.08372545813616,20.79863814276372],[107.08390856299279,20.798815526220967],[107.08411455693994,20.798851765729623],[107.08511400848626,20.798599995177984],[107.0858464306369,20.79833678120517],[107.08598375963273,20.798191823621767],[107.0860066471137,20.79801062393032],[107.08596087160936,20.79783705666602],[107.08554888335273,20.797438420276038],[107.08554888284982,20.797325886154447],[107.08582354159431,20.796931065134437],[107.08646441142601,20.79633788010545],[107.08744860307306,20.796337880225227],[107.08896685209993,20.795454777372402],[107.09000444975268,20.795271672279263],[107.09029436720927,20.795040882629593],[107.09068346651699,20.794356145308353],[107.0910725648672,20.79417685370443],[107.09215593962612,20.793791568796905],[107.0924229680861,20.793766774232665],[107.09278154918329,20.79381064326621],[107.09303331923391,20.793982303629864],[107.09320116623671,20.79439429112748],[107.09332323600273,20.795082843533905],[107.093605524405,20.795450962525386],[107.0940175111653,20.79568365912925],[107.09430742814267,20.795649326653248],[107.09436846317303,20.7955787545552],[107.09443712786609,20.795269763575895],[107.09436846281636,20.795012272304078],[107.09368944742393,20.794213092864933],[107.09358263627762,20.793825902125675],[107.09358263629412,20.79308966506823],[107.0937047064983,20.792881763658315],[107.09408617608676,20.792494571845538],[107.0950703682137,20.791739261747413],[107.09523058510257,20.791727817600723],[107.09548998395863,20.791882312917252],[107.09558153707499,20.791870868539874],[107.09565020249356,20.791838444119573],[107.09568071929799,20.791659153497214],[107.09553576133641,20.790493763367877],[107.09538317351212,20.790037906211616],[107.09529161995259,20.789902484891954],[107.095131403426,20.7898929483402],[107.09503984997036,20.78997877891462],[107.094887261598,20.79024580724679],[107.09478808031353,20.790289676539874],[107.09423113449657,20.790297306650377],[107.0939488469956,20.790194309874547],[107.09388781095538,20.790024555503436],[107.09390306972688,20.789833820855456],[107.09403277035379,20.789727008565837],[107.09446001570379,20.78949812722832],[107.09449816304864,20.789242542634874],[107.09433794639345,20.78878859366165],[107.0943455745957,20.78851774948026],[107.09481096808268,20.788082874758164],[107.09555864908631,20.78781393838511],[107.0959782659299,20.787783420442274],[107.09619951807396,20.787886417760774],[107.0962758124946,20.78804854293785],[107.0963063303663,20.78832510719803],[107.09640551239656,20.788653171234493],[107.09651232288743,20.788731372649668],[107.09661913531185,20.78872946527371],[107.09715319204729,20.788563526692013],[107.09732103949109,20.7883651610918],[107.09738207390527,20.788079059291498],[107.09723711606924,20.78767660931578],[107.09729815117547,20.78745344949223],[107.09718370981119,20.78733137828836],[107.09672594643739,20.787199771047796],[107.09650469421429,20.787195957241856],[107.09632158794466,20.78728369517575],[107.09606218880621,20.787281787610937],[107.09555864905782,20.787033832539215],[107.09537554301595,20.78683928369608],[107.09528399134453,20.786680973229515],[107.09520006694345,20.786379612658607],[107.09497118625956,20.786160266204075],[107.09481096766237,20.785855091402993],[107.09487963314338,20.78541830868511],[107.09511614367206,20.785160816458774],[107.0954289488897,20.78506163482192],[107.09631395849921,20.785094059401246],[107.0967259463764,20.784992969456862],[107.09685564556159,20.78481177149687],[107.09686327523929,20.7845561866164],[107.09662676415564,20.784188068680574],[107.09660387548716,20.784018313952213],[107.09722948590607,20.783364093497678],[107.09736681510657,20.783064640604035],[107.09780931993664,20.783367908377503],[107.09803820162668,20.783322132182775],[107.09815264285572,20.78278998135454],[107.09833574923859,20.78255537800604],[107.0987324765943,20.7823055149367],[107.09894610033744,20.781910694046253],[107.09849596598684,20.781142031861368],[107.09854174169237,20.780791079997055],[107.09939623352983,20.779974734926082],[107.10004473253039,20.77972296503041],[107.10051775439199,20.779600893799177],[107.10138750606382,20.779886996749653],[107.10166979419395,20.7798736451888],[107.10173082884062,20.779818331923778],[107.10174608763079,20.77970198419439],[107.10159349967489,20.779545580976183],[107.10087633696891,20.779320514133996],[107.1009297423454,20.778841770094395],[107.10180712243321,20.77765349228103],[107.10181475194724,20.777462756752985],[107.10170031103978,20.77734831609158],[107.10144854107898,20.777319706204324],[107.1012044009224,20.77736548195342],[107.1008839656428,20.777569567956082],[107.10054064414416,20.77791289134699],[107.09976244519835,20.778952396261644],[107.09951067488811,20.77914694577363],[107.09911394640903,20.779320513686283],[107.09887743623473,20.779619967653876],[107.09856462987416,20.779837405734764],[107.09816027169668,20.779969013263905],[107.09764910269142,20.780230320000623],[107.09761095611911,20.780379093516785],[107.0976262144634,20.78072813829245],[107.0975422908081,20.780920780440695],[107.09715319192341,20.781159197772684],[107.09693956922865,20.781172550592355],[107.09633684726114,20.780924594598247],[107.0956349425018,20.780764377414297],[107.0954289483372,20.780680454395295],[107.09530687874138,20.780438221662052],[107.09536028430824,20.780098711894894],[107.09560442491761,20.779734409148766],[107.09575701288468,20.779574192169747],[107.09591722973222,20.779551303469237],[107.09629107073681,20.779598987495543],[107.09674120502176,20.779784000482238],[107.09690142161352,20.779772556262643],[107.09701586272413,20.779707705760522],[107.09702349278243,20.779410160302174],[107.09671831664252,20.779032505298666],[107.09671831692282,20.778862751541805],[107.09736681459978,20.778366839767155],[107.09746599811638,20.778185641656936],[107.09735155686677,20.7779853696582],[107.0972371153062,20.77796438930008],[107.09707689818434,20.777998721844703],[107.09665728193406,20.778427875074485],[107.09647417593959,20.778429781705107],[107.09639788145073,20.778387820784914],[107.09616899973621,20.77809408870388],[107.09620714691111,20.777617252323466],[107.09616899974895,20.77745894227111],[107.09593248856686,20.777323520194688],[107.09578753063731,20.777325427728595],[107.09566545959703,20.777378833055764],[107.0955815365759,20.777497088668262],[107.09552813046334,20.77768782448685],[107.09555101928719,20.778038776109668],[107.09548998416643,20.778420245713782],[107.09536791365502,20.778612887824575],[107.09500170232958,20.77887228760413],[107.09449053383331,20.779377735424884],[107.0942692810422,20.77968672480265],[107.09423876393113,20.779930866680882],[107.09443712755657,20.780310428459796],[107.09417009882337,20.780569828431197],[107.09378862839604,20.780764377546397],[107.09365129965757,20.780766284221798],[107.0927662901701,20.780182635925854],[107.09227037988323,20.779764926453936],[107.09207964450529,20.779427325961972],[107.09204149763062,20.77892950865341],[107.09220934494135,20.77850416965027],[107.09273577222888,20.777680193757437],[107.09285021377733,20.7774188881541],[107.09288073064074,20.777058399222234],[107.09303331849922,20.776747501203168],[107.0935597474284,20.776211536156755],[107.09357500575884,20.775952136921347],[107.09349108230342,20.775894916239363],[107.09294939604317,20.775915896903374],[107.09273577303269,20.776078021992],[107.09260607300212,20.77631834690457],[107.09249926129962,20.77699354879902],[107.09233141458496,20.777224338470226],[107.09217119756352,20.777336872461305],[107.0919346856328,20.777355944798842],[107.09186602158509,20.777415073186],[107.09172869284775,20.77769163850808],[107.09149981030616,20.777981554853323],[107.09134722306902,20.778254305978002],[107.09111834064738,20.778878009520184],[107.09097338309729,20.7790115241303],[107.09067583533044,20.77907446628386],[107.09052324836391,20.77917174133085],[107.09030962476871,20.779444492249773],[107.08998919103864,20.779570377078276],[107.08956194424192,20.779532230236015],[107.0892872868603,20.77956274863023],[107.0891499570368,20.77950552703307],[107.08912706874297,20.7792938111438],[107.08937120932497,20.77783659686087],[107.08923388082485,20.77756384657067],[107.08912706821421,20.777495182526536],[107.08895159307535,20.777529514561042],[107.08876848732604,20.777766024865233],[107.08870745271618,20.778115070303183],[107.08873034020154,20.77863005457706],[107.08837175866276,20.778635776363526],[107.08799791873608,20.777966296858356],[107.08776903652837,20.77742842441238],[107.08750963760359,20.777090823877504],[107.08694506170828,20.777199543004343],[107.08637285749137,20.77715758088218],[107.0859379811954,20.777291095225724],[107.0848927548966,20.77739409280226],[107.08470964959542,20.777581012361562],[107.08441973247638,20.777987278475493],[107.08439684418117,20.778166568174044],[107.08448076716861,20.778494632235194],[107.08445787967983,20.778786457222473],[107.08430529121188,20.77913931630459],[107.0842671445439,20.779488361550968],[107.08446550860786,20.779932773114094],[107.08447313860084,20.780218875203786],[107.084396844993,20.780293262574627],[107.08390856261926,20.78039435290539],[107.08361101648724,20.780535495556165],[107.08305407044573,20.78096655668912],[107.08297777655922,20.78110579318824],[107.0830006647566,20.78120116098232],[107.08326006495373,20.78134611849235],[107.08459520876283,20.78175429162826],[107.08488512534913,20.781794345799742],[107.08547258844405,20.781702793899232],[107.08559465996804,20.781725681581044],[107.08568621210682,20.781836307836173],[107.08576250525395,20.78223875833796],[107.08552599494834,20.782460010796562],[107.08522844890464,20.782574451519377],[107.08513689606986,20.782776630608513],[107.08514452511153,20.783222950592705],[107.08510637740847,20.783324039946198],[107.08501482528916,20.78337172407453],[107.08452654392013,20.783346927561155],[107.08362627564384,20.78355864346242],[107.08275652499213,20.783865726522144],[107.08256578937525,20.784022129516206],[107.08250475440742,20.784134662672404],[107.08252764297463,20.784384525492694],[107.08259630764776,20.78460005603589],[107.08288622437291,20.7851264837485],[107.08307695835958,20.785187519412723],[107.08335161802799,20.78517416730535],[107.0837941231857,20.784617221748853],[107.08410692810259,20.784580982839017],[107.08487749721371,20.78463057370715],[107.08533525983891,20.784767902306914],[107.0854268129793,20.784968174702325],[107.085495477931,20.785307682673807],[107.08548021923691,20.78556708161532],[107.0854115534673,20.785822666697058],[107.08498430737565,20.786412036621552],[107.08489275486534,20.786740100946087],[107.08480883187443,20.787382877460747],[107.08494616102494,20.78772238619413],[107.08510637825414,20.787777698772068],[107.08524370707437,20.78777579141307],[107.08544970080924,20.787640370249722],[107.08597612904235,20.78758124165814],[107.08611345765341,20.787745273820725],[107.08614397602541,20.788103856248213],[107.08602190582751,20.788689412086843],[107.08556414197052,20.789639270789426],[107.08533525956966,20.789805211099136],[107.08512163715302,20.789830006068666],[107.08486986698684,20.78979567392721],[107.08465624391876,20.789686955148383],[107.08454180268063,20.789519107862027],[107.0845646909589,20.789168155773936],[107.08470201948599,20.788540638902287],[107.08467913153893,20.788239277193785],[107.0845265434156,20.788065708882],[107.08405352184947,20.787895954529027],[107.08377886364329,20.787688054205855],[107.08370256988202,20.787550724736597],[107.08371782879003,20.78689841036704],[107.08394670968848,20.786513126839566],[107.08393908129358,20.78638151978482],[107.0836262759537,20.7861564524818],[107.08322191762323,20.786204135610514],[107.08274889490501,20.786824025220415],[107.08255816072624,20.787361896695153],[107.0822682439709,20.78767279502951],[107.0820393618712,20.787733829944415],[107.08177233255729,20.78772620071286],[107.08100939373924,20.78721503111993],[107.08075762354743,20.78720740204488],[107.08044481776575,20.78739241513495],[107.08022356542007,20.787754811232684],[107.08010149546078,20.788208759771535],[107.07991838965701,20.788422383335522],[107.07963610324563,20.788637913100906],[107.079437738121,20.788607395683705],[107.07913256167336,20.788388051057375],[107.07902575090152,20.78841093913733],[107.07872820467955,20.78861120973043],[107.07804918806207,20.788752354151015],[107.07717180808167,20.78944662923985],[107.07696581427601,20.789538181834036],[107.07684374373493,20.789534367029486],[107.07671404405205,20.789446629277204],[107.07663012062051,20.78931502169888],[107.07660723306147,20.789156712456645],[107.07688189056705,20.788723743855556],[107.07747698353423,20.788212574935315],[107.07798052362484,20.7873161207152],[107.07850695212804,20.78661993752915],[107.07884264432946,20.78642538881456],[107.07921648582646,20.786362446296984],[107.07967424841088,20.78639868561254],[107.08008623640558,20.786755360013064],[107.0803685242131,20.786936557690996],[107.08054399946084,20.786946094702156],[107.08067369942596,20.78690604117858],[107.08080340006504,20.786804950881308],[107.08117723944942,20.78627089382766],[107.08111620438882,20.78594282961915],[107.0809331002356,20.785504138450367],[107.08097124652384,20.784739292357468],[107.08087969405774,20.784624851405308],[107.08075762365823,20.78457907495719],[107.08058977699301,20.784596241552993],[107.08000231259508,20.785164630941722],[107.07982683652021,20.785193241787553],[107.07967424889928,20.785147465288546],[107.07962084347133,20.78505400512674],[107.07969713798856,20.784840382160162],[107.080132012262,20.784712589426796],[107.08032274783142,20.78460959237968],[107.08062029391837,20.784283435672865],[107.0811619807958,20.784224308769808],[107.08145189759128,20.784113682023683],[107.08168077928258,20.783921039446216],[107.08185625536899,20.783654010487968],[107.08194780869705,20.783327854872788],[107.08191729098529,20.783116139067435],[107.08155870959848,20.782654560586135],[107.08151293401669,20.782475270019944],[107.08152056274636,20.782315053095008],[107.08174944503878,20.782015598341637],[107.08171129786271,20.78184775189085],[107.08144426912018,20.781706607330204],[107.08129931050038,20.781821049035425],[107.08117723983148,20.782086170418648],[107.08110094557065,20.78236845763426],[107.08094835805923,20.78260306188843],[107.08075762363785,20.78328970810653],[107.08063555292854,20.783419406496506],[107.08027697149517,20.78361967830692],[107.0792470022669,20.783997333773005],[107.07900286280695,20.78400114874598],[107.07876635127462,20.78363684514776],[107.07857561712588,20.78323630159809],[107.07846880464152,20.782532489519568],[107.07852983969,20.78224638817778],[107.0794529962006,20.78131178699175],[107.07959795602653,20.781246936256213],[107.08032274783785,20.781275547415166],[107.08055162948166,20.78124121461333],[107.08063555266816,20.781060016199007],[107.08067369957527,20.780623233445976],[107.08085680600263,20.78024557889989],[107.08136797425195,20.78002241969024],[107.08147478704358,20.779883182879225],[107.08145189764194,20.7795284158078],[107.08125353378173,20.779387271942856],[107.0809941344724,20.77930525526261],[107.08062792321964,20.779314792504213],[107.08033800643727,20.779398716262953],[107.08006334869671,20.779761113032002],[107.07968187850722,20.780440128660764],[107.07931566781258,20.780762470324284],[107.07905626864134,20.78105047979223],[107.07867479851544,20.78134802708656],[107.07843828775759,20.781445301923803],[107.07813311139964,20.781481540795028],[107.0780186703961,20.781672275627415],[107.07795000521983,20.782017505587984],[107.07740068931614,20.782597340030186],[107.07738543023318,20.782799518857285],[107.07748461268436,20.783242023658428],[107.07776690037174,20.78413847772143],[107.07784319479182,20.784773625033598],[107.07775164160901,20.785208499448927],[107.07762957179834,20.78540114273376],[107.07671404376202,20.785952365791182],[107.07564592899854,20.786453999236773],[107.07531786429566,20.786732472114984],[107.07507372454101,20.787169255118975],[107.07453966696919,20.78761175979338],[107.07444811411163,20.787899769017102],[107.07450914884733,20.788109578356252],[107.07463884871056,20.78822401917561],[107.07499743080588,20.788178241956786],[107.07547045307103,20.788225926505152],[107.07563066962545,20.78830794211616],[107.0757222225849,20.78846625220316],[107.0757603700479,20.78871039264813],[107.07568407552547,20.789355076309956],[107.07569933443465,20.789757527520237],[107.07587481098508,20.790169514469643],[107.07525682955077,20.79123572205614],[107.0751423891135,20.791640079818293],[107.07492876620837,20.79203299381852],[107.0748066959512,20.792183674695636],[107.07463122018872,20.7922180074169],[107.07447100211598,20.79218939632638],[107.07432604390378,20.79204062314845],[107.07410479087464,20.79165724610797],[107.07407427380238,20.791386402939246],[107.07418871440784,20.790983952279053],[107.07417345619318,20.790777958592187],[107.0741505680445,20.79073027521325],[107.07371569224647,20.79058722430905],[107.07363176923985,20.790476596890095],[107.07360125051716,20.79030684362219],[107.07362414012776,20.789913930233087],[107.07384539219666,20.789179599769405],[107.07418108500491,20.788689412011884],[107.07414293820209,20.788626469506447],[107.07401323916373,20.78862265551198],[107.07345629240112,20.788866795006122],[107.07325029897191,20.788868702209278],[107.07297564114565,20.78894118229698],[107.07273913010356,20.789093769853032],[107.07267809433525,20.789168155832645],[107.07260180096137,20.789465702976496],[107.07249498876489,20.790251530461976],[107.07252550728518,20.79095534222574],[107.07262468857628,20.791609562629052],[107.07260942960798,20.792082585097102],[107.0725483944868,20.792347706626703],[107.07239580642266,20.792551793373992],[107.07195330205704,20.792731083709214],[107.07176256708856,20.792759694123255],[107.07122851012284,20.79261282845747],[107.07108355101735,20.792683400403348],[107.07101488662497,20.792811192090152],[107.0710606626075,20.793812550354122],[107.07091570489871,20.794586934392843],[107.07061815769391,20.79560736528646],[107.07029772351231,20.795998372381924],[107.07000780734909,20.79619292194862],[107.06946612042012,20.79632643614391],[107.0691609436775,20.796324529049702],[107.06871843890265,20.796177662914797],[107.06879473254399,20.796515264062414],[107.06877947441043,20.79664687022986],[107.06872606807791,20.79677084818812],[107.06815386386072,20.797381199225914],[107.06810045805335,20.79752997359262],[107.0680470520983,20.798188008999627],[107.06791735343809,20.798500814096805],[107.06716204209563,20.799416340449035],[107.06709337807173,20.799698628938582],[107.06680346085675,20.800167837069996],[107.06590319238157,20.800680914179363],[107.06575060447759,20.801001347947437],[107.0657429754585,20.801260748303672],[107.06552172273112,20.8018882647118],[107.06531572913786,20.80217246013403],[107.0650410714827,20.802441395793558],[107.06464434246584,20.802700795687368],[107.06447649575749,20.802893438301194],[107.06441546051384,20.803051747695644],[107.06441546001469,20.80323676121643],[107.06457567777623,20.803389348833285],[107.06509447710526,20.803499974854407],[107.06579638072958,20.80349806708591],[107.0665059151125,20.80358389831491],[107.06670427915279,20.80368689500975],[107.06670427876448,20.8037784479869],[107.06666613203276,20.80386809284664],[107.06617785098263,20.80419234179201],[107.06515551207625,20.805622854446895],[107.06427050177365,20.806385793595073],[107.0641255433913,20.806408681776347],[107.06370592759926,20.806378164271923],[107.06351519187555,20.806454458406154],[107.0633473447903,20.806668080922005],[107.06321764563603,20.806944646291875],[107.06324053391761,20.807919302380792],[107.06342363887906,20.808563985081303],[107.06340838001549,20.809098043184342],[107.06347704514087,20.810290136652185],[107.06338549231451,20.811371603423773],[107.06313372271437,20.812008657765375],[107.06319475756662,20.81253890087381],[107.06344652784088,20.813330450181127],[107.06346178632327,20.814108648177353],[107.06339312251004,20.814701833551137],[107.06322527520565,20.814968862372645],[107.0631489817073,20.81504897170135],[107.06296587572525,20.81508330340015],[107.06197405457952,20.814450064005],[107.06175280271478,20.81439856566473],[107.06114245048165,20.8144424342005],[107.06075335172484,20.814608373599672],[107.06031847627482,20.814921178304466],[107.05986071216043,20.815377035308547],[107.05978441808371,20.815642156752183],[107.05969286573708,20.81630591490575],[107.05963183037737,20.816523351369714],[107.05948687249925,20.816721716951708],[107.05933428430538,20.816818990897424],[107.05905199607416,20.816832342877692],[107.05872393284636,20.8166568668179],[107.05840349825735,20.816363134368462],[107.05823565103145,20.816090383732202],[107.05796862231888,20.815293111715267],[107.05793810455881,20.81505087856124],[107.05802202801682,20.814905921054862],[107.05833483316832,20.814553060918627],[107.05892229611064,20.814142980509487],[107.0591206618171,20.813786306304422],[107.0591054019469,20.813521186025255],[107.05889940839906,20.813326635573183],[107.05858660354876,20.8132312682689],[107.0584569036342,20.81323126826402],[107.05799150995537,20.813772955235645],[107.0578007758268,20.813870229755967],[107.05715990609886,20.813936987465222],[107.05679369518072,20.81376532576723],[107.05667925390969,20.813814916985805],[107.05644274319019,20.814024726104172],[107.05637407927182,20.814179220296385],[107.05651140800313,20.814446249416644],[107.05684710104288,20.81465033579866],[107.05736590003598,20.814829626749344],[107.05746508234171,20.814938345436214],[107.05749559996825,20.815102377623536],[107.05727434779611,20.81520728199302],[107.05709887174011,20.81536749852516],[107.05709887138725,20.81585005802822],[107.05703020757016,20.81596068333205],[107.05651140875473,20.816120901826064],[107.05619860389463,20.81635741276729],[107.05608416252109,20.816714086723785],[107.05601549699689,20.817393102992067],[107.05586290954322,20.817696372126306],[107.05549669832568,20.81794051207632],[107.05535936936002,20.818106452309785],[107.05530596337685,20.818281928212887],[107.05543566311195,20.818592825610736],[107.05571032109638,20.818779745662884],[107.05648089042326,20.818913259708214],[107.05691576633532,20.81907729202824],[107.05700731899664,20.819372931314337],[107.05694628311277,20.819628515606304],[107.05648089045627,20.82009009433218],[107.05631304326378,20.820128240634766],[107.05599260941955,20.82012251885292],[107.05566454593365,20.819929876597666],[107.0553059636214,20.81947783494277],[107.0550618231568,20.819290914963286],[107.05493975245099,20.819308080945447],[107.05483294114367,20.81937865259065],[107.05445910147427,20.82021979369773],[107.0542302192073,20.820444861219464],[107.05397844967791,20.820502082325497],[107.0537495677558,20.820313254395007],[107.05365038529541,20.820092002343852],[107.05356646133889,20.819250861120405],[107.05321550898155,20.818100729932944],[107.05296373928225,20.81774596267521],[107.05284929880789,20.817642965820895],[107.05258989932354,20.817549505740654],[107.05226946411027,20.817517080798098],[107.05200243619599,20.817641059343817],[107.05159044881557,20.8177574066088],[107.0514912667406,20.817759313849717],[107.05143023122588,20.817675391302398],[107.05146074950122,20.817538061841923],[107.05251360513216,20.816464225218507],[107.0532612862839,20.815773764228933],[107.05356646153473,20.81539610858104],[107.05374956780584,20.81494025294951],[107.0539326724236,20.81463126144664],[107.05434465997047,20.814081945895982],[107.05464983532515,20.813814916968607],[107.05487871746398,20.813738622702406],[107.05509234025536,20.81374053075317],[107.05551195736633,20.813988486046014],[107.05567217392112,20.81399802242186],[107.05583239196119,20.8139636894836],[107.05601549771093,20.813860693294867],[107.05609942000392,20.81372336459181],[107.05605364443376,20.813528814650947],[107.05591631487101,20.813444891417095],[107.05547380999764,20.81345633531005],[107.05533648155972,20.81323508270196],[107.05530596368614,20.81306723691437],[107.05521441135387,20.812872686554307],[107.05486345865451,20.812830724539108],[107.05455828316376,20.812554159481124],[107.05408526016176,20.81243781159821],[107.05394030273064,20.812296667470044],[107.05393267234774,20.812180318711754],[107.05405474317932,20.811882772571984],[107.05479479468798,20.81089285880865],[107.05548143966396,20.810377874453955],[107.05641222593907,20.809963979466783],[107.05669451348892,20.80978659674667],[107.0574955998581,20.80903891547166],[107.05757952275361,20.80880431157833],[107.0575718944824,20.808684148173864],[107.05741930572803,20.808205404260804],[107.05721331203114,20.807753362174548],[107.05725908777582,20.807457723211492],[107.05741167582322,20.80721739748446],[107.0576787052664,20.807066717255218],[107.05812883942771,20.80693892463671],[107.05849505005152,20.80699805207384],[107.05936480096577,20.807415762522062],[107.0594563542983,20.807425298783937],[107.0597233828988,20.807337560715297],[107.05963945920794,20.806198872972733],[107.05973864170568,20.80589179023523],[107.05989122937228,20.8057296654343],[107.06024218213865,20.805788792886325],[107.06078386905716,20.805750646045677],[107.06147814408104,20.805636204884884],[107.0617528023756,20.80549696896786],[107.0620808665379,20.805155553617514],[107.06217241823323,20.804890431948593],[107.06218004787952,20.80466727185419],[107.06211138326424,20.80449942570223],[107.06195116628034,20.80434302358117],[107.06168413723397,20.80418852825913],[107.06151629045047,20.804190434948936],[107.06118822751017,20.804785528615035],[107.06080675736207,20.805012501776716],[107.06071520412964,20.805033483277146],[107.06061602234752,20.805002966361766],[107.06055498667497,20.80460242222921],[107.06069231644472,20.804095067892767],[107.06086779248967,20.80393485005473],[107.0617070249659,20.8035018819076],[107.06198168430576,20.80281142238071],[107.06212664252595,20.80255583669942],[107.06227160145663,20.80240706437258],[107.0625081122888,20.80229834471749],[107.06304979895909,20.802197255998703],[107.06316423980846,20.802067556071716],[107.06320238748452,20.801783361125644],[107.06319475694748,20.801678456630437],[107.0631337224114,20.801636495264464],[107.06301928074255,20.801615514408233],[107.0624089297305,20.802004614034978],[107.06229448882601,20.80200461444761],[107.06209612399785,20.801922597762413],[107.06194353696561,20.80174521405372],[107.06188250066897,20.801323690407592],[107.06211138275721,20.80045393898242],[107.0622792301695,20.80025175964646],[107.06261492319459,20.800089635379674],[107.06280565778981,20.800160206675237],[107.0629887638576,20.800432957973413],[107.06310320472615,20.800474919744815],[107.06324053443097,20.800440587772858],[107.06359911507818,20.800036229553577],[107.06381273765142,20.799937048201745],[107.06412554334534,20.799902714525462],[107.06449175449578,20.80001334223636],[107.06473589505117,20.800043858799345],[107.06498003591905,20.799935139794233],[107.0653615046046,20.799105443453318],[107.0656209052366,20.798828877358],[107.0656743109865,20.79837302178064],[107.065216547212,20.79782942692567],[107.06397295597048,20.797253407868258],[107.06324816314721,20.79714659675828],[107.0631566097669,20.79706267237858],[107.06310320455754,20.796946324954654],[107.0631413521939,20.796808995889364],[107.06351519237859,20.796742238831605],[107.06366778017147,20.796633520111683],[107.06465197233777,20.795576848967684],[107.06471300656224,20.795344151482016],[107.06472063626603,20.795025625058845],[107.06486559441882,20.79487685176948],[107.06562090447905,20.794625081909725],[107.06593371027928,20.7942932024096],[107.06599474528248,20.794113911716355],[107.06597948572806,20.793785847598347],[107.06562090514788,20.79358939083582],[107.06524706400435,20.793467320878968],[107.0648884828074,20.79344061764071],[107.06388903195878,20.793568411011055],[107.06274462304346,20.793846882254154],[107.06236315257829,20.793808735382562],[107.06192827789624,20.79354933628152],[107.06170702508078,20.793120183422758],[107.06167650748378,20.792792119490148],[107.0620274598273,20.7925346278411],[107.0624012996816,20.792477406294942],[107.06301928062389,20.79253271957191],[107.06353807984513,20.792643345863606],[107.06441545948232,20.79306486950777],[107.06467486018835,20.793104924368322],[107.06484270641734,20.793061055254366],[107.0651707701759,20.792750157599396],[107.06529284090898,20.792748250181116],[107.06564379256658,20.792893208695386],[107.06606341027842,20.793499745802897],[107.0661702209106,20.793541707383884],[107.06626940299108,20.79354933675372],[107.06639147398904,20.79348639433633],[107.06650591482581,20.79333571345214],[107.0666050969003,20.793303288385953],[107.0675129951361,20.793377675475984],[107.0681767515088,20.793484486618645],[107.06842089262784,20.793471135636082],[107.06846666843437,20.793396748168906],[107.0683903751069,20.792965687089165],[107.06842852200707,20.792858876844058],[107.06865740389492,20.792666234203825],[107.0696721126429,20.7923477067209],[107.06993914140436,20.79218558239092],[107.07021379964021,20.79191855357721],[107.07032061210869,20.791558063944755],[107.07031298206184,20.790999211510925],[107.0707249700223,20.78995779909892],[107.07080126391847,20.789334096625087],[107.07134295074749,20.788800038123664],[107.07173967842358,20.788319386231297],[107.07183123150868,20.788086690051266],[107.07186937864387,20.78740004413186],[107.07180834376271,20.786755360512313],[107.07183123161555,20.786364354463146],[107.07189226678011,20.786238469104532],[107.07222033072865,20.786127841867344],[107.07289934718182,20.786141193627074],[107.07365465682079,20.78639677939464],[107.07376146870865,20.78638342730075],[107.07392931449688,20.786330020712644],[107.07453966656385,20.785803593076785],[107.07467699611065,20.78543356785485],[107.0746312198414,20.785254276981128],[107.0741658262846,20.78496435964428],[107.07400560905911,20.78492239753845],[107.0739216855314,20.78521040819872],[107.0735554745814,20.78566817135363],[107.07304430535508,20.785685337839514],[107.07289171806092,20.785559453146227],[107.0727772769988,20.78530768294339],[107.07278490611837,20.78506544927117],[107.07339525783858,20.784540927699027],[107.07373858071834,20.78438834131047],[107.07367754433693,20.783945836007174],[107.07378435689662,20.78382757989261],[107.0739064270982,20.78377417422787],[107.0739445733578,20.783699788326057],[107.07392931449442,20.783551013664635],[107.07373858099254,20.783406056021832],[107.07334185121039,20.783346927508664],[107.07309008169595,20.783192432847173],[107.07295275236874,20.782845295961366],[107.07261706004904,20.7828910717448],[107.07254839455236,20.78297690318067],[107.07252550661296,20.783367909363136],[107.072357659801,20.78348616528417],[107.07158709034213,20.783695973386685],[107.07137346753076,20.783900059347175],[107.07128954471862,20.784111775349],[107.07128954489191,20.784333027332025],[107.07119799181588,20.784451282851983],[107.07053423505019,20.784279621711896],[107.0702214298122,20.78427199217627],[107.0702519461615,20.784113681834548],[107.07039690517261,20.783804691954774],[107.07045794054929,20.783476628412693],[107.07037401750847,20.783234395311467],[107.0700612111153,20.78293303361832],[107.06976366512588,20.78287199781076],[107.06892443273237,20.783116139049103],[107.06867266303895,20.78312948989475],[107.06797838764359,20.782976903225215],[107.06761980572986,20.783283986312565],[107.06739092308939,20.783669269760303],[107.0672612245255,20.784182347560044],[107.0669941956453,20.78427771442601],[107.0663991021544,20.784359729857837],[107.0660328920089,20.784268177786714],[107.06568956851653,20.78408888727209],[107.0652928406832,20.783510960499004],[107.0651249940113,20.783457554089807],[107.06487322375796,20.783524312076793],[107.06383562594849,20.783980167994905],[107.06351519108492,20.78390005960891],[107.0630345396315,20.783266820627244],[107.0625767752057,20.783146656987828],[107.06160021332052,20.783236301876855],[107.05954790626124,20.782902515881563],[107.05809069176175,20.78298834691088],[107.05773973930604,20.78307417687762],[107.0572972346962,20.784512318625165],[107.05721331114022,20.785252369177694],[107.05697680058225,20.785298146065347],[107.05674028988997,20.785225667770373],[107.05667925305916,20.785057820849214],[107.05666399503264,20.784699238293953],[107.0569996880581,20.783861912656903],[107.0570912414106,20.783278264537973],[107.0572514582146,20.782801426658782],[107.05725908771379,20.782585896620883],[107.05706835195664,20.782261647495506],[107.05695391279917,20.78185728915485],[107.05695391270689,20.78153876217748],[107.05706072331438,20.78113631112176],[107.05722857081264,20.780770099910598],[107.05761766967771,20.780453480379087],[107.057930474619,20.7802551163517],[107.05813646875514,20.780041493333204],[107.05825090926844,20.779866017509352],[107.05830431455844,20.779642857462143],[107.05828905668197,20.77950171307881],[107.05812120936001,20.779333866694547],[107.05765581590283,20.779118336482792],[107.05718279370906,20.778837955891944],[107.05702257646651,20.778797901983847],[107.05686235884812,20.778830327023744],[107.05672502996109,20.77893904600002],[107.05649614809903,20.778919972208833],[107.0563588190407,20.77879027174103],[107.05630541340919,20.778599537595838],[107.05727434618076,20.778677739252764],[107.0580143969022,20.7788226974799],[107.05855608408764,20.779085911059113],[107.05892992581204,20.779604710533718],[107.05927324848923,20.779869832155526],[107.05941057727352,20.78004721516738],[107.05948687180472,20.780770100436353],[107.05957842357036,20.78109053531134],[107.06005144672604,20.781861103841614],[107.06003618749597,20.78245238223578],[107.06008196344652,20.782542027443643],[107.06016588792163,20.782589711389896],[107.06024218136982,20.782593525587494],[107.06043291586269,20.782400883446684],[107.06063128092607,20.78227690657735],[107.06095934472083,20.78212622480732],[107.06117296732586,20.782122410420776],[107.06141710772238,20.782183445777616],[107.06189013050273,20.78252104586786],[107.06270647529811,20.782828129568365],[107.0636525209222,20.78291586689094],[107.0642247254058,20.783116138946756],[107.064903741872,20.783234394869105],[107.06501055250712,20.78315428629418],[107.06511736417693,20.78298262532594],[107.0651555111655,20.782809056407782],[107.06475115358329,20.78208998487139],[107.0643162772175,20.781483448745],[107.0642247257459,20.781231679120808],[107.06440020122152,20.780701436125064],[107.06475115319445,20.780169284776697],[107.06515551131857,20.780121602283504],[107.06544542865258,20.780287540632898],[107.06549883354982,20.780751027250307],[107.06545305747139,20.78101614833078],[107.06550646335337,20.78110007172165],[107.0658345273586,20.781159198701104],[107.06601763288386,20.781378543600677],[107.06620073841202,20.781513965702363],[107.06667376021677,20.781517781178056],[107.06819201059227,20.78168944208473],[107.0689396905343,20.781861104023825],[107.06946611945013,20.78184584524325],[107.06951952423846,20.78167609057295],[107.06916857217303,20.78130988027726],[107.06911516675711,20.78108862661283],[107.06961107703721,20.780426776632524],[107.0697331472763,20.78035239132005],[107.06990099462023,20.78036192780071],[107.07041979388836,20.780766284985425],[107.07107592124994,20.781140126021505],[107.07112932786632,20.781424320543895],[107.07122087981503,20.781538761754312],[107.07135820854614,20.781536854024587],[107.07172441999043,20.78142813455015],[107.07200670788981,20.781475818751737],[107.0723042531009,20.78164175853171],[107.0725026184945,20.781830586056195],[107.07280016426887,20.782280720222182],[107.07291460596407,20.782278813269507],[107.07299089983695,20.782192981618618],[107.07304430562981,20.78191832370892],[107.0732655578594,20.781651295084846],[107.07335711035057,20.781101978424452],[107.07346392143239,20.78097227888921],[107.07379961576966,20.780684269812475],[107.0744023379221,20.780274189460773],[107.07486773073524,20.780016696480963],[107.07518053591396,20.779768741422647],[107.07521105378763,20.779568470562435],[107.07510424148849,20.779400623900848],[107.07496691247394,20.779307163982594],[107.07473803093505,20.779288089369246],[107.07406664472178,20.779444492837353],[107.07394457351964,20.779572284634927],[107.07372332141128,20.77968100364347],[107.07358599281375,20.779904163318744],[107.07336473976633,20.780466832172078],[107.07311296929312,20.7806594742017],[107.07288408714216,20.780768193219465],[107.07271624200244,20.780770099736],[107.07178545555811,20.780157840449828],[107.07148027919439,20.780077733114748],[107.0700612114952,20.78011587995298],[107.06992388265694,20.77974776103104],[107.06977892464619,20.779654301295047],[107.06952715452121,20.779604709675766],[107.06938219548272,20.779522694188042],[107.06936693683764,20.779343402615584],[107.069687371474,20.778694904607526],[107.07034349909996,20.778443134799144],[107.07135820798206,20.778452671472717],[107.07161760893808,20.778860843974893],[107.07201433615181,20.779110706649444],[107.07241106517934,20.779454029720277],[107.0725483948418,20.77945212202084],[107.07279253585693,20.77931288537395],[107.07341051655607,20.77907255977057],[107.07375383891439,20.778719700002487],[107.07395983265154,20.7783363230853],[107.07392168522055,20.778136051696436],[107.07348681042214,20.777897632232474],[107.07296801111661,20.77774695254052],[107.07286882987682,20.777746952676047],[107.0727696463461,20.777865208064107],[107.07255602312107,20.77792052098803],[107.0715260556431,20.777203357634715],[107.07104540304988,20.77678755594255],[107.07002306413098,20.776778019568113],[107.06984758812516,20.776737964936775],[107.06978655378092,20.776623523903716],[107.06967974231482,20.776112354471042],[107.06955004276985,20.77579191987235],[107.06938982495494,20.775660312583465],[107.06927538443666,20.77562598113579],[107.06904650255602,20.775671756791432],[107.06884813822785,20.77585295493254],[107.06868029150307,20.776188649107965],[107.06852007406128,20.776316441128976],[107.06832933948148,20.776345050467725],[107.06744432965529,20.776297367481032],[107.06697893599376,20.776493825166632],[107.06691027121953,20.776463307232955],[107.066856866148,20.776394641860893],[107.06687975391245,20.77618864853997],[107.06681108970146,20.77603224619075],[107.06681108897642,20.775835788554726],[107.06693316032217,20.77568701534434],[107.06735277655257,20.77533224882846],[107.06752825228973,20.775114810610056],[107.06751299447413,20.774908817285485],[107.06736803575009,20.774830616470698],[107.06720781861807,20.77489165157124],[107.06692553021632,20.775200641890322],[107.06660509619722,20.77525786289496],[107.06651354284494,20.77535322944123],[107.06641436158215,20.77557066794351],[107.06629991988994,20.77563551749475],[107.06594133798143,20.775492466358056],[107.06568193956696,20.775099552653003],[107.06565142129027,20.774761951832208],[107.06576586187373,20.77418974654611],[107.06568956787355,20.77395323559207],[107.06553698026349,20.77380636970903],[107.06528521007586,20.773772038037915],[107.06482744704276,20.77414206395807],[107.06356096687568,20.775536336066416],[107.06360674393049,20.775620258987157],[107.06370592636218,20.775677479227333],[107.0639271784536,20.775690830893538],[107.06486559382499,20.775431430729483],[107.0651402526355,20.775448597680217],[107.06599474449935,20.776253498485154],[107.06620836770723,20.776747501551554],[107.06651354348895,20.777176654881785],[107.06678057231274,20.77741125914407],[107.06765032354494,20.777695454101313],[107.0680699394924,20.777876651991964],[107.06811571609683,20.77806547967636],[107.0678486873027,20.778301991180218],[107.06780291123026,20.778439320108024],[107.0677952814256,20.77859190742441],[107.06793261060486,20.77893523084259],[107.06796312800994,20.779547489487644],[107.06781816981993,20.779755390751863],[107.06748247663236,20.77997473632243],[107.06713915362886,20.780085361909016],[107.06680346009362,20.780104435613044],[107.06664324369622,20.77996519888422],[107.06658983722127,20.77969626288422],[107.06645250884495,20.77954939679605],[107.06632280819439,20.77953985974573],[107.06613207303862,20.779738224878376],[107.06605577915788,20.779770649979362],[107.06588030367416,20.779751575898032],[107.06573534525752,20.779213703867207],[107.0655980160013,20.779110707130922],[107.06539965111229,20.7791183358881],[107.06520891654769,20.779179371040204],[107.06504869969756,20.77910689202214],[107.06492662908748,20.778933322865566],[107.06486559409667,20.77867964624729],[107.064789300698,20.77855948317775],[107.06463671194824,20.77846220826318],[107.06418657801679,20.778439319618958],[107.06366777934271,20.778525150686434],[107.06343889692509,20.778454579076463],[107.06308031543247,20.77814749620617],[107.06282091589641,20.77811888590186],[107.06262255252717,20.77820090231498],[107.06250811116175,20.77831343539683],[107.06243944608082,20.778487004176412],[107.06248522303171,20.778656758391442],[107.06289721026954,20.779280461387188],[107.06301165151437,20.779732502935538],[107.06299639198559,20.780356205801677],[107.06280565731237,20.781088626945007],[107.06263781055348,20.781508243976578],[107.0624241869961,20.781716144967124],[107.06208086565296,20.781746662877598],[107.06189775971656,20.78168562805105],[107.06168413629855,20.781550205878116],[107.06144762546735,20.781288899463767],[107.06102800835545,20.780960835458277],[107.06093645686047,20.78082541294387],[107.06095934460951,20.780712880013724],[107.0610508962496,20.780569829364925],[107.061577325033,20.78013113768132],[107.06159258312987,20.78001479029724],[107.0614857723028,20.779719150653328],[107.06074572181046,20.779475010181386],[107.0604405449091,20.7792041671116],[107.06041002687913,20.778929508651846],[107.06053972777461,20.778166568643698],[107.06082964435228,20.77759245741633],[107.06079912600222,20.777382649173347],[107.06073809157995,20.777272023117746],[107.06057024570002,20.777273930231278],[107.05996752203612,20.77745512761084],[107.05959368266292,20.777640140672837],[107.05938768783962,20.777806080200502],[107.05925035895633,20.77780798813666],[107.0590901423385,20.777720250157454],[107.0587697068625,20.77743224025994],[107.0583729788302,20.77727392989639],[107.05816698552245,20.777081288360446],[107.05814409762672,20.776922978185503],[107.05828905632444,20.776434697271107],[107.05833483258598,20.775805271863845],[107.05830431414604,20.77555731597669],[107.05815935582872,20.775364674358972],[107.05797625001473,20.77527693614069],[107.05776262675381,20.77527312087461],[107.05694628198422,20.775875843913536],[107.05678606545064,20.775929248783005],[107.05655718289621,20.77592162041239],[107.05584764908858,20.775692737708127],[107.05567980322452,20.77550391120258],[107.05553484389097,20.775168217252734],[107.05542803327268,20.775032796256333],[107.05529070443566,20.77494315004295],[107.05509996883315,20.774929799070875],[107.05426073557923,20.77512625587582],[107.05384111895354,20.775051868732376],[107.05358171953183,20.774922168644935],[107.05315447329865,20.774525441039266],[107.05304766195903,20.774468219984996],[107.05278063354943,20.77448729382799],[107.05259752689008,20.774628438335515],[107.05238390419113,20.77498320389558],[107.05190325261053,20.77530173224036],[107.0516972587371,20.77572707059425],[107.05159044705677,20.77584914111274],[107.05106401893131,20.77625159136764],[107.0506978081186,20.77648428777855],[107.05054521986823,20.77650717598819],[107.04999590414559,20.77645949249592],[107.04979753901576,20.7765682111903],[107.0497517630996,20.776726521547324],[107.04983568601077,20.776953496186287],[107.05000353325362,20.77705267785228],[107.05061388513715,20.777245319795334],[107.05074358415521,20.77737502065601],[107.05036211503294,20.778485097179804],[107.0501027149484,20.778713977883424],[107.04992723908855,20.778780736757234],[107.04978228099752,20.778765477352845],[107.04951525233541,20.7786205180265],[107.04924822363283,20.77836111973609],[107.04914904135327,20.778118886049015],[107.04909563518505,20.77736929871276],[107.0489430476248,20.776921071101818],[107.04903460058738,20.77653960121789],[107.04933977621093,20.776123799342027],[107.04952288084915,20.775715625824056],[107.04950762330259,20.775187291515035],[107.04957628683552,20.775002278070495],[107.04977465122812,20.774813449738616],[107.05018663891195,20.77476767430093],[107.05052233227025,20.77479056209255],[107.05114031338198,20.77456549498136],[107.05133867673273,20.774552144368226],[107.05165911254139,20.77466086313019],[107.05189562316934,20.77462080840192],[107.05210161698446,20.774470128158278],[107.05214739272698,20.77430990983492],[107.0521550219372,20.774151600108645],[107.05204821085583,20.7739208109726],[107.0518879944068,20.773815906988986],[107.0514607476247,20.773800648215307],[107.05110979476204,20.77407912118428],[107.05101824284559,20.774081028662756],[107.05081987779684,20.774025715416386],[107.05066729050611,20.773911274854854],[107.05043077942622,20.77388266437614],[107.05020952746813,20.773941792474595],[107.04975176343206,20.77436522355178],[107.04940844032622,20.77440718545904],[107.0492253354809,20.774319447538392],[107.04908800632239,20.77416685950157],[107.04893541794134,20.77344015900897],[107.04876757058403,20.773241795200857],[107.04859972551041,20.77314833528069],[107.04831743710508,20.773134984345567],[107.04811907313903,20.7733028300055],[107.04801226075915,20.773514546540337],[107.0478596730568,20.773997105049354],[107.04776812093266,20.774071491935068],[107.04715014030154,20.77407912074879],[107.04698992191364,20.774122990172163],[107.04668474675239,20.774296559521385],[107.04646349452403,20.774309910485247],[107.04622698306669,20.774100102116435],[107.04593706570151,20.77371863242543],[107.04588365984112,20.773491658180458],[107.04589891885712,20.773279941935133],[107.0460286188528,20.773131169401744],[107.04625750023925,20.773064412577135],[107.04631853583855,20.772986209840408],[107.0463109057096,20.77282217822332],[107.04600572966133,20.772736347944246],[107.04583025405744,20.772621907586466],[107.04573870196035,20.772454060230288],[107.0457081843726,20.77218893943232],[107.04549456125052,20.771900928781942],[107.04524279052382,20.771719730896038],[107.04499102063369,20.77164343682737],[107.044830803824,20.77166632492699],[107.04469347496222,20.77174643447449],[107.04435778084189,20.77227858433217],[107.04412127036629,20.772366322040128],[107.04355669461734,20.77238348785311],[107.04318285373577,20.772536076014703],[107.04291582619491,20.77288893617289],[107.04265642634937,20.772959508333802],[107.04256487334901,20.772835530479124],[107.04260302026388,20.772686757649968],[107.04295397340901,20.77238158093085],[107.04296160173762,20.77224234384155],[107.0428013848637,20.771948613393445],[107.04277849714747,20.77164343756076],[107.04280138514522,20.77148894250474],[107.04294634311898,20.77127150387277],[107.0432972953307,20.77098730943319],[107.04349565968286,20.770893848871996],[107.04426622777139,20.770880497770783],[107.04457140436412,20.770802296223103],[107.04473925079708,20.770642078725743],[107.0449833914669,20.770249165084532],[107.04500627972692,20.770073688790685],[107.04489946804426,20.769980228966727],[107.04458666263054,20.769915379304038],[107.04400682870433,20.769890584428133],[107.04385424086448,20.769823826276895],[107.04381609344344,20.769734180856638],[107.04428148639289,20.76901511100375],[107.04440355764228,20.76895598318475],[107.0445714039796,20.76895407512723],[107.04470110366363,20.768963611950753],[107.04489183855135,20.76904562767339],[107.04508257386985,20.769343174915363],[107.04520464369459,20.769665516346244],[107.04531145586469,20.76980093803645],[107.04544115495604,20.769852437225904],[107.04588366024394,20.769888675862646],[107.04607439453068,20.770125187132116],[107.04618120554414,20.77034453322003],[107.04638719975209,20.771178043944346],[107.04650164134777,20.771202839367],[107.04667711693179,20.771141803902943],[107.04723406288359,20.770724094731293],[107.04755449799808,20.77075079788452],[107.04772997424055,20.770880497916426],[107.04782915642396,20.771191394686767],[107.04770708494138,20.771891391754533],[107.04776049111558,20.77216414318134],[107.0478978204205,20.77228430586922],[107.0480427794264,20.77226141823489],[107.04856157756625,20.77183226395257],[107.04900408198252,20.77153662487959],[107.05049181360368,20.771080769152032],[107.05128527148436,20.77095488439172],[107.05167437115082,20.77085570194602],[107.05209398739112,20.77050665683988],[107.05227709288562,20.770161427329217],[107.05238390360925,20.76986388068715],[107.05268145095735,20.76955488959724],[107.05314684444855,20.769257343625906],[107.05355883101461,20.768799580055266],[107.05366564249583,20.768603122725736],[107.05368853065372,20.76827505833484],[107.05352831277817,20.767990864008492],[107.05349016603634,20.767758168071797],[107.05372667796674,20.76754454473219],[107.05423021812214,20.767496860784373],[107.05455065175225,20.767523563793564],[107.05509996911503,20.767691410285362],[107.05550432675983,20.768030918495995],[107.0559468307997,20.768490589893627],[107.05598497816469,20.768580235029393],[107.0559010546815,20.768702304601028],[107.05526781495378,20.76890448418945],[107.05426073538149,20.769661701958558],[107.05387163575591,20.769999301518048],[107.05349016610869,20.770495212542624],[107.05322313809747,20.77095869852639],[107.05320787868575,20.771164691773382],[107.0532994315637,20.771347797983537],[107.05368853086519,20.771549977073473],[107.05387163636465,20.77155188348172],[107.05442858166124,20.771330631965117],[107.05551958522025,20.770619191192676],[107.05624437829474,20.770319737213878],[107.05652666507166,20.7700469861612],[107.05669451203161,20.769226826049998],[107.05650377711423,20.768769063081752],[107.05662584752004,20.76814345172345],[107.05655718324495,20.767721928075566],[107.05642748313106,20.767365253813676],[107.05641222447194,20.767037189514987],[107.05648088867099,20.766993320817512],[107.0570988700419,20.767075336597046],[107.05738115819138,20.76705626331945],[107.05755663393289,20.766917026453207],[107.05766344523909,20.76673201334955],[107.05768633314666,20.766562259217107],[107.0576481863389,20.766472614458003],[107.05707598175302,20.76625708349721],[107.0565037770689,20.765583789590405],[107.05631304198626,20.765501773281574],[107.05580187289544,20.76572302698894],[107.0556340257582,20.765745914195197],[107.05512285641167,20.765288150382045],[107.05498552790736,20.76525191184006],[107.05471086999273,20.765387332255052],[107.05435228782494,20.76619604889954],[107.05402422409955,20.766501224510453],[107.05383348912677,20.766554630362823],[107.0534977956757,20.766533649346428],[107.05326128450801,20.766409671833873],[107.05310106659888,20.76623228840187],[107.05311632588595,20.766072071933298],[107.05337572554778,20.765732563892954],[107.05345964932911,20.76554564238361],[107.053429131139,20.765440738717196],[107.05334520747414,20.7653720743803],[107.05323839577952,20.76535681598009],[107.05310106682703,20.7653911477594],[107.05287218532294,20.765610492437506],[107.05255175124624,20.76617506783739],[107.05221605773285,20.766325748904297],[107.05200243524759,20.766312397684704],[107.05179644094434,20.766188419780203],[107.05162859397089,20.766016759038656],[107.05158281779192,20.765911854106108],[107.05170488790998,20.765291965766142],[107.05165911193565,20.765187061739674],[107.05155993008367,20.76510886107682],[107.05141497063218,20.765093601551474],[107.05102587173494,20.765150821702242],[107.05046129672743,20.765349185675166],[107.0502324146406,20.765356815817267],[107.05001879202787,20.76523855972584],[107.04981279821904,20.7650440109812],[107.0496068046194,20.76389578635708],[107.04963732160603,20.763737476721353],[107.04992723847037,20.763417041214947],[107.04992723830523,20.763258731245703],[107.04988909149468,20.763109959044588],[107.04955339901635,20.76285055979338],[107.04949236365196,20.762745655788013],[107.04942369903102,20.76235655553867],[107.04925585199254,20.762224948491056],[107.04910326439213,20.76223257884143],[107.04899645252297,20.76236609227874],[107.04885912377472,20.762663639353203],[107.04863024153859,20.762961185704334],[107.0486149823874,20.763193882333777],[107.04873705359427,20.7635372050747],[107.04868364767543,20.7638538251483],[107.04859209448821,20.76411322475116],[107.04838610187645,20.764385974405894],[107.04785967328131,20.765518941134527],[107.04734087389453,20.765969074643344],[107.04719591573222,20.766043460716123],[107.0469365171868,20.765993869541074],[107.04676103952198,20.76587561484865],[107.04670763487029,20.76576498770762],[107.04670763436128,20.765633381003333],[107.0471577689686,20.76494482837727],[107.04712725074842,20.76444891815666],[107.04686022235309,20.763850009357473],[107.04673052245413,20.763460910640177],[107.04670000433421,20.762890613291002],[107.04673815180543,20.762455738586745],[107.04665422845082,20.762224948410374],[107.04658556373487,20.762182987959882],[107.0463566823482,20.762148654260045],[107.04584551230943,20.76215437740094],[107.04548693161185,20.762411869810805],[107.04485369216277,20.763186252767735],[107.04441118707521,20.763645924097265],[107.0438694993537,20.764128483023665],[107.04379320596584,20.764330662115544],[107.04361010096652,20.764580525283975],[107.04354143541087,20.764982976081612],[107.04357195386889,20.765183247107693],[107.04378557635664,20.765414035652977],[107.04406023488477,20.76553610729684],[107.04489183835905,20.7657440077924],[107.04533434336048,20.766024387437962],[107.0455708546393,20.76632765561627],[107.04570055505094,20.766669071599445],[107.04569292482512,20.767008580052728],[107.04556322562844,20.76760176515171],[107.0454182663926,20.76775053761441],[107.04512835027596,20.767763890386433],[107.04492235546495,20.76771429911402],[107.04473925114497,20.767563618166754],[107.04463243915669,20.767405308408474],[107.04446459249945,20.7668750651968],[107.04379320607364,20.76628569454781],[107.04373980014391,20.76601103564933],[107.04344988292631,20.765660084155396],[107.04325914801593,20.76558378982706],[107.04316759564445,20.76565436201091],[107.04304552503434,20.76583937517504],[107.04297686051787,20.766163623925916],[107.0429005667802,20.766312397681382],[107.04281664416021,20.76643446762113],[107.04274797878233,20.766461171203087],[107.04256487268432,20.766468799833962],[107.04228258535568,20.766028202829116],[107.0421071093402,20.765957631283314],[107.04202318582163,20.765984333740757],[107.04194689293112,20.76608542264022],[107.04189348688269,20.766413486801838],[107.04196978068197,20.766983783564704],[107.0418934866552,20.767317569709242],[107.04151201682656,20.767870700923456],[107.04151201681215,20.768198765294965],[107.041588310605,20.768435277250493],[107.0417866752297,20.768639362955906],[107.04224443912318,20.76894072411641],[107.04251146771541,20.76934889699302],[107.04250383755411,20.769533909317328],[107.0422444390977,20.770024097940432],[107.04213762730565,20.7705905814862],[107.04209185049505,20.771303929183084],[107.04203844493053,20.771464145818573],[107.04163408675598,20.771757878458075],[107.04117632436238,20.772240437450392],[107.04093218281098,20.77232245348434],[107.04072618931245,20.772261418124415],[107.0403599775876,20.771927632435915],[107.04000139702406,20.771191394992304],[107.03986406785442,20.771115101533592],[107.03962755652907,20.7711437120499],[107.03929949267523,20.771279133227345],[107.03896379926329,20.771473683355666],[107.03796434844058,20.77245787561667],[107.03736925553211,20.7732780353391],[107.03712511521714,20.773873128132895],[107.0370183037654,20.774424351420574],[107.03691149224397,20.77465704823336],[107.03637743454422,20.775458134505588],[107.03636980522786,20.775927342679193],[107.03619432888831,20.777054585802688],[107.03624010521342,20.77718047068611],[107.0364995047267,20.7773101703575],[107.03755999075331,20.777350224472787],[107.03803301322058,20.777233876980013],[107.03847551796643,20.776953496107463],[107.03869676999774,20.776659764534266],[107.03891802293498,20.776182927384777],[107.03915453410032,20.775809086137492],[107.0393986751966,20.775648869617434],[107.03993273211368,20.775461949216748],[107.04020739059204,20.77527884325284],[107.04033709022234,20.775055684180696],[107.04025316718516,20.774693286947805],[107.04025316678606,20.774550236322316],[107.04030657271049,20.774428166453202],[107.04045153078539,20.774277485044227],[107.0408253717938,20.774163045219808],[107.04162645829165,20.774163045614994],[107.04239702693104,20.774403370284404],[107.04251146795697,20.774401463096073],[107.04272509086127,20.77431944687797],[107.04296923057726,20.774300374028908],[107.04312944887126,20.77433470646494],[107.04320574317974,20.774439610567818],[107.04319811330257,20.77483252473188],[107.04306841410957,20.775292194919984],[107.04274035032863,20.775576390314082],[107.04211473952506,20.775900639229743],[107.04144335156953,20.775856770172886],[107.04106951200899,20.775934971746764],[107.04082537167554,20.776186741826294],[107.0407567074115,20.776419438491686],[107.04078722480949,20.77661398838571],[107.0410771419888,20.77701834554341],[107.04075670718998,20.777397908518196],[107.04057360247876,20.777462758179524],[107.04035997763881,20.77747038775105],[107.03977251506291,20.77734068771084],[107.03950548601095,20.777354039619425],[107.0393300101725,20.777478016723414],[107.03837633579973,20.778549946419883],[107.03801775435585,20.778734960023588],[107.03746843838395,20.77881506833935],[107.03685808616696,20.779091633851127],[107.03571367699158,20.779360570368677],[107.0354237601259,20.77949599190966],[107.03532457766332,20.779606618864992],[107.03532457805902,20.779997624801585],[107.03540850138467,20.780129232010545],[107.03561449536228,20.780199803347287],[107.03611803488093,20.780279912803266],[107.03610277629829,20.78152731860382],[107.03612566407844,20.78172186789294],[107.0362782518454,20.78204802498154],[107.03630114125406,20.782194890651645],[107.03624010473025,20.78256682401413],[107.0362782517373,20.782851019273934],[107.03676653390352,20.78369597382105],[107.03685045725074,20.783949650605177],[107.03682756951119,20.784048832571507],[107.03673601631263,20.784125126881165],[107.03659868751518,20.78415755150965],[107.035568719177,20.784031667294347],[107.03521013707281,20.78414229410192],[107.03451586245761,20.784752645126524],[107.03402758126327,20.785572804997607],[107.03395891605925,20.78616026813891],[107.03385210556995,20.786434927244898],[107.03349352282301,20.786927022956835],[107.03350878252249,20.787127294187858],[107.03345537617497,20.787255087281725],[107.03330278902098,20.787398138285678],[107.03321123641415,20.787442006887378],[107.03289843174844,20.787451543389054],[107.03247881466275,20.78696707707518],[107.03237200181384,20.78680304493748],[107.03239489106481,20.786400593919897],[107.03253984909183,20.785805502075362],[107.03256273755164,20.78517226195395],[107.03273058431738,20.78481177269581],[107.03318071784444,20.78438262021024],[107.03329515950499,20.78398016925746],[107.03331804670357,20.78324965352524],[107.03286791303216,20.781893530032388],[107.03288317200017,20.78139571172276],[107.03303575966825,20.780716695001054],[107.03324175299716,20.780091085048134],[107.033485894094,20.77974967021855],[107.03381395817289,20.77759055106551],[107.03395128695668,20.777188099244484],[107.0339970631321,20.77609709651222],[107.03415728128284,20.775683201164295],[107.03409624627571,20.77501372239971],[107.03402758112286,20.774876393446338],[107.03389025161572,20.774805821228934],[107.03351641160094,20.774788655401558],[107.03337145313681,20.774662770326366],[107.03327227067965,20.774437703137213],[107.03324175296305,20.774216450665747],[107.0333027888529,20.77360228471828],[107.03325701188167,20.772995747454047],[107.03331804646155,20.772789754121472],[107.03353929953369,20.772433079275025],[107.03404283999434,20.77193526187917],[107.03440905106213,20.77182463574801],[107.03463793285609,20.77181128400865],[107.03487444399094,20.771950520855626],[107.0351491020324,20.77227095543677],[107.03524828370982,20.772280491048303],[107.03545427825273,20.772192753522916],[107.03558397692143,20.77196959416674],[107.035759453861,20.771490849105103],[107.03582048889645,20.771147526514337],[107.0357747116068,20.770815648119758],[107.03557634793664,20.770441807256525],[107.03558397670987,20.77029875615832],[107.03569841748778,20.769970692630732],[107.03636217598036,20.769799031719227],[107.03667498046632,20.76959494565594],[107.0370717086304,20.769198215951846],[107.03729296194422,20.76886824561019],[107.03765154302859,20.76808623228779],[107.0378041308195,20.76783636892684],[107.03843737039315,20.767285144812984],[107.03849840585059,20.767124927880616],[107.03855944063507,20.7666538133062],[107.03851366496339,20.76655463136694],[107.03841448252894,20.766491687901045],[107.03810930638325,20.76641158046056],[107.03800249567544,20.766318120508235],[107.0379338304962,20.76618079025904],[107.0378727960792,20.76586417079766],[107.03788805424189,20.765473163946393],[107.03811693558183,20.765131748623485],[107.03839159479894,20.76504401062277],[107.03873491700085,20.765019215129584],[107.03887987573867,20.76509550856744],[107.03907061076089,20.766114032599784],[107.03916216392312,20.76623038200668],[107.03947496829399,20.766178882930166],[107.03987932682111,20.76594618691787],[107.04093218231642,20.765553273305727],[107.04135942877441,20.76524237527765],[107.04157305139118,20.764916218029285],[107.04247332047836,20.762934482729126],[107.04290819572114,20.762331760581542],[107.04370165227738,20.761662281844703],[107.04395342236434,20.761326587364913],[107.04409838120931,20.760960376796877],[107.0441823043874,20.760170734670485],[107.04415178765836,20.759901798997998],[107.04408312262828,20.759733952013253],[107.0439915698029,20.75966528780377],[107.04370928248396,20.75963286262999],[107.04357958228607,20.759581363468236],[107.04352617691534,20.75946501541683],[107.043526176182,20.7592437636988],[107.04361772982473,20.758967197527074],[107.04380846424043,20.758774555689044],[107.04509020285698,20.758057392615804],[107.04552507855317,20.757508075941224],[107.0464100877167,20.757120883869256],[107.04649401159304,20.757084644049637],[107.04792070713113,20.75602034303037],[107.04821062471456,20.755942142288063],[107.04866075979263,20.75595740107039],[107.0487523111175,20.755915438910687],[107.04876757073204,20.75582007214408],[107.048500541923,20.7555911902607],[107.04843187712326,20.75543288050395],[107.04857683505674,20.75503996598695],[107.04901934036579,20.754156863941773],[107.0492177059212,20.753668581912603],[107.04944658629037,20.75339201711778],[107.05031633740533,20.753517902558],[107.05081224850183,20.75382880015648],[107.051231865219,20.754490650092265],[107.05160570577283,20.754391468566023],[107.05193376974798,20.754227436625914],[107.05299425563081,20.75367621226733],[107.0535588302583,20.753268038921878],[107.05496263968068,20.752619540634484],[107.05528307324778,20.752562319724543],[107.05577898438993,20.7526634098407],[107.05746508024066,20.752800739280875],[107.0576710742741,20.752714907614795],[107.05815172613214,20.75173453070792],[107.05848741989466,20.751330172882266],[107.05876207782936,20.751126086752908],[107.05895281277745,20.75107077427144],[107.05934954094734,20.751129900654405],[107.05962419937654,20.751284396422133],[107.059982780311,20.75141791055649],[107.06021929158518,20.751425540219966],[107.06039476832822,20.75165632983055],[107.06060076119135,20.752096926562498],[107.06078386779463,20.752360140944436],[107.0610356372428,20.75247267529721],[107.06143999560122,20.752278124420574],[107.06224871098239,20.75174025299575],[107.06247759274429,20.751356875982484],[107.06259966395216,20.751015460813292],[107.06286669154197,20.750843798991248],[107.06329393747662,20.750721729008745],[107.06382799570083,20.750408923773954],[107.06469774694592,20.750155245264377],[107.06601000287937,20.74921492296772],[107.06633043682378,20.74881437966558],[107.06636095430845,20.748656069531446],[107.06635332514446,20.74849775980525],[107.06620073748047,20.748184954638866],[107.06584215547619,20.747679507752085],[107.0658192675171,20.747538363417114],[107.0658497855192,20.747412478932084],[107.06598711401443,20.747324740253177],[107.06621599656299,20.747343813508806],[107.06633806625302,20.7474010340762],[107.06639147263715,20.74750975384578],[107.06633043606563,20.747826373244532],[107.06634569546836,20.748066699600955],[107.06641436073664,20.748228823726976],[107.06656694866102,20.748373782940373],[107.06697130617705,20.748570239636223],[107.0672917407379,20.748566424176243],[107.06765795181862,20.748461520552773],[107.06831407943733,20.748078143863175],[107.06869554939249,20.747757708673127],[107.06909227734424,20.747500216715732],[107.06930590048749,20.747273242108864],[107.06935930652102,20.74714735668128],[107.06927538388311,20.746805941448937],[107.06907701851074,20.746647631627567],[107.06937456506796,20.746491229478206],[107.06956529999574,20.746424471830515],[107.06993914065704,20.746477877596227],[107.07048845626569,20.74683073744722],[107.07074022659658,20.746905123407885],[107.07092333210753,20.74686697664981],[107.07146501935722,20.746556078079244],[107.07173204829891,20.74632910465877],[107.07184648991453,20.746153628223624],[107.07193041237655,20.745934283223463],[107.07191515366277,20.745791232522425],[107.0717930829937,20.745585238488854],[107.07157183064803,20.74542502128271],[107.07135057818351,20.74539450326047],[107.07100725552588,20.745415484562464],[107.07083940899797,20.74537924410635],[107.07075548521316,20.74531439473003],[107.07083940954612,20.744770800027094],[107.07072496801744,20.744532382347018],[107.0702137980418,20.7439945090145],[107.0702900927015,20.743637835264423],[107.0702061690856,20.74336508458026],[107.0700688401723,20.743181979003513],[107.07006884065629,20.743105685026556],[107.07025194543453,20.742977892227014],[107.07068682102891,20.742790972088525],[107.07090044389632,20.742569719922617],[107.07132006018452,20.742287432452024],[107.07215166454684,20.742146287906603],[107.07255602219493,20.741825854139353],[107.0726933511192,20.741581713145628],[107.07277727576214,20.74129751848304],[107.07281542212512,20.740986620514256],[107.07277727535772,20.740464006674884],[107.07253313462678,20.739321505301568],[107.0723805467285,20.738863740997328],[107.07212877583194,20.738386904246696],[107.07129717195058,20.73809507969205],[107.07116747353298,20.737950120896357],[107.07109880811107,20.737791810678925],[107.07111406766089,20.737656389831113],[107.07119036101123,20.737501894413924],[107.07117510217759,20.737179553093977],[107.07101488517061,20.736882005760624],[107.07088518556692,20.736779008566412],[107.0706105275498,20.736689363892197],[107.07032823963418,20.736698901045937],[107.070000174862,20.736899171951567],[107.06980181080854,20.736674105396233],[107.06955766974357,20.736645495027922],[107.06880236021534,20.736964021693304],[107.06861925542093,20.73699454045022],[107.06832933791871,20.736929690234536],[107.06818437926356,20.736828599733773],[107.06798601518034,20.73659590389334],[107.06787920398479,20.73619917515786],[107.06778002133787,20.736042772576138],[107.06764269164567,20.735943591049438],[107.06680345884178,20.736040865398454],[107.06613207172585,20.735943590765594],[107.06559038496465,20.735998903989497],[107.06538439223023,20.736098086228772],[107.06511736349361,20.736414705832285],[107.06510973313972,20.73666647633045],[107.06523943336849,20.73684385934],[107.06575823174866,20.737252032260656],[107.06599474293722,20.73761061278962],[107.06607103740792,20.737768922908018],[107.06611681284801,20.738095080403074],[107.06607103714131,20.738240037856787],[107.06595659644884,20.738219058440993],[107.06583452617687,20.737801348507304],[107.06570482659075,20.737616335353678],[107.06549120325006,20.737429415409196],[107.06440782867237,20.73756483701076],[107.06404924695556,20.737776552722785],[107.0636067427662,20.737782275317795],[107.06341600817807,20.7378280513676],[107.06330156678887,20.737908160208],[107.06327104942085,20.738158021954742],[107.06340074915249,20.738364016228058],[107.06378221936039,20.738610064364913],[107.06486559342079,20.738934313167544],[107.06537676238935,20.739270007270967],[107.06609392503506,20.739853655030984],[107.06632280713256,20.73996809628836],[107.06644487736729,20.73998335516605],[107.0666050947733,20.739926135297107],[107.06675005322705,20.73984411887726],[107.06687975314951,20.739662920212933],[107.06698656451833,20.739458834053803],[107.06703234124774,20.739006793544867],[107.06698656418678,20.73881605852629],[107.0674901039359,20.73830679600733],[107.06765032265557,20.73829344370063],[107.0677952806542,20.738367831308494],[107.06828356093402,20.738901887983967],[107.06844377890714,20.739136492372204],[107.06849718447823,20.739414964905222],[107.06838274403762,20.739828860310304],[107.06811571552518,20.740107332918495],[107.06781053885743,20.740128313837033],[107.06727648085393,20.73998717034361],[107.06700182360538,20.740093981210922],[107.06691790043828,20.740195070848582],[107.06686449471022,20.74035338120383],[107.0668873820514,20.74058226243517],[107.06700182300787,20.740732943574887],[107.06739855209581,20.74092558518036],[107.06751299302925,20.741059099868053],[107.06754351037851,20.741223131785265],[107.06749773457545,20.74140814401596],[107.06732225869678,20.741629397007827],[107.06709337647176,20.741759097144335],[107.06610155571862,20.74176481961793],[107.06508684553997,20.742262637496903],[107.06472063382935,20.74258688652528],[107.06452227024786,20.74268606846202],[107.06436205294546,20.742825304783615],[107.06435442338167,20.74301603967187],[107.06446123557009,20.743243014405714],[107.06456804588865,20.743386065198223],[107.06479692805814,20.74346045195682],[107.06499529257844,20.743429933984256],[107.06517839806665,20.74333075259456],[107.06540728044334,20.743092333342737],[107.06575823253074,20.742909228456902],[107.06597185543328,20.7428653597478],[107.06610155551712,20.742928301501514],[107.06617784951769,20.74304846432401],[107.06616259010963,20.74340895308572],[107.06592607887123,20.744023119173743],[107.06574297312255,20.744080340357375],[107.0652623217081,20.744086062855793],[107.06514025155973,20.744152819695916],[107.0650715864802,20.74428442650696],[107.06504106957564,20.74451330825631],[107.0651478802388,20.745135104896328],[107.06504106894792,20.7453544496181],[107.06482744590946,20.74538496613963],[107.0645527878929,20.74521902736618],[107.06416368808479,20.744730746266693],[107.0639882122721,20.744568621840667],[107.06366777822933,20.744513308146516],[107.06346178442688,20.74454954837837],[107.06327104938785,20.744637286573663],[107.06316423836005,20.744944369927317],[107.0632252734722,20.74511793893741],[107.0634846722204,20.745510851253375],[107.06341600845556,20.745648180698982],[107.06324053263747,20.74573210485578],[107.0628361746325,20.7457969548703],[107.06180620534774,20.74566153232489],[107.06143999504714,20.74565771802828],[107.06127977732628,20.74576262132385],[107.06121874259995,20.74588850673486],[107.06125688958466,20.74637869533497],[107.0612187425636,20.746563708531],[107.06111193132989,20.746767794237964],[107.06083727213264,20.74707297104274],[107.06061602003447,20.747244631912164],[107.06037187966335,20.747357165521212],[107.06017351568741,20.747406756472415],[107.05982256316527,20.74735144354781],[107.05944872307612,20.74713591268778],[107.05918169393482,20.747116840003326],[107.0589451834066,20.747185503692037],[107.05852556634815,20.747473513702825],[107.05764818583842,20.74798277593568],[107.0572667166007,20.747965609473503],[107.05706835093358,20.74786261298194],[107.05670977041598,20.747532641485744],[107.05638933531993,20.747460162739575],[107.0562672655745,20.747544085988068],[107.05613756492963,20.748024737472495],[107.05572557843841,20.748478686851357],[107.05535936779432,20.748446261740785],[107.05511522619688,20.74827460109334],[107.05504656240838,20.748165882218384],[107.05501604471257,20.747986590786304],[107.05499315597261,20.74736098092402],[107.05507708012635,20.74724463164122],[107.0556874316924,20.746968066380827],[107.05597734801007,20.74679640478105],[107.05616045444674,20.746575152362553],[107.05618334242102,20.746407305562723],[107.05616045442146,20.74614790681903],[107.05567217274235,20.745348727912873],[107.05561113742176,20.744948184928727],[107.0552678140048,20.744213855026484],[107.05530596160409,20.743962084826624],[107.05542803241045,20.743771349759022],[107.05548906765682,20.743370806330095],[107.05559587848468,20.743195331013933],[107.05574083681918,20.743077075665912],[107.05600023665056,20.74260023764304],[107.05619860160395,20.742440020634277],[107.05667925187066,20.742295062895394],[107.05706835121345,20.74211767872073],[107.05725908628894,20.7419784426794],[107.05800676732186,20.741225039910162],[107.05862474806182,20.74079397821608],[107.05878496531055,20.74063948298222],[107.05883837120498,20.740484988741688],[107.05883074253737,20.740292346826298],[107.05866289513443,20.740006243818602],[107.05840349571584,20.73982313855581],[107.05843401346529,20.73973158550752],[107.05867052396859,20.739519868980157],[107.05893755278758,20.73918799093317],[107.05901384736683,20.738615786619672],[107.05917406437798,20.738386904293964],[107.06002092665717,20.73811033902894],[107.06029558521767,20.737936770475176],[107.06048632029622,20.737700259529554],[107.06064653780702,20.737259661152812],[107.0606236490341,20.736889636562466],[107.06056261380857,20.736695086079838],[107.06044817275932,20.736563479134524],[107.06020403314882,20.736483370572277],[107.06018114446725,20.73642424250209],[107.06019640298801,20.735895907093393],[107.05997515073393,20.735541140166813],[107.0596623463229,20.73518637285872],[107.05960131017449,20.73505095098015],[107.05960893977785,20.734263216432947],[107.05928850454212,20.733559405453942],[107.05925798830016,20.733305726811455],[107.05938005762368,20.73257902807498],[107.06017351458824,20.73245886517402],[107.06021166164018,20.732355867757953],[107.06015062647965,20.732262408037112],[107.0594334639294,20.73230818385272],[107.05907488168116,20.732291017852482],[107.0586628944929,20.73215559643168],[107.05835008948087,20.731865679407232],[107.05817461383891,20.73151282011868],[107.05811357896896,20.731144701383123],[107.05827379537854,20.730328356407796],[107.05818987210567,20.730030810318503],[107.05804491429588,20.729798112823104],[107.05785417886939,20.729784762269116],[107.05773210908761,20.729807650360712],[107.05761766811553,20.729880129158616],[107.05735063851324,20.730166232414106],[107.05725145652967,20.730210100679216],[107.05715227467186,20.730194841557733],[107.05705309322344,20.7301261773915],[107.05693102154484,20.729958330788595],[107.05670976994196,20.728501115633772],[107.05645037119142,20.728121554123195],[107.05651903436106,20.727585589053376],[107.05656481044493,20.727459703692332],[107.05670976965627,20.727326189333102],[107.0571751623783,20.72714689925006],[107.05765581481494,20.72702673581636],[107.05802202526692,20.726961885720865],[107.05859423011735,20.72696379311769],[107.05898333021604,20.726883685216894],[107.05947924008944,20.726586137975893],[107.05969286298257,20.72639731092605],[107.0598454503289,20.726160798786033],[107.05988359744764,20.72587278970713],[107.05986071015049,20.72573736798518],[107.059776786532,20.725624834290283],[107.05947923974732,20.72555235463463],[107.05940294588416,20.7254951346975],[107.05936479888989,20.725395953147466],[107.05937242837277,20.725249086496497],[107.05948686925598,20.724959170089882],[107.05949449910165,20.724552904734328],[107.05925035809727,20.723946367463924],[107.05925035790418,20.72384718548904],[107.05947923985988,20.72345045620604],[107.0597157506646,20.722792422017037],[107.0597386396016,20.722473894226535],[107.05970049294636,20.72230032575436],[107.05955553377663,20.72207907291172],[107.05935717004765,20.72193411427899],[107.0587468177759,20.72162893858464],[107.05855608256601,20.721466813489553],[107.05841112420579,20.721224580292215],[107.05842638390953,20.72109297387938],[107.05858660082595,20.720850740309363],[107.05917406314985,20.720410142244717],[107.05949449833908,20.719992433574905],[107.05957079261906,20.719849382157552],[107.05959368031606,20.719378267279506],[107.05949449898152,20.719227586494792],[107.0593647983559,20.719120775302052],[107.0588917764292,20.718836580601963],[107.05832720171443,20.71867827059709],[107.05786180889072,20.718725954868585],[107.05752611475101,20.718811784202565],[107.05710649731206,20.71903875965829],[107.05643511125626,20.71959570486215],[107.0557332069239,20.720299516432135],[107.05553484291471,20.72038916256002],[107.05531359040317,20.720320497316603],[107.05526018497092,20.72026709181798],[107.0552449252614,20.720087800409036],[107.05545091909742,20.71975210756753],[107.05548143640421,20.71959951916249],[107.05545854878076,20.719414506375603],[107.05539751387364,20.719349657160876],[107.0552220371164,20.71930960218904],[107.05466509153244,20.71926573354763],[107.05458116843342,20.7192294950368],[107.05454302171414,20.719031129962147],[107.0546574628794,20.71881750637905],[107.05526781371725,20.718302522478805],[107.0555195838272,20.717709337477856],[107.0557026892902,20.71742895626701],[107.05583238953453,20.717148576386315],[107.05589342434675,20.716892991409253],[107.05583238949121,20.716585908358446],[107.05576372486894,20.71649817075661],[107.05568742993327,20.716412340660515],[107.05542803151069,20.716372285644038],[107.0552907024236,20.716395173501304],[107.05506944926155,20.71651915145772],[107.05482530856747,20.716788087630338],[107.05451250310439,20.717423234139016],[107.05429888007043,20.717690263886617],[107.05410814533725,20.717835222623474],[107.05373430496797,20.717980180212553],[107.05334520662963,20.71824720953901],[107.0531621000548,20.71825102471646],[107.05306291873386,20.71820906298803],[107.05300951297878,20.71812895324818],[107.05297136603659,20.717530046574453],[107.05284166636706,20.71697310058777],[107.05284166639355,20.71673849626011],[107.05305528929074,20.715740953582976],[107.0533833532932,20.714825426285255],[107.05336809409278,20.714493547086043],[107.05321550646217,20.71421125927312],[107.05304765994991,20.714127336640214],[107.05284166634425,20.714138780025603],[107.05254412036798,20.714291368684034],[107.05183458673174,20.71427801779788],[107.05144548726025,20.714339052731127],[107.05130052813156,20.714411531107704],[107.05114031131465,20.714587007237697],[107.05075884125633,20.715306077206055],[107.05052995912874,20.71562079043579],[107.05021715448552,20.715826784666042],[107.05007982519837,20.715878282940725],[107.04988146152579,20.71587446792559],[107.04946184446639,20.715595994854347],[107.0493397740916,20.71547010934545],[107.04920244494298,20.715182100266677],[107.04886675148958,20.71496847786224],[107.04865312848042,20.71457365644011],[107.04839372909866,20.714300905986377],[107.04821062321568,20.713949953728896],[107.04817247667746,20.71365049952085],[107.04845476428584,20.71320227257092],[107.04850817064468,20.7130287037387],[107.04850817051776,20.712919984033288],[107.04838610030114,20.712630067085954],[107.04845476372134,20.712525163681526],[107.04857683454314,20.71245840663407],[107.04880571641702,20.712204729176445],[107.04885912187285,20.712067399256025],[107.04882860443823,20.711872850199658],[107.04859972304678,20.71176031640899],[107.0481572182347,20.711834703183097],[107.0477833773575,20.712002550578696],[107.04735613098681,20.712050233286913],[107.04631853449243,20.7120540481772],[107.04600572814283,20.712199006888476],[107.04593706461509,20.712349687525194],[107.04592180470593,20.712525163181567],[107.04606676380563,20.712931428278218],[107.04604387519954,20.71300200050772],[107.04586076987007,20.71312979341797],[107.04531908307145,20.713743959654803],[107.04509020144555,20.71391562104536],[107.04491472565282,20.714007173482337],[107.04467821412439,20.71392897291467],[107.04458666099754,20.71399000752345],[107.04431200367456,20.714304719509126],[107.04419756234863,20.714577470805057],[107.04416704458224,20.71479681526676],[107.0442128211867,20.715012346457502],[107.04435015007448,20.71514967602366],[107.04466295511968,20.715189730114037],[107.0448918372773,20.71510008456265],[107.0451893833784,20.714863573276677],[107.0452580480413,20.714846406944755],[107.04536485877638,20.71495321837044],[107.04543352410471,20.715121065614806],[107.04557085292244,20.715245042837243],[107.04572344119471,20.715306077217026],[107.04589128721963,20.71531561439456],[107.04678392754798,20.714672838744946],[107.04715776768371,20.714882646578356],[107.0479741124117,20.715603624203442],[107.04841661761533,20.715927873530504],[107.04846239348768,20.716069017848795],[107.04758501305356,20.717301164796844],[107.04737901978321,20.717467104143555],[107.04695177298069,20.71761396983822],[107.04676866840673,20.7177532068054],[107.04676866840555,20.71784094446916],[107.04686022173087,20.717961108160146],[107.04708910265772,20.7180564748983],[107.04776048891841,20.718212878167705],[107.04851579955017,20.71837881684688],[107.04967546764769,20.718563829747247],[107.04983568456822,20.718626771489596],[107.05061388353587,20.71897963195726],[107.0508732822535,20.71916273699795],[107.0510792761966,20.719343935121575],[107.05119371759301,20.719689165552982],[107.05100298253082,20.72031859035942],[107.05104875846258,20.720593248397982],[107.05120897536594,20.720715318931443],[107.05132341616843,20.721382891001728],[107.0512394933945,20.72195509559994],[107.05094194743424,20.722552095655832],[107.05036211364585,20.723459993616512],[107.04959917356169,20.72419241611505],[107.04921770469988,20.724747453896075],[107.04892778792541,20.725067888996747],[107.04844713589614,20.725266252737896],[107.04777574874582,20.725432192141135],[107.04720354355358,20.725647722890752],[107.04692888555493,20.725868974900074],[107.04676866868407,20.726088319918645],[107.04673052157351,20.72635153389226],[107.04675340954833,20.72687605551357],[107.04705095591987,20.727200304536247],[107.04745531407346,20.727455889177875],[107.04755449631446,20.727581773815704],[107.04756212537873,20.727665698519385],[107.04750871950245,20.727730547495444],[107.04657793353292,20.727812562767536],[107.04561662977576,20.728039538394338],[107.04484606067751,20.72839239693133],[107.04364061633147,20.728817736013426],[107.04332781210626,20.728853976079034],[107.04302263586379,20.7288158296981],[107.04280138344106,20.728628908881227],[107.04278612457702,20.72853544971476],[107.04232836022057,20.72836188023876],[107.04225969707687,20.728209292670343],[107.04228258470218,20.727900301190548],[107.04247331975894,20.727032458487177],[107.04266405451985,20.726782595221955],[107.04310655882593,20.726990496476848],[107.04328203516313,20.72703245833926],[107.04428148554568,20.72704962450924],[107.04455614399541,20.727019105993197],[107.04475450833799,20.72690847993915],[107.04509783082682,20.726576601106338],[107.04531145495996,20.7262771477401],[107.04539537773263,20.726031100533742],[107.0453114550128,20.725701128109247],[107.04510546043436,20.725390231518688],[107.04494524369258,20.725254809478134],[107.04475450841593,20.725191866421806],[107.04444933261304,20.725222384407683],[107.04399156877395,20.72518423673087],[107.04369402288252,20.724991594698945],[107.04348039997669,20.724953448548476],[107.04332781188691,20.72498778015897],[107.04306078206541,20.72513273914927],[107.04291582480124,20.725134645862127],[107.04280901243537,20.72509268419085],[107.0427937535231,20.72474936137944],[107.0435338052279,20.724173341678124],[107.04378557588926,20.723810946228838],[107.04401445639199,20.72335890405209],[107.04412889704228,20.722971713437353],[107.0441365276045,20.722731386690313],[107.04405260323577,20.72251204234082],[107.04395342103675,20.722458636061898],[107.04360246977281,20.722550189316653],[107.0434880286507,20.722594057775943],[107.04325151774286,20.722853457214878],[107.04312944768027,20.72284964211494],[107.04278612412192,20.722569262208964],[107.04264116532624,20.72253111464849],[107.04229784383676,20.72256735485091],[107.04214525534553,20.722542559488495],[107.04187822666638,20.722361360721106],[107.04168749153246,20.7222965110754],[107.04138231587937,20.722313677490433],[107.04110002878438,20.722449099462924],[107.04098558722475,20.72264555591242],[107.04091692256594,20.722935473118742],[107.04100847579411,20.723440919844414],[107.04089403461235,20.723646914453028],[107.04012346520649,20.72447851780817],[107.03985643684682,20.725111758388334],[107.03989458317994,20.725329195675638],[107.04003191287312,20.72551802339602],[107.0403828652852,20.72583845866463],[107.04044390010881,20.725945269331948],[107.04032945933119,20.726290499188085],[107.04022264735401,20.726471697023552],[107.04014635312222,20.726780687961288],[107.04016924268666,20.727177416136637],[107.04038286545222,20.727940356793667],[107.04038286572285,20.72813681340949],[107.04048204759289,20.728630816790503],[107.04055834118333,20.729647433342674],[107.04049730667774,20.73018530525153],[107.04030657189782,20.731098925167935],[107.04013872426106,20.73140028655434],[107.0400166550948,20.73149946873615],[107.03982592015521,20.731529986926926],[107.03962755526075,20.731499468318376],[107.03942156140305,20.731322085309635],[107.03887987505891,20.730612551747722],[107.03866625128282,20.729954516895116],[107.03849840453636,20.729605471618303],[107.03833055880311,20.728899752639823],[107.03823137560555,20.728680407654796],[107.03809404630124,20.7285774107185],[107.03795671796034,20.72853544970045],[107.03782701763001,20.72855452260512],[107.03772020674747,20.728630816802873],[107.03758287780018,20.728960787848056],[107.0375599891922,20.729260241805584],[107.03758287750165,20.729580676587695],[107.03765917144463,20.729901110787555],[107.03763628373282,20.730095660689507],[107.03740740198833,20.730583941635995],[107.03735399533946,20.730984484549946],[107.03724718335143,20.731034075882377],[107.03693437870461,20.731037890387668],[107.03668260817997,20.730877673957103],[107.03639269122614,20.730570590603232],[107.03626299227778,20.730522906663303],[107.03589678169912,20.730562960247457],[107.03542375829664,20.730976855567654],[107.0350194005927,20.731226717908804],[107.03489733090517,20.731375491525075],[107.03479051910558,20.731659686584255],[107.03476763049123,20.731968676754136],[107.03464556025791,20.732001101349855],[107.03401995041341,20.73181799683251],[107.03361559303738,20.731797015298856],[107.03313494039713,20.731627261693276],[107.03267717691006,20.731602465797586],[107.03117418524708,20.731688296565018],[107.03100633948459,20.73165205666177],[107.03088426845436,20.731577670546514],[107.030853751332,20.73144224834945],[107.03080797600506,20.730702197622747],[107.030815604235,20.730328356323533],[107.0310368565128,20.72910193129123],[107.03118944458684,20.728659426373945],[107.03141069792885,20.728354250414302],[107.03166246795831,20.728138720771778],[107.03199816031626,20.728016650748977],[107.03214311982335,20.727980410607053],[107.03252458807573,20.727988039256623],[107.03285265290543,20.72812346167314],[107.03307390508722,20.728283679655167],[107.03323412263008,20.728592669661108],[107.03342485745917,20.729204928938014],[107.03346300420596,20.72942618103941],[107.03346300494476,20.730133807482495],[107.03353929880183,20.730358874324313],[107.03366899732974,20.730641162067794],[107.03373766247594,20.730688845596223],[107.03389025070919,20.73068121670912],[107.03395128544736,20.730387484211985],[107.03392839762604,20.729788577994935],[107.03414202005365,20.72854498563989],[107.03417253769624,20.72806624195984],[107.03414964909845,20.727606570543383],[107.0339055092961,20.726832186888547],[107.03405046755834,20.72638968164334],[107.03414202010593,20.72592238139855],[107.03432512525679,20.725594317222],[107.03445482560109,20.72511748014255],[107.03461504225419,20.724139010457037],[107.03460741378679,20.723557269235922],[107.03471422562622,20.72291830764304],[107.03477525985724,20.722000871969453],[107.03522539442808,20.721098695741038],[107.0353474639089,20.720785891031916],[107.03537798212153,20.720587527044913],[107.03538561088338,20.720473086334632],[107.03531694724062,20.720343385865043],[107.0352025060729,20.72025755482628],[107.03508043503513,20.72019842828502],[107.03465318941063,20.720219407713724],[107.0342106847503,20.720328126836954],[107.03338671049875,20.720734393597734],[107.03246355326773,20.721121584164194],[107.0320210481133,20.721401965250895],[107.0315861734608,20.722206865977963],[107.03128099733149,20.722508226963516],[107.03089189801588,20.722773348065168],[107.03045702186766,20.723213946385833],[107.02973985895711,20.724184786837135],[107.0294270539952,20.724436556838445],[107.02900743731097,20.72501829836571],[107.02890062601244,20.72542837854807],[107.02896166165668,20.72599676899202],[107.02890062614115,20.726259982558297],[107.0287098915376,20.726534640361987],[107.02852678683855,20.726752078688094],[107.02817583320474,20.72690848045494],[107.02691698386019,20.727274691912978],[107.02683306014862,20.727356707301603],[107.02664232510882,20.72811201774085],[107.0264592202175,20.728480135853644],[107.0263676671115,20.728613650573468],[107.02617693246884,20.728703295922738],[107.0258870156074,20.72818258974994],[107.02517748183755,20.72742537256848],[107.02504778279157,20.727089678308364],[107.02496385808277,20.726523196821983],[107.02485704690102,20.726113116640704],[107.02481890041086,20.72345045755088],[107.02460527755284,20.72281721759755],[107.02449846559496,20.722616946819397],[107.0243916543754,20.72251585626175],[107.02413225456847,20.722458636616093],[107.02386522520594,20.72250059738119],[107.02375078495068,20.72257689168803],[107.02346849726617,20.723206316654153],[107.02336168570687,20.723334109254292],[107.02325487394437,20.72338370092874],[107.02289629232911,20.72338370050676],[107.0224461585548,20.72344664285775],[107.02225542358913,20.723589694716257],[107.02191973016126,20.724039828909035],[107.02173662428154,20.724222934020283],[107.01958513537414,20.725264346371514],[107.01893663732334,20.725662981921598],[107.01754808712687,20.726639544814955],[107.0170979536916,20.72724417524552],[107.01673937106942,20.728441988661256],[107.01655626650701,20.729588305597648],[107.01619005516453,20.73036268990724],[107.01592302628708,20.730616366705014],[107.01555681539085,20.730870044002604],[107.01485491115729,20.731249607003058],[107.01459551163838,20.731480396609527],[107.01430559435978,20.731915271409],[107.014313224792,20.73236159122502],[107.01445818226215,20.732664858888718],[107.01476335831221,20.732836521260886],[107.01534319282123,20.733254229919396],[107.01542711572787,20.733439243374463],[107.0159993204952,20.733731067417363],[107.01617479685557,20.733893192428834],[107.01627397885629,20.734196460191775],[107.0164113079843,20.734413897957552],[107.0167775188686,20.73449591467796],[107.01729631729262,20.7343490486568],[107.01763964087127,20.734116352197848],[107.01783800425052,20.734091556083584],[107.0181736977807,20.734183109061167],[107.01823473271982,20.734597002875542],[107.0183186566333,20.73471525954082],[107.01840257969465,20.73473051816478],[107.01883745476466,20.734404360891297],[107.01915026067734,20.734339511029653],[107.01950121271072,20.734150684305188],[107.01984453513323,20.73369864171209],[107.01995134658827,20.73375204800238],[107.01998949339392,20.733853137711904],[107.01996660548524,20.734556949077927],[107.02012682285364,20.73477438711284],[107.02024126345141,20.734892643189635],[107.02040148016168,20.73492506722412],[107.02079057976687,20.734844959130164],[107.02101946175407,20.734488285251505],[107.02101946145791,20.733992373926075],[107.0209813146006,20.733605182118705],[107.02089739161875,20.73334196813838],[107.02076769134592,20.73309782742272],[107.0205769568153,20.732416904157894],[107.02061510331711,20.732176578289977],[107.02069902741057,20.731983936062218],[107.02127123180689,20.73096159687678],[107.02186632489385,20.730372226019906],[107.02241564165533,20.7299087407579],[107.0230565099649,20.729492938663782],[107.02335405645088,20.729365146034514],[107.02373552634168,20.728987490736905],[107.0239262612376,20.72873953622845],[107.02398729600057,20.72844389710532],[107.0239644079686,20.72799566959424],[107.02417803098704,20.727654253688424],[107.02425432558998,20.72763708766165],[107.02433824835121,20.727701937740083],[107.02440691227062,20.727934634331955],[107.02437639578397,20.728890215915868],[107.02426958325825,20.729479586748123],[107.02423143608442,20.730044162086866],[107.0240559605339,20.730915821072095],[107.02402544375936,20.73160818805045],[107.02394914948842,20.731949603787957],[107.02375841471348,20.73228911237142],[107.02314806288675,20.732861316173985],[107.0229954758742,20.733053958277267],[107.02292681094254,20.733326708821373],[107.02297258656036,20.733435428103473],[107.0232090988677,20.733540332245735],[107.02346849796619,20.73354414689826],[107.02398729661942,20.733462131259376],[107.02423143632838,20.733664309797867],[107.02431536011282,20.733944689981872],[107.02424669572642,20.734967028694754],[107.0243077305664,20.735228335731907],[107.02454424298726,20.73537901615898],[107.025505545753,20.735367572364428],[107.02589464506926,20.735398090358053],[107.02653551422944,20.73560217611326],[107.02699327807228,20.73559836232557],[107.02736711858368,20.735497272160604],[107.02809191023687,20.735152041613222],[107.0286946324608,20.73475149881435],[107.02976274750696,20.734223162446046],[107.0303959873587,20.733799732176042],[107.0309605623192,20.73365095847568],[107.03118944511961,20.733643328995466],[107.03157091472339,20.733794009848523],[107.03165483738451,20.73395613394875],[107.03167009624636,20.73420218147068],[107.03174639038669,20.73433188218832],[107.03204393652881,20.734387194568676],[107.0323338539598,20.73424223723793],[107.03251695993251,20.7340286134048],[107.03266954806887,20.733671938702475],[107.03270006445194,20.733298098550872],[107.03260851264828,20.732901370556913],[107.0327153241156,20.732708727678805],[107.03290605861513,20.732573306787323],[107.03358507446004,20.732407366505818],[107.03371477498887,20.73243406941809],[107.0338292153372,20.732519900964597],[107.03386736254217,20.732649600950786],[107.03386736219225,20.73276976296199],[107.03373003336576,20.733027255875193],[107.0337529214397,20.733370577309874],[107.03386736298675,20.73351553650015],[107.03395891467243,20.733565128087843],[107.03457689610457,20.73362997803978],[107.03466844861663,20.73371580739148],[107.03483629575756,20.73399809618359],[107.03479814868572,20.734900271802786],[107.03495836562124,20.735312258810946],[107.03521776600236,20.735522067699605],[107.0354924236224,20.73558119462907],[107.03581285773942,20.735523975089983],[107.03621721557832,20.735354221181012],[107.03671312720427,20.735054766833855],[107.03757524792071,20.7342079033924],[107.03780412946298,20.73407438989227],[107.03816271148534,20.733963763351092],[107.03849077603809,20.733719623064857],[107.03875780507619,20.733286654880185],[107.03886461614135,20.733237063482324],[107.03901720400913,20.733235156839527],[107.03926134496591,20.733326708503785],[107.03948259644451,20.733515536619162],[107.03996324922544,20.733797823662908],[107.04057360085781,20.734341418862105],[107.0412526169404,20.734875475470712],[107.04162645667161,20.735323702586403],[107.04170275092675,20.73553732568637],[107.04158068082813,20.73604086564552],[107.04179430347345,20.736277377247205],[107.0421528851712,20.73642805760192],[107.04217577265868,20.73660353334303],[107.04198503798787,20.736998354994086],[107.0416646040658,20.737395083633523],[107.04095506957869,20.73875883811444],[107.04073381775461,20.738968646632706],[107.04061174736154,20.739025867164777],[107.0403981239509,20.739104067588777],[107.03938341486601,20.739075458154705],[107.03863573375973,20.73915747402415],[107.03833818770927,20.738987719771497],[107.03808641786583,20.73865774867585],[107.03766680082305,20.73828772294862],[107.03755235966501,20.73811224643408],[107.03735399551218,20.73763540987773],[107.03727770210357,20.737549579034344],[107.03675890236656,20.73723868117396],[107.036499503972,20.737108981865262],[107.03609514600817,20.737032687770277],[107.03466844901455,20.73693732018515],[107.03441667863069,20.73699454062083],[107.03402757998376,20.73720625546981],[107.03360033380203,20.73753813529567],[107.03279924709886,20.73796919597839],[107.03201341978328,20.73851660473668],[107.03193712536574,20.73867300830334],[107.0312123327923,20.739254749057576],[107.03104448636438,20.739321506264837],[107.03088426895093,20.7393234132641],[107.03073168222092,20.739243304695517],[107.03006792346433,20.738703525368916],[107.02990007794959,20.738646305357396],[107.02969408406909,20.73861578725877],[107.02938890767307,20.738673007787188],[107.02898454936627,20.738941944367536],[107.02876329738405,20.73925093447959],[107.02837419923678,20.74010733375383],[107.02824449856037,20.740368640613116],[107.0278248819126,20.740679538549067],[107.02759599951595,20.740711962862903],[107.02702379595797,20.74060324403141],[107.02645159045672,20.740687168204293],[107.02619219183177,20.740666186898256],[107.02559709875322,20.740177906613418],[107.02507067055997,20.739834583590017],[107.02490282377693,20.739807879948465],[107.024757865802,20.73990134029538],[107.0242848429437,20.740565097002573],[107.02411699672935,20.740719592887622],[107.02400255581195,20.740744388034233],[107.02388811514035,20.740679538505542],[107.02375841435921,20.740422046667728],[107.02364397397686,20.740326679296956],[107.0234684978992,20.740305698086466],[107.02333879754423,20.74012259256349],[107.02333879795302,20.739952837945165],[107.02346849776055,20.73951605650248],[107.02347612671605,20.739367282613085],[107.0233769448791,20.73922613930824],[107.02323961611452,20.739163196435054],[107.02301836404821,20.73919752788619],[107.02281236980917,20.739369190339605],[107.02240038303962,20.740320956901268],[107.02225542362392,20.740469729980216],[107.02204180084097,20.740534580192843],[107.02185106574295,20.740471637547717],[107.02173662490209,20.740364826762423],[107.02169084897369,20.740158832757327],[107.02165270179528,20.738947665937072],[107.02158403723429,20.738747394620233],[107.02147722534856,20.738585269290866],[107.02130174964061,20.738526142714363],[107.02108812633251,20.73860434303165],[107.02095079815687,20.738802706983815],[107.02083635646778,20.739086902156917],[107.02077532175977,20.739132679069982],[107.02071428714632,20.739117420582573],[107.02063036303926,20.739029682124176],[107.02054643920198,20.738594805994126],[107.0204701460753,20.73843840449571],[107.02032518677753,20.738255298072268],[107.02006578754259,20.73805884091242],[107.01989794077768,20.73799017695996],[107.01945543604444,20.737978733445644],[107.01911211371736,20.737814701678925],[107.01884508502789,20.73776320245256],[107.01856279690305,20.737765110729736],[107.01837206185247,20.737852848704],[107.01816606838739,20.73808554480434],[107.0178380050126,20.73859480627863],[107.0176854166951,20.738650119796727],[107.01696825351797,20.738590992764404],[107.01667070691244,20.738659656297045],[107.01596880285895,20.738711154391133],[107.01584673285771,20.73879317021695],[107.01576280828544,20.73894003648116],[107.01573992016694,20.73910406865945],[107.01580095534973,20.739271915791996],[107.01608324362353,20.739464557714],[107.01681566580957,20.740345752541277],[107.01681566612413,20.740530765426797],[107.01673174314162,20.740902698275832],[107.01678514769692,20.74122313375401],[107.01688432981209,20.7415264015566],[107.01703691747713,20.741759098543003],[107.01718950561393,20.741865909576934],[107.01734972409227,20.741963184675768],[107.01753282831098,20.74199370196867],[107.01792192755853,20.741934574504853],[107.01817369786977,20.741804874825288],[107.01838732072648,20.74148253266587],[107.01848650240498,20.741249836657392],[107.0186162026753,20.74108008139035],[107.0187230142839,20.74104574912109],[107.01884508484305,20.74104956465931],[107.01939440085827,20.741543567295412],[107.01954698904655,20.74162939853499],[107.02005052893895,20.74171332137293],[107.02015734097304,20.74177817113711],[107.0202183755284,20.741913593045478],[107.02021837553201,20.742092884216515],[107.02015734041963,20.742262638262535],[107.0196309132207,20.742556369402408],[107.01908159533556,20.742787159841903],[107.01862383198656,20.74315336989284],[107.0184712448744,20.743542469637525],[107.01827288002693,20.743866718854488],[107.01789141040611,20.744232929689762],[107.01783800458108,20.74432638941543],[107.01779985814541,20.74488142808557],[107.0176091226698,20.745489872976002],[107.01715898850848,20.746392047360164],[107.01696825425648,20.746901310466175],[107.01702928920696,20.747294223696905],[107.0172734303284,20.747771060519497],[107.01729631769207,20.74820593641433],[107.01736498236049,20.748467243769774],[107.01760149371235,20.748900212037118],[107.01786089257767,20.74897269110175],[107.01811266323642,20.7489803206515],[107.01844072676765,20.74886778719298],[107.01894426714739,20.748492038696625],[107.0191273720418,20.748413838191915],[107.01953935958285,20.748484409563687],[107.01956224770824,20.748541629814977],[107.01947069512455,20.748640811474285],[107.0191044843471,20.748867786623116],[107.01894426706612,20.749033726041446],[107.018745903279,20.74980429524864],[107.0170140297008,20.749777592031727],[107.01567888637092,20.749804294896784],[107.01548815097787,20.749621189543824],[107.01480150564348,20.749365604685952],[107.01446581228154,20.749195851238987],[107.0141682655455,20.74911383474099],[107.01400041861272,20.749121464340046],[107.01381731388703,20.749218738744638],[107.01376390751359,20.749382771033257],[107.01380205481732,20.749623097333792],[107.01389360768935,20.74980429494084],[107.01155901300073,20.749802387871082],[107.01149034863133,20.74951628520409],[107.01148271925996,20.749075688185922],[107.01158953095951,20.749003208825684],[107.0117878947975,20.748978413412626],[107.0125203171422,20.74897650632],[107.01275682786299,20.748869693761907],[107.01293993351179,20.748728551346865],[107.01309252093506,20.7485149269346],[107.01316118628907,20.748339450763186],[107.01319933324152,20.748055256242232],[107.01318407365571,20.747793950039533],[107.0130848921089,20.747471608160257],[107.01272631022779,20.74704054660067],[107.01266527437633,20.746855533979698],[107.0126347575527,20.746161258790274],[107.01247453997573,20.745730198046328],[107.01223040015454,20.745341098991982],[107.01211595831325,20.745049275003982],[107.01207781143937,20.74455527140264],[107.01201677719038,20.744404591103823],[107.01178026605061,20.74425581737581],[107.01168871297976,20.74424055844389],[107.0114445718857,20.744335927165615],[107.01134538993868,20.74447134752743],[107.01108599119543,20.745215213959792],[107.0109868090506,20.745369709771385],[107.01078081462587,20.745541371300266],[107.01055193231444,20.74561766511992],[107.01036882740695,20.74561957209014],[107.00991869242185,20.74552611157098],[107.00954485293778,20.745335376929948],[107.0093617469281,20.745001590960978],[107.00922441770204,20.7445457352545],[107.00915575350304,20.744438922890403],[107.00902605370324,20.744395053436733],[107.00885820629473,20.74438361028644],[107.00868273118614,20.744435108947165],[107.0079503089527,20.744808949005463],[107.00756121000603,20.744877614313417],[107.0072789223188,20.744976795783185],[107.00711107603217,20.74508360715353],[107.00694322845615,20.7452590829574],[107.00680589980817,20.74543455858498],[107.00676775250408,20.74571303164973],[107.00686693523761,20.746147908040097],[107.00700426515847,20.746361530974383],[107.00705004046131,20.746546543720218],[107.00702715261464,20.74673727880272],[107.00692034058993,20.746922290950092],[107.00698900550528,20.74743727481476],[107.00696611776168,20.747610844416144],[107.00682115895337,20.747818745157254],[107.00644731861466,20.74799803591295],[107.00625658381622,20.74815253095157],[107.00596666675742,20.748686589239096],[107.00590563162808,20.748932637000422],[107.00590563200124,20.74935988331022],[107.00610399578675,20.749504841562413],[107.00629473063852,20.749523915057114],[107.0065312418304,20.749642171120836],[107.00659227664798,20.7498004806109],[107.0050892868444,20.7497985735995],[107.00494432795564,20.749546803047703],[107.00477648037347,20.749352253891807],[107.00458574678458,20.74922446162348],[107.00426531225952,20.749110020489987],[107.00412035294478,20.74910620651789],[107.00397539442199,20.749151982268877],[107.00379991876794,20.749295033262083],[107.00338030222109,20.74980048037662],[107.00043535627343,20.749781407076796],[107.00045824420476,20.75050810776898],[106.99899340016842,20.750262059817985],[106.99848223097231,20.750084674979323],[106.99812364833292,20.749827183763387],[106.99755144428522,20.749516285772636],[106.99694109229648,20.74899367216194],[106.996407035646,20.748404301140653],[106.99620104135944,20.747319020459045],[106.99594927122028,20.746470250021748],[106.9960179353366,20.74623564613978],[106.99625444772173,20.74603728241983],[106.99648333006765,20.74590567502318],[106.9967503579517,20.745619572003328],[106.99697161106079,20.74519232645973],[106.99738359760163,20.744742192593268],[106.9976048502401,20.74460677001804],[106.99818468355677,20.74460486349832],[106.99839067780194,20.744524753838235],[106.99852037714706,20.744343556080686],[106.9985356361312,20.744053639315563],[106.99846697175971,20.743826665560345],[106.99846697175673,20.743479526808816],[106.99878740677147,20.74270323615616],[106.99919939356197,20.742140567871665],[106.99984789235057,20.74146345955232],[107.00004625667299,20.741183079383703],[107.00004625690566,20.74079207317222],[106.99990129743745,20.74066046588969],[106.99975633911895,20.740612782155033],[106.99961901039023,20.740635670179064],[106.99915361789924,20.74096373425974],[106.99892473533049,20.74099997356464],[106.99870348209038,20.740958011888473],[106.99752855622869,20.740275181400243],[106.9969410927902,20.739865100848093],[106.99670458188864,20.739538944766593],[106.99662828756313,20.739176548908485],[106.9968342817393,20.738638675538642],[106.99800157830606,20.737192905509687],[106.99821520133375,20.736750400886947],[106.99831438369687,20.735874928230622],[106.99887895811493,20.735266483874614],[106.99915361757377,20.734743869658928],[106.99949693972617,20.73434332637152],[106.99993944431475,20.733977115279398],[107.00045824330795,20.733704365055985],[107.00109148376728,20.732806003375654],[107.00108385303662,20.732565677472866],[107.0009541541024,20.731989658407947],[107.00096941184118,20.731760776172845],[107.00116014765197,20.73103979805075],[107.00135088241852,20.73054198057759],[107.00138140009028,20.730128086266504],[107.00102281817328,20.72967413713903],[107.00071764193882,20.729437625686725],[107.00044298398528,20.72936514658848],[107.00045061369386,20.728459156465515],[107.00035906155433,20.728468692779256],[107.00030565547029,20.729500568038755],[107.00019884461888,20.729525363058194],[107.00009203198232,20.72934988777602],[107.0000615154283,20.728998935049297],[107.00015306745445,20.728535450666858],[107.00003099728318,20.728207386437816],[106.99977159830382,20.727991855114663],[106.99939775711765,20.72795180117651],[106.99913835786927,20.728031909701514],[106.99896288177796,20.728209293528693],[106.99897814099788,20.7284839514867],[106.99920702207265,20.728821552387927],[106.9997487091585,20.72942045918976],[106.99977922675949,20.729639804745737],[106.99973345106716,20.72983816952907],[106.99945879206484,20.73019293508277],[106.99931383394915,20.730557239531358],[106.99910784052155,20.730713642535246],[106.99849748923012,20.730885303388046],[106.99832964199062,20.731039798427012],[106.99826097737356,20.731261051700574],[106.99839067711711,20.731720722304548],[106.99856615305787,20.73215941234607],[106.99856615340647,20.732323444973584],[106.99842882420317,20.73288611308313],[106.99826097733255,20.7329204448677],[106.99774217879416,20.732806003911925],[106.99742937320062,20.732909000864172],[106.99715471524787,20.73312071632889],[106.9968495396286,20.733277118848857],[106.99680376283638,20.733410633995383],[106.9968571697444,20.733574666088515],[106.99709368073636,20.73373678989321],[106.99723100891333,20.733887470593853],[106.99723100970232,20.73453596857746],[106.99727678610046,20.734734333600176],[106.9976429963553,20.735058583035826],[106.99765825544094,20.735245503126677],[106.9974751502044,20.735466754460276],[106.99710130889709,20.735527791093048],[106.99641466459151,20.735392369156894],[106.99623918849777,20.735461033082338],[106.99615526565238,20.735703266508875],[106.9963383703611,20.735909260100794],[106.99700212739509,20.735956944144164],[106.99713182770185,20.736153400977802],[106.99710130959114,20.736395634075954],[106.99690294515118,20.736584461749132],[106.99684953960458,20.73690298843814],[106.99662828753065,20.73700407772193],[106.99597978817677,20.73695639478691],[106.99587297698238,20.73700217057194],[106.99575853624167,20.73715857414192],[106.99562883606951,20.738026416629186],[106.99546099031883,20.738501347315076],[106.9951176670173,20.738867557580647],[106.99456072112886,20.739214696010876],[106.99433183977013,20.73943785523861],[106.99404955203026,20.74022177609451],[106.99382829986918,20.740553653929574],[106.99379778235328,20.740816867996276],[106.9939732581328,20.7411125075191],[106.99462175635584,20.74159888119504],[106.99539995440499,20.742073810836157],[106.99575853623384,20.742420948854214],[106.99585771834231,20.742760457354354],[106.9957509077213,20.7431342974423],[106.99542284328416,20.74354628412416],[106.99482012167418,20.74389342224987],[106.99446153943994,20.744326390131594],[106.994156363653,20.74494437141466],[106.99385881793678,20.74529913856229],[106.99368334143729,20.745356358170067],[106.99317980182951,20.74538496807958],[106.99272203765769,20.74531248955099],[106.99149370420587,20.74496535214417],[106.99109697700128,20.74480322736682],[106.99081468863746,20.744599141102768],[106.99063158342456,20.744303501950565],[106.99052477128839,20.743899144560825],[106.99063921266988,20.743590153534093],[106.99118089912685,20.74297980221601],[106.99186754550472,20.742422855994533],[106.9926915196193,20.74198416587508],[106.99285173722208,20.741839206904622],[106.99276018434074,20.74170760021644],[106.99241686175684,20.741392888112735],[106.992233756381,20.7410762682105],[106.99221086839873,20.740715779127918],[106.99237871454883,20.740349567828005],[106.9927754438131,20.739971912921114],[106.99298906666388,20.739672459119284],[106.99296617814439,20.738848485006425],[106.99301958357616,20.738310612107128],[106.99283647846947,20.73797110372465],[106.99272203695391,20.737864293386828],[106.99227953214645,20.737879551407186],[106.99211931572437,20.738013065737768],[106.99196672718699,20.738257206810715],[106.99179888008439,20.73878554218556],[106.9914860757749,20.739207066240464],[106.99105882894067,20.739464558339606],[106.9905705483485,20.739668644861528],[106.99000597379609,20.73999289455225],[106.98988390215277,20.740368640804732],[106.98970079737126,20.740689076428954],[106.9894566566283,20.74076918512102],[106.98925829247075,20.740727223182972],[106.98902178167167,20.740433491284985],[106.98892259905803,20.74002722595898],[106.9890065227852,20.739498889853895],[106.98898363472442,20.738455571418744],[106.98942613929339,20.73760489353032],[106.9894566567186,20.737461842437533],[106.98936510377622,20.737330235442],[106.98917436911712,20.73733214187588],[106.98877001148085,20.73756865440246],[106.98867082889457,20.73767928050152],[106.98854875833455,20.737658299479193],[106.98831224702559,20.73743132466434],[106.98815203052206,20.73735693834328],[106.9880070708399,20.73739126994105],[106.98786211286473,20.73784331213333],[106.98790026006931,20.73802832477471],[106.98834276494415,20.738583363164228],[106.98841142897926,20.739517964169185],[106.98831987602502,20.739826954367338],[106.9879765545651,20.740280903672232],[106.98761797253003,20.741339482718463],[106.98704576773851,20.74194029768937],[106.98638964081715,20.743012227768354],[106.98646593308246,20.74353865568034],[106.98666429835625,20.744030751320143],[106.9866490399172,20.744734562687245],[106.98678636808505,20.745459355145456],[106.98676348007629,20.745667256927707],[106.98666429881403,20.745932377563598],[106.9863362348399,20.746132649672493],[106.98599291128991,20.746193684164673],[106.98577928860658,20.74611739048938],[106.98561144149288,20.745890416610585],[106.98522997286442,20.74511412574771],[106.98497057247549,20.744797505835823],[106.98463487975926,20.744286336802087],[106.98426866807674,20.74408224952178],[106.98420000309396,20.743962086643194],[106.98419237456234,20.743740834914746],[106.98413133896112,20.743555821353475],[106.98393297516036,20.743479527623286],[106.98355150537118,20.743649281250306],[106.98337602932631,20.74381712834147],[106.98332262315549,20.74405936142678],[106.98345232314695,20.744232930895148],[106.98368883400516,20.74442747937814],[106.98372698133774,20.74473647062339],[106.98386431057287,20.745096959391887],[106.9838566812993,20.74538306139828],[106.98369646341574,20.74559286974216],[106.98280382432941,20.745966710177694],[106.98223162067504,20.746357716489022],[106.98178148597222,20.746912755610857],[106.98157549266826,20.747002400449183],[106.98124742806866,20.747038640877843],[106.98085832967367,20.74726370749406],[106.98062944748386,20.747484959341044],[106.98060655895772,20.74770430466509],[106.98071337064904,20.74785689232728],[106.98088884628002,20.747910299213924],[106.98150682723492,20.747727192396432],[106.98173570937202,20.74779204276974],[106.9819417034166,20.747954168044647],[106.98224687881785,20.74830130475749],[106.98248339103674,20.748299397831897],[106.9827122711509,20.748242177599202],[106.98355913491085,20.747946538433176],[106.98375749866653,20.747954167301078],[106.98396349244722,20.748039998705018],[106.98416185663746,20.748245991260063],[106.98423052144584,20.748455800466445],[106.98417711528279,20.748631277094248],[106.9839940109297,20.748831547375467],[106.98313951755041,20.74885252840154],[106.98295641286794,20.748986043723182],[106.98286485950135,20.74918440800249],[106.98262071977449,20.74938467843681],[106.98260546053164,20.74952773108696],[106.98271227123267,20.750086584093435],[106.98259783056582,20.750263966557025],[106.9823231724219,20.750311650584365],[106.98213243801176,20.750225819937043],[106.98153734524682,20.74955061898391],[106.98130846334416,20.749531544565066],[106.98080492312317,20.7497356321889],[106.98015642422291,20.75017241366824],[106.9797215497914,20.750561513691917],[106.97938585554103,20.750708379319253],[106.97857714061624,20.750717916185597],[106.9784855877424,20.750609197006565],[106.97824144652492,20.749830998953907],[106.97825670514625,20.749193944653058],[106.97821092936132,20.74907378197169],[106.97805071178988,20.749064244915782],[106.97770738981806,20.74916724157263],[106.97709703755721,20.749613561293994],[106.97644853839817,20.750445165277423],[106.97541857069999,20.75166586781871],[106.97512865405325,20.751734533280498],[106.97478533083058,20.7515190032295],[106.97428179070707,20.75127295497669],[106.97369432719702,20.751377858861847],[106.97325945229372,20.751679220386738],[106.97314501176774,20.751932896717122],[106.97318315867197,20.752163686437616],[106.97341966980608,20.752480305801086],[106.97429704999641,20.752985754368687],[106.97436571438132,20.753216543078445],[106.97433519693365,20.75357893898512],[106.97380876861043,20.75437621097363],[106.9737019568956,20.75477293939573],[106.97351885127284,20.754994192531388],[106.97337389297867,20.755051412397513],[106.97319841677678,20.75502089523885],[106.97296190607136,20.754835881867812],[106.9726719882595,20.754521169297735],[106.97222948316899,20.754372395849874],[106.9714207673443,20.754227438164747],[106.97119188647224,20.754339971100233],[106.97022295363887,20.755318440981565],[106.96957445455328,20.75583151859473],[106.96836901104531,20.756153860864206],[106.96821642295123,20.756363668660082],[106.96816301642663,20.756550588738506],[106.9682927163359,20.756945409124725],[106.96807146412239,20.757134237079867],[106.9680562049218,20.757529058188982],[106.967796805995,20.7581813718487],[106.96743822465133,20.758580007594777],[106.9669880898405,20.75876120552746],[106.96661424925195,20.75876692725642],[106.96605730340075,20.758892812988872],[106.96586656876836,20.759016790598707],[106.96579027439005,20.75925902405464],[106.96579027494245,20.759434499966822],[106.9659123455124,20.759608068926067],[106.96694231351782,20.759926595549505],[106.9674000779393,20.759888448896955],[106.96775865842567,20.759774007948863],[106.96807909367938,20.759474554286832],[106.96846056301406,20.759293356315087],[106.96887255088008,20.759321966634207],[106.96898699151451,20.759375372915613],[106.96888017957146,20.760037222188014],[106.9688954383713,20.760277547391436],[106.96904039640671,20.76041869128178],[106.96919298478703,20.76047209767061],[106.96935320266235,20.76042632160385],[106.96949053152657,20.760292806969925],[106.96953630793783,20.7598541165539],[106.96964311947617,20.759566106541644],[106.96946001348599,20.75927237529493],[106.96945238497074,20.759085455454883],[106.96952104829487,20.75884322149227],[106.96979570661546,20.758576192840877],[106.97019243564885,20.75833968119737],[106.97068071702066,20.758158483166824],[106.97090196962971,20.75799063615842],[106.97135973224192,20.757370748511832],[106.97151232047639,20.757359304564602],[106.97172594395279,20.757456579854694],[106.97214556094235,20.75752905837103],[106.97274065372612,20.757378378012792],[106.97300768319428,20.75713805220875],[106.97316026993671,20.757138052670193],[106.9736256629197,20.757576742456045],[106.97365618102789,20.75775412495072],[106.97354936969685,20.758488454632502],[106.97355699889509,20.758591451742316],[106.97363329284015,20.758702078461145],[106.97359514544294,20.758879461293017],[106.9735417398378,20.758953848050854],[106.97355699835354,20.75899390236061],[106.97361040441547,20.759009161306064],[106.97396135643667,20.758866109013926],[106.97412920361127,20.75886992409975],[106.9741978681106,20.75906065985429],[106.97419023873368,20.75932196624151],[106.97430468011164,20.75936202007931],[106.97504473068682,20.758986272501105],[106.97586870451175,20.75826338697359],[106.97607469921331,20.757994451547393],[106.97620439922575,20.757910528615064],[106.9762959519254,20.75790099172208],[106.97627306291398,20.758019246872134],[106.97609758670443,20.758179464589467],[106.97561693490289,20.758791723087214],[106.97496843690595,20.75927618941447],[106.97491503051533,20.759537496076927],[106.97473955523307,20.759821691185127],[106.97470903784554,20.75997618684055],[106.97469377841067,20.760182180712505],[106.97483110828924,20.760840215794712],[106.97499895493814,20.761343755898594],[106.97557115920063,20.761961736786432],[106.97565508215182,20.762133398212754],[106.97562456462326,20.762312688610688],[106.97544145907014,20.762518682166935],[106.97520494780125,20.763077535342084],[106.97504473128889,20.764033117473158],[106.97514391306767,20.764771261973845],[106.97507524819818,20.766238012865596],[106.97499132533845,20.766392507330075],[106.97476244274759,20.766457357455064],[106.9739842453145,20.766361990681638],[106.97367144004751,20.76650885602162],[106.973282341275,20.76685408661317],[106.97305345935303,20.767329015670352],[106.97279405902745,20.76751784423625],[106.97242784887005,20.767643728616747],[106.97197771401848,20.7676475438533],[106.97144365714158,20.76777533548362],[106.97084093426163,20.767990865847004],[106.97010088321932,20.768494406299723],[106.9696583780839,20.769377508875035],[106.96936083162531,20.770172872752287],[106.96943712612732,20.77061156314004],[106.96968126755742,20.771015920717158],[106.97016954803645,20.771284856712775],[106.97119951588147,20.771382131913242],[106.97145128611943,20.77146796313566],[106.97156572723719,20.771729269893125],[106.97169542739981,20.772892752395077],[106.97142076825509,20.7731597810156],[106.97059679434307,20.77321318668656],[106.97011614235585,20.77342680992343],[106.96957445546929,20.773575583504247],[106.96918535572506,20.773525992452647],[106.9688801804864,20.773287573934216],[106.96857500381924,20.773291387973106],[106.96828508743924,20.773482122955123],[106.96814775836502,20.77375678129968],[106.9682164231887,20.77462462563053],[106.96815538859971,20.77488974627886],[106.96733904202603,20.775358954296014],[106.96723986000158,20.77552680120203],[106.9672932665202,20.77612952358763],[106.96730852516059,20.77709654973027],[106.96787310008393,20.777628699733686],[106.9679799118965,20.777825156773602],[106.96795702287089,20.778023520080172],[106.96762133049745,20.778357306486416],[106.96547747056478,20.77929000042292],[106.96531725353351,20.77930525833717],[106.96527910644757,20.779021063939698],[106.96541643492581,20.778261939412136],[106.96534014149869,20.777888098335616],[106.96511888961781,20.777539054490337],[106.96427965504232,20.776932517148403],[106.96366930419056,20.776688376166543],[106.96311235798768,20.77672652390362],[106.96295214168082,20.77690390729151],[106.96272325970376,20.777334967097065],[106.96273088845955,20.777895728489515],[106.96282244125962,20.77891615978972],[106.96278429397772,20.779324332602457],[106.9625096364687,20.779656211663625],[106.96203661320187,20.781397620672763],[106.96173143699644,20.78183058897648],[106.96134233875675,20.7820766367664],[106.9611973808241,20.782353202698967],[106.96122789706705,20.78285864970817],[106.96134996841633,20.783219138790653],[106.96134233855588,20.783438483702053],[106.96120500895722,20.78353957253944],[106.96098375724047,20.783552925262203],[106.96070909955046,20.783478537649],[106.96050310529147,20.783503333665816],[106.96036577633552,20.783657828916404],[106.96031237004554,20.78399924370849],[106.96035814625566,20.7842414776807],[106.960243705063,20.78437499163097],[106.95956468902996,20.784426491304433],[106.9592289960852,20.784661093609664],[106.9591374430492,20.78487090337876],[106.95912981457964,20.78516654164814],[106.9592213678411,20.785771171422837],[106.9590382610363,20.786036293092447],[106.95864916238546,20.78652457417077],[106.95836687478867,20.786669533330382],[106.95802355206892,20.786751548984864],[106.95791674002145,20.786993781854665],[106.95786333401875,20.787258902660852],[106.95749712381127,20.787592689491586],[106.95710039543842,20.787859718453177],[106.95665026182668,20.78839377634283],[106.95628405034866,20.788716118529255],[106.95604753870553,20.78882865101943],[106.9555745168566,20.788887779389274],[106.95514727043611,20.789112845864356],[106.95472002412255,20.789503853337088],[106.95447588319912,20.789625923293254],[106.95387316134665,20.790106575098864],[106.95363665020848,20.790152351148212],[106.95334673307072,20.790167610247227],[106.95309496335796,20.79046706465912],[106.95302629881014,20.790884773361018],[106.95273638153184,20.79143790425401],[106.95249987073642,20.79216460463223],[106.95250749935957,20.792614738776393],[106.9525990529107,20.79284552715593],[106.95272112243481,20.792931358740553],[106.95288134086053,20.792940895818695],[106.95295000473173,20.7932193682951],[106.95209551253471,20.79332427247293],[106.94526720425635,20.794504922103584],[106.93364763685645,20.795252602398342],[106.93118334254702,20.795286935163354],[106.92859697734578,20.79550055839041],[106.92778063240867,20.795672219019725],[106.92531633752053,20.7965019165298],[106.92514086154779,20.796576301914378],[106.92489672109467,20.79681853661514],[106.92462206229852,20.79700164126791],[106.92366075934382,20.79747657181972],[106.92337847182725,20.797549050641493],[106.92144823424289,20.7976177158007],[106.92002916719433,20.79748610882454],[106.91954088593349,20.79752044045376],[106.91843462344985,20.797707360755577],[106.91822863008332,20.797827523224324],[106.91806078356964,20.798006814186813],[106.91790819492458,20.798405450688065],[106.91748857928111,20.800209801708746],[106.91728258589455,20.802002709993523],[106.91731310236537,20.802113335733413],[106.91760301987148,20.802443308225364],[106.91770220233752,20.802859109735664],[106.91783953182156,20.80319480245533],[106.91813707770667,20.803496163482055],[106.918327812292,20.80356864316105],[106.91853380678903,20.803425592020922],[106.91875505886811,20.80313948998979],[106.91915178793114,20.802847665938877],[106.91922045186304,20.80270080019527],[106.91922808067068,20.802611153964477],[106.91916704586745,20.80245284388879],[106.91894579368223,20.802489083435947],[106.9187932053403,20.802395623796762],[106.91873979911767,20.80225447972942],[106.91883135268911,20.802269739190212],[106.91889238766385,20.80234412530743],[106.91914415710929,20.80230407055505],[106.91960192168038,20.802338403797783],[106.92024279035299,20.801562112285747],[106.92098284152266,20.80087165144569],[106.92162371036129,20.800415795853713],[106.92277574914995,20.799851220646623],[106.9235463183272,20.79953650769199],[106.9247746508437,20.79924277669013],[106.9267430344895,20.799025338682082],[106.92832994806373,20.79902343130021],[106.92884111817969,20.79894904389534],[106.9309392017789,20.79839209841022],[106.93228197523499,20.798165123938837],[106.93272447952609,20.798054497848685],[106.93433428242695,20.79750518078638],[106.93478441610465,20.79744033109569],[106.93562364943926,20.797472755948856],[106.93615007813997,20.797564309008457],[106.93855333806077,20.798252862430065],[106.93930101871732,20.798559944729405],[106.93933153569442,20.7986801079739],[106.93923235393828,20.79891089671051],[106.9391255420811,20.798947137176157],[106.93895006570968,20.798908990405707],[106.93880510740311,20.79875830895213],[106.93862200200851,20.79864768272637],[106.93833208430685,20.798546593067428],[106.93692064684677,20.79827002806259],[106.93605852574213,20.79796866755671],[106.93550920872578,20.79788855848676],[106.93485308062253,20.797880928892035],[106.93438005861427,20.797941963759854],[106.93301439608973,20.798529427165757],[106.93246508100545,20.798636239166527],[106.9318470993872,20.798661034689992],[106.93053484308808,20.79891852646702],[106.92859697797068,20.79952315619977],[106.92860460627357,20.799586098427653],[106.92978716364061,20.80034713146816],[106.93026781440949,20.800726693474466],[106.93055773164386,20.801041405618072],[106.93089342555336,20.80156020482791],[106.93103075505033,20.801947396604696],[106.93112230731626,20.80273894639302],[106.93109179013975,20.804056924113606],[106.93084764872826,20.80543212274286],[106.93074083769233,20.806492608588503],[106.9307560968045,20.806963723493503],[106.93106127180765,20.807476800440856],[106.93206072311195,20.80835990240662],[106.93402910712246,20.80948905373398],[106.93475389867213,20.810604853051032],[106.93504381638454,20.81125716542382],[106.93514299834317,20.812619012381777],[106.93478441730839,20.813618463075095],[106.93421984214528,20.814785760787863],[106.93415880682903,20.815272134875737],[106.93418932366555,20.815644067921337],[106.93439531777848,20.816153329894885],[106.93480730547952,20.81657294625736],[106.93574572124365,20.816941064958556],[106.93758440538508,20.817473214533184],[106.93811846177948,20.81753997226114],[106.93948412448027,20.817610543796846],[106.94026995226089,20.817585749076716],[106.94068956828973,20.817620080981115],[106.94130754876134,20.817850870152242],[106.9422993715973,20.818135064690072],[106.94268083978088,20.81806449279942],[106.94333696816871,20.81801299441393],[106.94367266193125,20.81776885360905],[106.94373369765785,20.81741599390211],[106.94362688539546,20.817000191416682],[106.94390917337581,20.816416544089975],[106.94421434928987,20.815981667737017],[106.94445848913524,20.815764230552624],[106.94455767143887,20.815571588059463],[106.94461107711447,20.815226357924594],[106.94456530129685,20.814837258263765],[106.94469500061189,20.814654153694217],[106.94482470054014,20.81460837682592],[106.94495440051246,20.8146446166623],[106.94514513539879,20.81481437094471],[106.94521379922512,20.814814370973856],[106.94525957604746,20.81474379883834],[106.94516039404148,20.81419257437312],[106.94499254705266,20.813936990420903],[106.94475603598954,20.813727181403355],[106.94461870605603,20.813517373762124],[106.94411516573686,20.813610833416146],[106.94402361432188,20.81358794522999],[106.9441151657322,20.813195031299834],[106.94427538458547,20.812903207708107],[106.94463396492945,20.812739175197066],[106.94480181227514,20.8121841360881],[106.94509935853958,20.811705392249873],[106.94509172882867,20.811413567226364],[106.94520617049093,20.810974877773916],[106.94514513465278,20.81070784847841],[106.94481707146073,20.809817117440538],[106.94496965913972,20.809628289752403],[106.94523668738161,20.809162895928672],[106.94546556940121,20.809046548309222],[106.94599962655455,20.808577339985433],[106.94677782539085,20.808880608032872],[106.94700670722362,20.80868415091225],[106.9474339525391,20.808726113560006],[106.94772387048602,20.808602134958644],[106.94795275236906,20.808302681937423],[106.94800615842234,20.808115761993825],[106.9480290456773,20.807896416504718],[106.94792986442965,20.807534019945855],[106.94827318578047,20.807045739076568],[106.94850969826318,20.806879799969746],[106.94856310288675,20.806889336331974],[106.94860124979796,20.806998055156022],[106.9485478448607,20.807253640491172],[106.94859362139552,20.80749396636407],[106.94875383787233,20.807877342769167],[106.94829607528452,20.808958810102112],[106.94841051618084,20.80941848115832],[106.94840288632949,20.809859078591135],[106.94825029797241,20.810366433349564],[106.94791460556232,20.810765069369324],[106.94727373639206,20.81105689379287],[106.94695330078399,20.81144599245727],[106.9466710140184,20.812010567503997],[106.94652605526214,20.812659066432854],[106.9464192438077,20.81337432233575],[106.94642687344243,20.813858788553517],[106.94667101462713,20.81416396440517],[106.9469914486549,20.814192574479115],[106.9472661058442,20.814003747823868],[106.94742632421146,20.81352881761714],[106.94743395361108,20.813154977102744],[106.9475483938856,20.81290129963208],[106.94770861121485,20.81278876656963],[106.94792986427741,20.812830727485323],[106.94851732758207,20.81339530317133],[106.94876909680575,20.813689034534036],[106.94876909692682,20.81391982386165],[106.94848681026109,20.814362328510022],[106.94812822855467,20.814772408396795],[106.94795275247313,20.81533507658861],[106.94773149946361,20.8155467924116],[106.94747210018335,20.815483849908187],[106.9470830011319,20.815245431931377],[106.94683886001577,20.81517295191458],[106.94659472000464,20.815218728841142],[106.94591570463359,20.81622580881535],[106.94577837437738,20.816513819079574],[106.94584703969755,20.816841882244564],[106.94597673878432,20.81700591507958],[106.94626665664035,20.8170135435766],[106.94655657336482,20.816921991030686],[106.94749498870576,20.816176217974732],[106.9478306822066,20.81601790745065],[106.94802904651091,20.81610373858024],[106.94830370385078,20.816529076371097],[106.94853258645081,20.817086022692937],[106.94857073300419,20.81744841863364],[106.94852495595116,20.81763533952153],[106.94817400412458,20.818024439021507],[106.94776201758671,20.81821708088025],[106.94707537250362,20.818201821286642],[106.9468541197559,20.817995827961564],[106.94680071293216,20.817677301059977],[106.9466099779888,20.81751517706334],[106.94649553836179,20.817482751855557],[106.9462513975342,20.81766204205877],[106.94596148056846,20.81801680911242],[106.94588518621816,20.818270486886608],[106.9459004456299,20.818764489542712],[106.94567156283283,20.81918601348095],[106.94569445089574,20.819548410094825],[106.94589281554158,20.819763941227755],[106.94613695681612,20.819861215142705],[106.9466786432517,20.819811623954067],[106.947609429035,20.819931786573505],[106.94806719368361,20.819849771029492],[106.94844103332979,20.819878382118542],[106.94863939755952,20.82015113188737],[106.94869280349798,20.820744317565328],[106.94839525736253,20.82119826644191],[106.94774675875694,20.821568292228584],[106.94740343529575,20.82194403979473],[106.9472966246958,20.822407525812704],[106.94725847782895,20.82319907570549],[106.94705248378202,20.823773187060933],[106.94661760889238,20.824337763028357],[106.94638109772099,20.825154107726366],[106.94586992795625,20.826456827257694],[106.94573259876246,20.827061457471913],[106.94586229814236,20.82745627810916],[106.94598436849117,20.827687067052903],[106.94679308469081,20.828028482066717],[106.94698381917134,20.828234476470875],[106.94718218338083,20.828604502059445],[106.94749498823849,20.828863900717465],[106.94844103412443,20.82932547957996],[106.9486928034034,20.829586785749665],[106.94870043410198,20.82987288812837],[106.94850206831876,20.830071252773998],[106.94782305285045,20.830332558924155],[106.94744921266124,20.830687326647187],[106.94707537302159,20.83116416296129],[106.94680834347163,20.831320566562308],[106.946587090241,20.831278604491956],[106.94636583821595,20.83107261159651],[106.94571733994303,20.830662531235873],[106.94551897520392,20.830467981325206],[106.94515276502209,20.829619211120203],[106.94465685359278,20.82896499059005],[106.94471788968944,20.828755181834595],[106.94493914185428,20.828427118644232],[106.9449544007477,20.828144830982303],[106.94535875846265,20.82733420756746],[106.94541979350238,20.826977533564843],[106.94505358213343,20.826615137414795],[106.94466448361503,20.826065821301764],[106.94432116043198,20.825171274204077],[106.94412279608572,20.824890894086685],[106.94307756968242,20.82405547465481],[106.94285631685604,20.823933405201046],[106.94256639903213,20.82396201474538],[106.94168901932576,20.824597162089045],[106.9414296202785,20.82474021307463],[106.94116259140962,20.824799340948797],[106.9405827576845,20.824719232487233],[106.9399724056868,20.824394983235237],[106.93975115324116,20.824345391756616],[106.9395222710421,20.824358743350583],[106.93930864831066,20.824433130628254],[106.93802691050183,20.825562280544858],[106.93794298597832,20.825707239422815],[106.93793535767108,20.825835031226323],[106.93801928045993,20.825947565181277],[106.93833208531709,20.82610587528996],[106.93855333863442,20.82631568357255],[106.939064507687,20.8270996030051],[106.93932390760516,20.827326578452386],[106.94015551190695,20.827679437173636],[106.94033861662163,20.82770614015149],[106.94080400919002,20.827589792125167],[106.94097948565344,20.82744292584124],[106.9413533263688,20.82693938647857],[106.94140673194872,20.8269393864021],[106.94127703248314,20.82725028452325],[106.9412312550824,20.827503961484975],[106.94128466159769,20.82757453324048],[106.94155931950891,20.827748102156225],[106.94157457856211,20.827843469121436],[106.94152117278345,20.827957910682684],[106.94161272559082,20.82807807289485],[106.9418644959741,20.82809523883424],[106.94199419567515,20.827988428433205],[106.94194078970449,20.82778052741229],[106.94184160743569,20.827639383638207],[106.94186449566209,20.827555460067842],[106.94204760152657,20.827606958603635],[106.94213915330987,20.827723306456534],[106.9422154476946,20.82774428735197],[106.94234514786226,20.827667992960738],[106.94238329446154,20.827555460068677],[106.94245195878811,20.827496332321605],[106.94261217659958,20.82754020149115],[106.94306231035652,20.828068537675097],[106.94312334576819,20.828264993488865],[106.94306231087283,20.828446192099165],[106.94274950564565,20.828781885357415],[106.94238329498087,20.829275888588835],[106.9416127255684,20.83049277725757],[106.9417042782831,20.83062247678001],[106.94184160730308,20.83071212204354],[106.94216204202904,20.83084563635852],[106.94216967176561,20.831082147436575],[106.94221544789877,20.83118133007477],[106.94230700056016,20.83125953147725],[106.94319201091868,20.831402582198738],[106.94352007509393,20.83136825018572],[106.94396257988261,20.831181330129862],[106.94429064388729,20.831166071571012],[106.94445086102316,20.831194681612093],[106.94458056082387,20.831270975663855],[106.94471788992661,20.831469339128155],[106.94474840697919,20.831633370978373],[106.94464159531444,20.832165521493764],[106.94449663712854,20.83251647437402],[106.94451952428159,20.83261374852475],[106.94472551883833,20.832892220985453],[106.94483233087131,20.832962793843162],[106.94506121147816,20.83295707184092],[106.94573259867414,20.832411569116243],[106.94633532072413,20.832079691738628],[106.94663286769898,20.83199386049716],[106.94688463752571,20.832014840961687],[106.94727373694177,20.83218841068357],[106.94764757694358,20.832482141400067],[106.94789934712965,20.83275298501429],[106.94838762788463,20.832968515140227],[106.94849443989662,20.833184046576022],[106.94850969853856,20.833424372693084],[106.94842577491914,20.833706659191567],[106.9482121519612,20.834090036546392],[106.94818926340733,20.834294123489563],[106.94812059970207,20.83442382243645],[106.94778490615334,20.834679407731794],[106.94764757675104,20.8348415324788],[106.94754076577813,20.835131449593522],[106.94754076552171,20.835415644494663],[106.94763231750878,20.835533899134578],[106.94792986499195,20.83575896600336],[106.94827318725143,20.835818094015128],[106.94840288662115,20.83587150046413],[106.94850206921635,20.835964960780608],[106.94859362218043,20.83619193438097],[106.94886827947468,20.83754805990415],[106.94913530930164,20.838208002801668],[106.94946337333157,20.83850936377644],[106.94960833191192,20.838761133893506],[106.94959307308636,20.84039382366461],[106.94968462523495,20.841223520240394],[106.95002031916152,20.842123789233444],[106.95026445947644,20.842480463418262],[106.95060778198757,20.842846674785758],[106.9514088690944,20.8434246008643],[106.95155382756184,20.84387473544304],[106.951469904158,20.844355387873563],[106.95127916921939,20.8448760934687],[106.95124865077767,20.845150752185322],[106.95141649795362,20.84561042255852],[106.95143938654724,20.84596900524391],[106.95134783352485,20.84633712261248],[106.95097399338678,20.84730987095426],[106.95097399315,20.8481986949455],[106.95093584660202,20.84840659547428],[106.95072985357814,20.848580165204822],[106.95062304163821,20.848620219011114],[106.95050860022742,20.848620218518235],[106.95041704719412,20.84857062819622],[106.95006609498172,20.847899240768246],[106.94986010192584,20.847662730252225],[106.94966173758355,20.847481531816484],[106.94937181974703,20.847338481049977],[106.94908190342042,20.84708861785516],[106.94902849784796,20.84690932701555],[106.94905138578638,20.84635428925258],[106.94899797968712,20.845906062006076],[106.94846392187186,20.845181269450972],[106.94845629318267,20.84502486660694],[106.94857836353994,20.844809337106458],[106.94879961635792,20.844584268561675],[106.94890642733608,20.844408792669455],[106.94890642689425,20.844321054680638],[106.94884539203602,20.84422759521607],[106.94865465746341,20.84421042898034],[106.94825029941197,20.844486994608545],[106.948090081874,20.844532770781104],[106.94724321878117,20.8445423078477],[106.94701433695998,20.844710153546504],[106.94684649069453,20.845040125974204],[106.94680834442124,20.84543494683829],[106.94684649068633,20.845869821844065],[106.94698382036803,20.84607009359046],[106.94716692509647,20.84621505234807],[106.94751787672705,20.8461940718136],[106.94796038223387,20.846031946474334],[106.94812822914572,20.846079630719874],[106.9482579291688,20.846205515862724],[106.94829607585883,20.846539301751044],[106.94816637632924,20.84668616804184],[106.94809771108824,20.846730036542937],[106.9477238712749,20.846747202672873],[106.94744921353062,20.846802515978485],[106.94735765978457,20.84690932689015],[106.94732714324698,20.847061915115436],[106.94757128287314,20.84751967875754],[106.94769335357525,20.847983164805687],[106.9477467591551,20.848248285684754],[106.94770861210341,20.848950189922927],[106.94778490628018,20.849053186944964],[106.9479451246846,20.84908942729125],[106.94838762856162,20.849077982812396],[106.94909716195892,20.849240107102425],[106.9493794502402,20.849242015358566],[106.94981432509067,20.849167627596792],[106.95000506049833,20.849182886582366],[106.95017290753412,20.849345012216663],[106.95024920102915,20.849627298846922],[106.95054674727741,20.85175017851455],[106.95074511174013,20.85406569922411],[106.95094347651268,20.854656978267663],[106.95166826860087,20.8553626970182],[106.952057367428,20.85567168746161],[106.95214892051163,20.855833812623167],[106.95211840296197,20.856138987262035],[106.9519429268002,20.856400294413746],[106.95185900318364,20.8564193678295],[106.95179796809536,20.856375498912158],[106.9516377502483,20.856142801936134],[106.95150805186869,20.856051249197453],[106.95138598095292,20.856007380430544],[106.95121813406168,20.85602836113599],[106.95102739980342,20.856156154144085],[106.95083666404236,20.856373591368616],[106.95069933573768,20.856640620398608],[106.95072985390965,20.857054514953493],[106.95087481188898,20.85745124310593],[106.95179796862065,20.858547969606626],[106.95183611591504,20.858662410692126],[106.95182848546126,20.858946605708574],[106.9511952466175,20.859389109589255],[106.951118952576,20.859595103817703],[106.95114184026082,20.859841151801312],[106.95128679904218,20.86035804336356],[106.95125628147994,20.86044578129439],[106.95112658114495,20.860562129392832],[106.95098162378395,20.860623164568032],[106.95086718262407,20.860617442249072],[106.95070696489644,20.860531611622118],[106.95010424248932,20.85998992468613],[106.94987536087801,20.859934611195413],[106.94949389166126,20.860325618368275],[106.94907427499298,20.86040763435542],[106.94899035200311,20.860497279665893],[106.94899035190566,20.860762401544612],[106.94979143781035,20.861784739111865],[106.94981432545141,20.861925883969853],[106.94976091971309,20.86202125129299],[106.94930315650289,20.86217193200667],[106.94899035191183,20.862168116902456],[106.94864702875344,20.861275477757836],[106.94854784614309,20.861151500580412],[106.9483723703831,20.861101909273565],[106.94756365460964,20.861088557669802],[106.94728136644846,20.861010356168297],[106.94689226742344,20.86077384587463],[106.94654131513643,20.860791011536733],[106.9461369571913,20.86100463484726],[106.94580126496983,20.861077113236604],[106.94551134762679,20.86104087342778],[106.94472551998726,20.861201092082105],[106.94433642051315,20.8612430522329],[106.94406176301248,20.861416621547008],[106.9437031809122,20.86181907243057],[106.94359636987214,20.862005993108454],[106.94356585126145,20.862232967164715],[106.94365740471684,20.8624408675474],[106.94361162728295,20.86262206545556],[106.94307757039597,20.863095088487665],[106.94302416493413,20.86328010202848],[106.94303942349204,20.86348037270366],[106.94324541676833,20.864054484506852],[106.94331408178446,20.864722056715692],[106.94336748804378,20.86484412810282],[106.94366503359984,20.865176005969214],[106.94378710372364,20.865376278271675],[106.94390154432644,20.86618117921835],[106.94405413293448,20.866280361186828],[106.94422197943811,20.866316600673933],[106.94482470151334,20.866144939130614],[106.94595385261337,20.865235134087104],[106.94615984570713,20.86513595203134],[106.94625902776745,20.865158839385778],[106.9464345040124,20.8655364951739],[106.94653368682269,20.865635677107235],[106.94696093295924,20.86562614102577],[106.94707537386627,20.865673824077493],[106.94711352088031,20.86580733920972],[106.9471516663823,20.866961284591167],[106.9472661076281,20.867790980504726],[106.94739580770899,20.867928310139412],[106.94751787798495,20.867977901081943],[106.94772387166861,20.867970271614016],[106.94790697814874,20.867878718554607],[106.94816637641858,20.86766128195765],[106.9482731879154,20.86747626879846],[106.94841814706706,20.86738662252482],[106.9489445749084,20.867602153827036],[106.94927263845713,20.867628857022293],[106.94942522675913,20.867592616454225],[106.9498906194746,20.867094798591907],[106.95002794897155,20.866860194505705],[106.95014239010654,20.866825862823898],[106.95031023647704,20.86686210166719],[106.95047045410654,20.86683540007853],[106.95059252419188,20.86674003213193],[106.95063830091797,20.86677054940931],[106.95066881785657,20.86717490784876],[106.95076037074952,20.86737517838855],[106.95110369376793,20.867598338869552],[106.95130205766374,20.867609782892266],[106.95160723417212,20.86738853095631],[106.95174456313053,20.86717109291137],[106.95179033911744,20.86686210213099],[106.95186663284468,20.866766735105294],[106.95202685127022,20.86670188430029],[106.95203448011428,20.86727599713285],[106.95195818554768,20.867775721697356],[106.95196581518516,20.86799697443987],[106.95204973869582,20.86818007989393],[106.95200396231051,20.8684509238383],[106.95187426324041,20.86851005191348],[106.95175982218569,20.86851005197801],[106.95140124000602,20.868395610792994],[106.95078325858061,20.868300242678313],[106.95056200681218,20.86835364861127],[106.95037127206886,20.86847571894738],[106.95031023714326,20.868576809130943],[106.95029497778174,20.868754191629066],[106.95056963546274,20.869278712473836],[106.950546747995,20.870264812041803],[106.95064592987644,20.87038116132102],[106.95082140628264,20.870442195535514],[106.95112658218252,20.870400233688393],[106.95126391106145,20.870468898745376],[106.9514775338857,20.870997234089018],[106.9514927924751,20.871197506050834],[106.95143938723452,20.871306225331477],[106.95092058760066,20.87153319925598],[106.95072222416158,20.87168960226243],[106.95063830120918,20.871886059147375],[106.95056200722411,20.87226180605987],[106.95062304196264,20.872778698076228],[106.95061541324739,20.87319259308559],[106.95043993715066,20.87366179979033],[106.95024920216078,20.873909755629896],[106.95008898362534,20.874245448901544],[106.95003557874347,20.874584957287908],[106.95017290784664,20.87520293786003],[106.95026446041759,20.875365063273975],[106.95043230748281,20.875445170840678],[106.95054674812728,20.875428005053966],[106.95112658164204,20.874930186670067],[106.95125628224216,20.874865337423522],[106.95135546368594,20.874871058724235],[106.9514317584141,20.87497024092714],[106.95143938695959,20.8750713315067],[106.95140124031703,20.87521628863762],[106.95125628173678,20.875426097826992],[106.9508290359567,20.87582282575499],[106.95050097212533,20.876351162541667],[106.95027971877539,20.87679557436382],[106.9501805366444,20.877096935601152],[106.95021105493356,20.877312465994837],[106.95034838426119,20.87751273748731],[106.95046282489396,20.87759284580878],[106.95062304203748,20.877610012002723],[106.95098162425236,20.877384945499735],[106.9512562821653,20.877096934855373],[106.95133257593024,20.877083584034537],[106.95145464644366,20.87812499641136],[106.95161486282501,20.87827186192429],[106.95181322794572,20.878395840433736],[106.95236254386887,20.878365321763855],[106.95255327913709,20.878388209833364],[106.95285082551008,20.878504557923065],[106.95312548338713,20.878475948420448],[106.95336199484217,20.878390117997267],[106.95349932383735,20.878271861804652],[106.95358324744176,20.878132626115264],[106.95365191226846,20.877709194515734],[106.95372057631897,20.877537533405526],[106.95386553501311,20.877402111067184],[106.95430041039886,20.87729720730931],[106.95462847455846,20.877102657455254],[106.95475054381586,20.876921459070864],[106.95482683792183,20.87599830246329],[106.95481920903102,20.875531002168998],[106.9542622633375,20.874960704582023],[106.95420885714476,20.87478332135182],[106.95418596914155,20.87431029930608],[106.95402575205782,20.873923106727773],[106.95402575249814,20.873762889566432],[106.95420122792136,20.87360839514827]]],[[[107.06033373436355,20.81178740530567],[107.06025743988525,20.811915197344707],[107.06043291613173,20.812269964283526],[107.06040239973998,20.812552251593527],[107.06044054632997,20.812874593992397],[107.06056261631294,20.8130100151741],[107.06092882716648,20.813334264942803],[107.0610890448624,20.813341894249763],[107.06135607335142,20.813023367781547],[107.06195879523776,20.812039175281345],[107.06201983143355,20.811810293529604],[107.06191301959733,20.811236181402435],[107.06205034813664,20.81069449435532],[107.06201220154004,20.810440817145818],[107.06180620778942,20.810370245849295],[107.06156206700537,20.810391225600693],[107.06137133244519,20.810484686266804],[107.0612645201043,20.81066779185512],[107.06127977898814,20.810896673403867],[107.06148577379267,20.811207571588685],[107.06136370290248,20.81147269242935],[107.06105089720363,20.81167868636721],[107.06050921073533,20.811720647137715],[107.06033373436355,20.81178740530567]]],[[[107.05776262808047,20.812001028659193],[107.05760241147182,20.812002936031426],[107.05749560044961,20.812084951889705],[107.05738115890463,20.81242445970493],[107.05738115909722,20.812880315267012],[107.05752611743574,20.813097753585335],[107.05772448147218,20.81325034177001],[107.05796862212411,20.813303748073352],[107.05818224506419,20.813263692409976],[107.05827379870044,20.81311682786332],[107.05826616807875,20.812880315775484],[107.05808306318687,20.812462607003617],[107.05776262808047,20.812001028659193]]],[[[107.0516514834167,20.829399863901838],[107.05154467257285,20.829449454761065],[107.05146837871727,20.82942084476873],[107.05114031498995,20.829060355090764],[107.05095720884235,20.82908705860833],[107.05078173321061,20.829232016311266],[107.05040789232267,20.829741278170363],[107.0502629350092,20.83033446451367],[107.05022478785172,20.83078650576294],[107.05040789319862,20.830986777475506],[107.05066729187085,20.83104018367068],[107.0508961739058,20.831030646506484],[107.05165148339859,20.83086661495657],[107.05194140120041,20.830622473672342],[107.05236864702962,20.830405036235373],[107.05309344003818,20.830456534470486],[107.05326891548607,20.83041838788133],[107.05347490980455,20.83027915173529],[107.05349779800353,20.830063620356952],[107.05316210343166,20.829451361413263],[107.05300951644497,20.828959265659872],[107.05284929905947,20.82870177316318],[107.05269671112069,20.828629294837558],[107.05249071810971,20.828638831857475],[107.05216265334248,20.828751364708427],[107.05187273719834,20.828989783027748],[107.0516514834167,20.829399863901838]]],[[[107.05231524184471,20.839533607371308],[107.0521931711306,20.83941344349395],[107.05160570855054,20.839356224327787],[107.05112505635604,20.838984291249393],[107.05056048064111,20.838833610162688],[107.05033159858083,20.838572303955196],[107.05020952883257,20.83854560085071],[107.05001879434118,20.838597098763703],[107.04979754104353,20.838721076534135],[107.0495991773032,20.838944235678827],[107.04949999479744,20.839123527182434],[107.04957628925699,20.839607993999415],[107.04985857667101,20.839997092943552],[107.04986620601662,20.840166846967442],[107.04979754116935,20.84027556600165],[107.04938555455848,20.840607443909718],[107.0493702948349,20.840836325865055],[107.04943133135784,20.840948860019168],[107.0498509474026,20.841101448507676],[107.05009508829345,20.84148291762447],[107.05008745766216,20.842064658731527],[107.05001116511544,20.842821876263855],[107.04985857696052,20.84307364570631],[107.04946947822137,20.843399803244665],[107.04933214853159,20.84372214520854],[107.04937029533454,20.843849937199067],[107.04946184774528,20.843912880434132],[107.0495686598566,20.843910972596667],[107.04985094744256,20.843794624620198],[107.05022478793192,20.84353331727672],[107.05036211759375,20.843346396789443],[107.05043078110398,20.843003074488454],[107.05049944634135,20.842245856992406],[107.05070543947487,20.841793814940534],[107.0510029861602,20.84147528823441],[107.05136156711254,20.84127883071038],[107.05143786072738,20.84115676072098],[107.05135393850162,20.840742865666947],[107.05136156688093,20.840615074024672],[107.05149889589092,20.840384284574746],[107.05184984939692,20.840109627107466],[107.05214739472338,20.839970389780834],[107.0523152422265,20.839848319700714],[107.05236864704851,20.839760581898528],[107.05231524184471,20.839533607371308]]],[[[107.03888750739263,20.855135719878287],[107.03865862556259,20.85521773595607],[107.03830004438895,20.855484764616456],[107.0382008627306,20.85570029518531],[107.03820086215372,20.85585860500063],[107.03825426845404,20.855971139065524],[107.03842974471074,20.856068414241115],[107.03861284981579,20.856081765214363],[107.03884936059792,20.85602835920478],[107.03928423688754,20.855738441755353],[107.03936815909634,20.855629722633356],[107.03941393680918,20.85547904278297],[107.03936815954096,20.855294029673303],[107.03927660650079,20.85518912582861],[107.03912401933687,20.855133813354236],[107.03888750739263,20.855135719878287]]],[[[107.06962633361704,20.696804794950832],[107.06974840376019,20.69660643053054],[107.06983995738605,20.696276459158355],[107.06995439803309,20.696121963901387],[107.0702366851988,20.695898804596162],[107.07036638523142,20.695748124441458],[107.07035875550027,20.695528778376605],[107.07023668536287,20.695437226207076],[107.07009172735543,20.695383820420535],[107.06996202690082,20.695385727429247],[107.06964922166448,20.69554785228189],[107.06951189250756,20.695637496877616],[107.06919908801282,20.696091446350454],[107.06915331095368,20.696356568513774],[107.06916857006247,20.696663651338],[107.06938219248569,20.696814331151586],[107.06962633361704,20.696804794950832]]],[[[107.06826830209802,20.697693619052142],[107.06842088975914,20.69776228438591],[107.06857347684578,20.69776037664162],[107.0686879183316,20.69769361941365],[107.0687565827847,20.697582993553002],[107.06872606467864,20.697319779651085],[107.06827593099625,20.696579727998014],[107.06806230753573,20.695896896924662],[107.06785631363337,20.695729050427758],[107.06778764956375,20.695730957562954],[107.06759691516953,20.69589689725747],[107.06754350928595,20.69599607957428],[107.06754350850234,20.696123871568833],[107.06756639685891,20.696297439802162],[107.06787157338901,20.696831497993994],[107.06795549624731,20.697066100872917],[107.06801653206624,20.697476180926994],[107.06812334335346,20.69761732500001],[107.06826830209802,20.697693619052142]]],[[[107.06422472315816,20.708077226258446],[107.06432390500036,20.70801619117966],[107.06433916304614,20.707917009208973],[107.06428575790454,20.707787309271723],[107.06411791163097,20.70753553897989],[107.06359148340434,20.707207474587523],[107.0632939360211,20.7071960310299],[107.06311846065738,20.70729139808572],[107.06292772474447,20.707478318884178],[107.06292772485111,20.70761183324322],[107.063118460008,20.707812105147482],[107.06322527185215,20.707810196761432],[107.06336260084571,20.70773199591321],[107.06355333578246,20.70754889046006],[107.06362200062742,20.707564149110755],[107.0639805819089,20.707960877447604],[107.06412554038663,20.70806768923791],[107.06422472315816,20.708077226258446]]],[[[107.06906175940088,20.708420549032144],[107.06906175935634,20.708119187677575],[107.06882524770957,20.707846436355624],[107.0686497710098,20.707766327342075],[107.06822252533469,20.7077606055356],[107.06800127289948,20.707834992879746],[107.06778001984348,20.7080962999541],[107.0676808383983,20.708359513838484],[107.06767320888473,20.708994660373836],[107.06778002056936,20.7091319901275],[107.0679707556663,20.709233078879095],[107.06818437875819,20.709236893854122],[107.06834459639454,20.709179673691555],[107.0688862832375,20.708756242190717],[107.06906175940088,20.708420549032144]]],[[[107.06570482561963,20.713049684019374],[107.0658879310989,20.71302679576268],[107.06609392478369,20.713198457313514],[107.06635332477883,20.71353033591212],[107.06650591227273,20.713572297863436],[107.06670427664979,20.7135589457556],[107.06754350899365,20.713236603997732],[107.06774950326225,20.71305922138517],[107.06790209124398,20.7128093580303],[107.0679554968087,20.712622438371667],[107.06795549647124,20.712485109396283],[107.06765794993728,20.71224859778425],[107.06761217471299,20.712155137333383],[107.06765795008359,20.712029252155524],[107.06792497974735,20.711878571572065],[107.06819200812753,20.711567674062522],[107.06828356014341,20.711363587799344],[107.06829881930564,20.711220537029288],[107.0682606726028,20.711100373669503],[107.06815386103085,20.71103552371832],[107.0679936430665,20.710976395808352],[107.06773424437789,20.711003098950396],[107.06698656305215,20.711279663745586],[107.06652880023208,20.71129683072958],[107.06622362407167,20.71152952670318],[107.06601763065542,20.71176413095484],[107.06585741351368,20.711825165799485],[107.06559038422802,20.711884293849025],[107.06452989833856,20.71176031616764],[107.06439256959591,20.7118003708676],[107.0641789459962,20.711998734683956],[107.0640187297958,20.71237448349085],[107.06388902946578,20.71301725894158],[107.0639882109774,20.713755402783487],[107.06417894618846,20.714054856701264],[107.06464433940997,20.71446112255305],[107.06527757921089,20.715155397202086],[107.06523180383093,20.715781007078853],[107.06525469118863,20.716044220783903],[107.0656514197589,20.71621969756338],[107.06586504275693,20.716194902348555],[107.06636095361537,20.71608046111034],[107.0666737583306,20.715895448418486],[107.06689501189125,20.715508256276717],[107.06693315843684,20.71531752223676],[107.06691789919081,20.715147766898024],[107.0666661296142,20.71486547975195],[107.06658220512398,20.714678559653084],[107.06661272323034,20.71438292110177],[107.06657457652776,20.71421316735694],[107.06632280639644,20.714047226680318],[107.06552172022978,20.71401289540626],[107.06535387386928,20.71397093269012],[107.0652318033075,20.71381262332377],[107.06523180342377,20.713637147083677],[107.06530809758593,20.713400635659728],[107.065483572964,20.71321180932274],[107.06570482561963,20.713049684019374]]],[[[107.06674242386164,20.7203758100752],[107.06673479396395,20.720068727143687],[107.0666584996552,20.71981695717547],[107.06641435995004,20.719338212487102],[107.06605577745682,20.718882355880137],[107.06579637871538,20.718666826271388],[107.06509447423775,20.718405519006744],[107.06478929818078,20.718069826055196],[107.06426287081098,20.717818056539574],[107.0641713174507,20.71782950041551],[107.06401110100961,20.718029771234335],[107.06386614148671,20.718441759691892],[107.06382799476418,20.718848024026844],[107.06345415475899,20.719500337647375],[107.06339311999349,20.719719682277695],[107.06344652495132,20.72021750072277],[107.0633778607059,20.72051504754077],[107.06294298424028,20.72110632529173],[107.06288194964725,20.72128752350629],[107.06293535577392,20.721726213881208],[107.06326342010766,20.722336564810934],[107.06328630796898,20.722647462183016],[107.06317949650875,20.72305945069544],[107.06321001332748,20.72353056511431],[107.0632557897305,20.723709855400674],[107.06346178336719,20.723868165436304],[107.06382799452972,20.723841463191345],[107.06424761214772,20.723629747137014],[107.0643620531229,20.723288331359637],[107.06438494076325,20.722811494337606],[107.06427050011047,20.722405229638255],[107.06426287034522,20.72198370591668],[107.06435442256736,20.721857820466962],[107.06491899725084,20.721543107174973],[107.06519365626548,20.721524034409217],[107.06551409037336,20.72143248141903],[107.0656437906494,20.72143629637471],[107.06606340813391,20.721649919665516],[107.0662236249992,20.721659456127384],[107.06638384135452,20.721596513097044],[107.06657457650134,20.721447740679032],[107.0668263465349,20.72101667945525],[107.06683397576616,20.72081831531117],[107.06674242386164,20.7203758100752]]],[[[107.06326342010043,20.723990236215133],[107.06284380302819,20.724039827738636],[107.06256151597452,20.724152360500884],[107.06234789283951,20.724352632834474],[107.06225633999746,20.72455099674465],[107.06227922808576,20.7247474536961],[107.0626454389696,20.725071702578003],[107.0633702309314,20.725119386639573],[107.0636448893422,20.724926744685817],[107.06378221888687,20.724716936319172],[107.06374407184187,20.724476610181707],[107.06344652429424,20.72412947216946],[107.06326342010043,20.723990236215133]]],[[[107.06987047603222,20.72434118837674],[107.06951189339323,20.724377428274003],[107.06897020672601,20.724713121075045],[107.06882524765372,20.725168977072606],[107.06876421260094,20.7255027635477],[107.06875658374435,20.72582701255214],[107.06887102500043,20.72647169669443],[107.06882524764954,20.726750169541646],[107.06890917181795,20.726891313733503],[107.06924486459489,20.727057252410123],[107.06955004072857,20.727141176809084],[107.06978655203356,20.727154527300726],[107.06994676845154,20.727082048992308],[107.07012987485103,20.726910386685294],[107.07048845633877,20.726233278763292],[107.07065630290361,20.7259681563852],[107.07090807313091,20.725680147797043],[107.07095384956946,20.725493226397585],[107.07088518450475,20.72528151172023],[107.0707478555938,20.725052629683628],[107.07078600282011,20.724936281761977],[107.07114458394965,20.724751268566294],[107.07137346602633,20.72430685594107],[107.07138109614075,20.72407034397166],[107.07131243107007,20.723809038622115],[107.07106066120701,20.723614488056263],[107.0709080726636,20.723610673266172],[107.07080126162303,20.7236621723183],[107.07011461627303,20.72420576633299],[107.06987047603222,20.72434118837674]]],[[[107.06777239203245,20.728977952243035],[107.06757402753955,20.72924307464393],[107.06743669845004,20.729519640098196],[107.06738329315323,20.72984389009887],[107.06742906922868,20.730242525855033],[107.06759691553391,20.730709825698472],[107.0677266163716,20.731568132759357],[107.06778002142914,20.731764589482268],[107.06794786792031,20.731861864666133],[107.06806230913479,20.73184851260973],[107.06818437934909,20.73181418064951],[107.06842852042938,20.73159674314283],[107.06858873670032,20.73134497257555],[107.06878710098557,20.730881486697562],[107.06892443106061,20.73037603974412],[107.06899309449062,20.730276857275097],[107.06915331190896,20.730189120011108],[107.06929827094841,20.730049883071583],[107.06947374710495,20.72975233623449],[107.06957292852208,20.729515825632337],[107.06955766978278,20.72913817055687],[107.06949663451351,20.728985582693124],[107.06937456527758,20.728855882595624],[107.06913042388022,20.728804384407066],[107.06819200937483,20.728819642835937],[107.06794023936406,20.728855882395408],[107.06777239203245,20.728977952243035]]],[[[107.06663561217749,20.732167039887333],[107.06661272368248,20.732065950768487],[107.06680345919797,20.731306825411725],[107.06682634728608,20.730910097816285],[107.06649828280436,20.730318819374464],[107.06646776630569,20.730088029973075],[107.0665135414609,20.7298362600438],[107.06651354160952,20.729435716561344],[107.0662999188554,20.728968417037592],[107.06626940068513,20.72871092513154],[107.06629991931058,20.728617464345895],[107.06645250704223,20.728565965298994],[107.06703234112827,20.72852972556322],[107.06731462741921,20.728455339603478],[107.06751299276087,20.7283428058127],[107.06808519700789,20.72780493344666],[107.06823015544325,20.727528367792583],[107.06825304382878,20.727066789649744],[107.06821489643823,20.72673872520002],[107.06809282659597,20.72652510280625],[107.06772661600189,20.726256166810483],[107.06649065361218,20.726147447641463],[107.06617021898286,20.726259982028637],[107.0653157268115,20.72685888903395],[107.06498766277619,20.72693708962434],[107.06449175209102,20.72694853356812],[107.06412554042069,20.72718313748097],[107.06392717667936,20.727255617355997],[107.06350756014726,20.727024827946206],[107.06326342015231,20.726927553288206],[107.06293535544825,20.72685698178791],[107.06252336922043,20.726910386439464],[107.06224108104492,20.72710875133332],[107.06177568770377,20.72779921200405],[107.06169176511273,20.728258882967427],[107.06172228205037,20.72851446771784],[107.06201219860647,20.728726182684188],[107.06220293410705,20.728791032453216],[107.06246996322436,20.72878721889569],[107.06314134998424,20.728609834444214],[107.06363726009987,20.728550707085624],[107.06374407179716,20.728598390415986],[107.06395006451169,20.72886541937761],[107.06399584180875,20.72922590849092],[107.06395769473572,20.729336534606773],[107.06388140050454,20.729414735586897],[107.06376696003805,20.729420457715005],[107.06365251915142,20.729393754991005],[107.0633549727045,20.72913817124889],[107.0631489790167,20.729044711071523],[107.06283617416625,20.72896650893581],[107.06267595567155,20.728976045956305],[107.0624165570422,20.729157243879378],[107.06222582186128,20.729491030037895],[107.0622258214416,20.729637896235854],[107.06242418621274,20.73001555122709],[107.0626606983281,20.73022345192731],[107.06330919555688,20.730480943897014],[107.06362200117421,20.730669771447403],[107.06380510703706,20.730673585993127],[107.0643391640088,20.730568681601493],[107.06462145214286,20.730597291950872],[107.06492662804861,20.730793749134595],[107.06499529202047,20.730902467915655],[107.06498766290849,20.730986391506736],[107.06485796300939,20.7311008317105],[107.06476641062778,20.731102739921617],[107.06423998235846,20.730931078263325],[107.06386614169428,20.7309482444882],[107.06375933034944,20.731034075304187],[107.06351518950598,20.731447969770603],[107.06330919631473,20.73165396361907],[107.06312609128027,20.73176268158744],[107.062866691096,20.731795106764412],[107.06269121479679,20.731859957115656],[107.06239366881756,20.732023989367818],[107.06227159925837,20.73212507880658],[107.06220293431237,20.732329164764508],[107.06218004621208,20.73282507584504],[107.06213426941493,20.732931887127233],[107.06198931066619,20.733027255267256],[107.06146288256883,20.733221804233263],[107.06129503644097,20.733357225694483],[107.06104326631696,20.73369864073038],[107.0610051190369,20.733843600331053],[107.0610127477219,20.734053408292677],[107.06113481933247,20.734148775816823],[107.06137895912198,20.734175478335008],[107.06191301669121,20.7339904663275],[107.06221819267259,20.73369482686983],[107.06253862664224,20.733246600332887],[107.06269884470106,20.733206545008905],[107.06287432058566,20.733296191385264],[107.06311083235727,20.73356512668356],[107.06316423771953,20.734137331039047],[107.06334734321288,20.73439863836515],[107.06379747670104,20.734663760062794],[107.0640339886224,20.734633242190387],[107.06423235305077,20.734436785117424],[107.06423235347121,20.734293733975484],[107.06416368840561,20.734061038287624],[107.0639195483448,20.7336242552916],[107.06391191812256,20.73348501769838],[107.0647282641921,20.73287657426942],[107.06514787981428,20.732643876875755],[107.06561327315109,20.732472216113397],[107.06587267264258,20.732504640782224],[107.06609392520838,20.732670579996224],[107.06641436001256,20.733181749558696],[107.06683397629794,20.7337406028912],[107.0669484173748,20.734183107897824],[107.06745195730063,20.735190188139494],[107.06756639805735,20.73532942359546],[107.06776476297519,20.735470568227175],[107.06803179121212,20.735592637608203],[107.0686574022991,20.735630784642538],[107.06940508215018,20.736040865249628],[107.06983232955218,20.736056123948845],[107.06996965783739,20.736006533187354],[107.07022142806467,20.735804353622505],[107.07029772235602,20.735575471974133],[107.07029009187617,20.735436235872353],[107.06984758688967,20.734747682690145],[107.06965685253247,20.734581743910802],[107.06939745269955,20.73450544948584],[107.06877947167051,20.73478773735691],[107.0686802902626,20.734749590356763],[107.06856584939902,20.734650408337025],[107.0680851970024,20.733698640887685],[107.06741381032144,20.733015810106362],[107.06735277521885,20.732910905795308],[107.06732225826893,20.732607637460585],[107.06710863491924,20.732413087611036],[107.06671953635382,20.73225287095475],[107.06663561217749,20.732167039887333]]],[[[107.0695958171102,20.73433188126628],[107.06977129286902,20.734207903134024],[107.07011461639588,20.733465945029277],[107.06977892306948,20.733338151383727],[107.06920671768218,20.732973848439258],[107.06888628445532,20.73266485802725],[107.06872606629784,20.73259047156086],[107.0685429607901,20.732592378373614],[107.06839800161039,20.732676301650336],[107.06821489717935,20.73284796420541],[107.0681004555685,20.733052049852784],[107.06810045641657,20.733397279843988],[107.06819963829355,20.733635698780922],[107.06855822039118,20.733856950926736],[107.06894731935829,20.734169755776417],[107.06905413020486,20.734299455535822],[107.06921434837992,20.734347140113655],[107.0695958171102,20.73433188126628]]],[[[107.06169939401609,20.736056124007714],[107.061371330368,20.736618791850784],[107.0609974904103,20.737120424841542],[107.06099749029426,20.737252032302862],[107.06105089469581,20.73736075149823],[107.06114244783376,20.73741987793992],[107.061821463736,20.737526689767336],[107.06196642273896,20.73751906139636],[107.06224108151622,20.737269198377533],[107.06239366929212,20.737038408981476],[107.06282854368521,20.736141954690027],[107.06272173347138,20.735474382895948],[107.06289720940812,20.735220705189114],[107.06293535573549,20.735111986728004],[107.06292772640269,20.734974658320855],[107.06285143287091,20.73481634834279],[107.0626835859666,20.734633242192412],[107.06252336918665,20.734541689214943],[107.06227922811438,20.734654222890978],[107.06222582161142,20.73474768339365],[107.06217241556949,20.734879290087516],[107.06213426937916,20.735417162051867],[107.06208086432744,20.735613619163455],[107.06169939401609,20.736056124007714]]],[[[107.06292009684024,20.739193713142413],[107.06294298517233,20.7390506624755],[107.06289720960622,20.738850389801637],[107.06260729251132,20.73878744737201],[107.06216478706705,20.738880907971904],[107.06196642342545,20.739023958995805],[107.06174516970955,20.739290987732723],[107.06162310064207,20.73968008760245],[107.06163072929355,20.73981741604497],[107.06181383488943,20.73998907744031],[107.06204271737825,20.740004336493875],[107.0622563404987,20.739760195334544],[107.0626835864707,20.739449297427655],[107.06292009684024,20.739193713142413]]],[[[107.06204271729143,20.7410266754413],[107.06192064652024,20.740967547648687],[107.0615696945078,20.74091795632112],[107.06124925999394,20.740921771215167],[107.0611577076409,20.7409770844354],[107.06112718933169,20.741099154309893],[107.06115770767795,20.741217410790906],[107.06139421850173,20.741522585641736],[107.06150865918711,20.74160269427993],[107.06173754153166,20.741577898191405],[107.06186724089638,20.741493975463477],[107.06205034650777,20.74129561118039],[107.06208849299152,20.741102968928164],[107.06204271729143,20.7410266754413]]],[[[107.0621571590022,20.754317080826716],[107.06263018110798,20.754654682005402],[107.0630497977657,20.755270755381208],[107.06337786210703,20.755327976059654],[107.06387377140427,20.755247866871645],[107.06397295484085,20.755171573160727],[107.06396532453311,20.754990374966177],[107.06385088372653,20.754795825770486],[107.06430864738012,20.75482443582383],[107.064392570336,20.75464705226338],[107.06438494210433,20.754505908528227],[107.06425524185762,20.75431708121981],[107.06411028366418,20.754225528021475],[107.06347704363282,20.754177844818397],[107.06311083303451,20.754074848081558],[107.06285143382867,20.753659045997402],[107.0625157396686,20.753622805554233],[107.06228685725405,20.753773486510987],[107.06211901114989,20.753958499356134],[107.06208849350747,20.754200732729956],[107.0621571590022,20.754317080826716]]],[[[107.06465197077571,20.75599364005385],[107.06462145225223,20.75582579391362],[107.06446123586792,20.755631244064176],[107.06430101836197,20.75551871127822],[107.06404161824605,20.75550154473238],[107.06391954889207,20.755530154958095],[107.06384325459692,20.755720889878596],[107.06386614306366,20.755869663232982],[107.0640416191066,20.756190097316882],[107.06411791267047,20.75627211274849],[107.06425524182546,20.75632361193792],[107.06442308862539,20.756314075220097],[107.06455278889361,20.75619772721562],[107.06465197077571,20.75599364005385]]],[[[107.06421709432928,20.756892002059505],[107.06432390701862,20.756714617760746],[107.06427050044044,20.75657347376664],[107.06418657727298,20.756493366404616],[107.0631108327518,20.75646666274239],[107.06302690995584,20.756554401451453],[107.06298113254608,20.757189547909647],[107.06285906292864,20.757420337146616],[107.06285906258985,20.75750235349127],[107.06288195071778,20.75755575945977],[107.0629658739555,20.757588184145796],[107.06313372098695,20.757586277479476],[107.06337023146806,20.75745467003875],[107.06368303762589,20.757107531624147],[107.06421709432928,20.756892002059505]]],[[[107.0683980026478,20.76077154873031],[107.06816149158354,20.76050452048352],[107.06816149231243,20.760443485199545],[107.06842089171566,20.76047972399394],[107.06882524871693,20.760624682716],[107.06913805475732,20.760660923183266],[107.06923723675487,20.760599886841877],[107.06926775407608,20.760531223232697],[107.06933641872328,20.76053122341036],[107.06960344748187,20.760662829619974],[107.07025957621882,20.760796343576374],[107.070770744888,20.760777270916023],[107.07083177993914,20.760660923192535],[107.07086229798841,20.76001242419481],[107.0708012625209,20.75981596692327],[107.07068682155375,20.75965002817296],[107.07056475133707,20.759604250502512],[107.07032061105059,20.75971487769189],[107.07001543504411,20.759697711037138],[107.06998491729239,20.759651934914],[107.0700078063451,20.759575641344647],[107.07012987603561,20.75945929276784],[107.07019853999057,20.759276186883934],[107.07013750480576,20.759156024046227],[107.06987047662302,20.75906447199604],[107.0694050823992,20.759049213109083],[107.06907701863281,20.759094988870878],[107.06857347888311,20.759377277307042],[107.0678029103887,20.759259021347596],[107.06748247586359,20.75933722344643],[107.06723070621116,20.759487903223246],[107.06668901907751,20.75992087107074],[107.06622362579745,20.760094440055433],[107.06563616290093,20.760290897102262],[107.06528521019528,20.76024130654785],[107.06522417482117,20.760134493889016],[107.06523180453367,20.759951389085845],[107.06534624609256,20.75960615888065],[107.06552172178874,20.75948218122257],[107.06613207292871,20.759259021339854],[107.06782579849339,20.75887945899178],[107.06823778581591,20.75872687103181],[107.06823778557039,20.75853041400659],[107.06799364526506,20.758127964264336],[107.06803942222388,20.75798491204542],[107.06827593249298,20.757818973175926],[107.06958818837845,20.75760725690538],[107.0698094406785,20.757469928240543],[107.06986284723006,20.757326876619448],[107.0698475875285,20.75715140126421],[107.06975603589905,20.75709799446259],[107.06936693611686,20.75702360931132],[107.06894732014214,20.756979739867486],[107.06823778532612,20.757130419815294],[107.06794024004441,20.757309710973512],[107.06731462880708,20.757344042753036],[107.06710100580045,20.757218158285674],[107.06681871874348,20.75693205558569],[107.06655931872764,20.756846225172268],[107.06646013695574,20.75688818734477],[107.06632280792164,20.757012165328238],[107.06604814929527,20.75749472425032],[107.06527758047916,20.75842169522272],[107.06509447598062,20.758761202985397],[107.0648427061445,20.759724414148028],[107.06483507547496,20.760027683117094],[107.0647206350261,20.760327137195283],[107.06460619367907,20.760483538697354],[107.06425524203098,20.760731493929793],[107.0639119186546,20.760897434379608],[107.06330156782275,20.760931766494586],[107.06311846176177,20.76087836056244],[107.06280565724198,20.760416782426038],[107.06250811073325,20.76023749119979],[107.06196642414294,20.76023749103283],[107.06155443545937,20.760309969949056],[107.06132555447654,20.760399616409256],[107.0607762376683,20.76077154956043],[107.06058550320088,20.760948932651807],[107.06043291515054,20.76120070201486],[107.0603718795719,20.761471546458807],[107.06039476874699,20.761620319389365],[107.06054735620313,20.761786258017136],[107.06080675590806,20.761912143566143],[107.06132555495505,20.761919773657805],[107.06204271792485,20.7615306742541],[107.06219530555039,20.761536396287283],[107.06297350355176,20.761986530439117],[107.06373644244756,20.76236800042152],[107.06420183572241,20.762417590977954],[107.06443071785127,20.762285984202386],[107.06484270547952,20.761666094920727],[107.06513262288078,20.761622226550703],[107.06549883241196,20.76171950110478],[107.06613207335496,20.761746204353337],[107.0663456960928,20.76166228147613],[107.06650591364897,20.76168707609364],[107.06703234151662,20.762093340930384],[107.06725359403433,20.762089526799315],[107.0674214413341,20.76187208885445],[107.0675206225885,20.761511600254053],[107.06762743527975,20.761456287291676],[107.06798601631482,20.761505878491064],[107.06816149206345,20.761442935236918],[107.0683674859702,20.76119879497957],[107.06844377992344,20.76096037599195],[107.0683980026478,20.76077154873031]]],[[[107.07128191431606,20.762459552055912],[107.07119799110163,20.76267317540968],[107.07119799092402,20.7628143192708],[107.07125902626677,20.76286772496951],[107.07136583794309,20.762886797865665],[107.07156420171422,20.762736118239825],[107.07167864302754,20.762545383081846],[107.07164049595448,20.76235083281835],[107.07159472032885,20.762318409053055],[107.07142687336426,20.76236227785687],[107.07128191431606,20.762459552055912]]],[[[107.06456804696201,20.764052187987943],[107.0651249926529,20.764067447549614],[107.06557512715624,20.76413039009896],[107.06565142102558,20.764076984598987],[107.06565142138373,20.763886248941326],[107.06545305657517,20.76366118206957],[107.06523180508316,20.763581073022173],[107.06408739448881,20.7636764413093],[107.06378984866987,20.763909136962557],[107.0637669605002,20.76401594975901],[107.0637974778091,20.764099872179724],[107.06388140169322,20.76417235152735],[107.06405687805501,20.764179981173616],[107.06421709527487,20.764109409499792],[107.06456804696201,20.764052187987943]]],[[[107.06186724152971,20.76429251466682],[107.06204271817452,20.764302051098444],[107.06232500452812,20.764227664145753],[107.06242418714992,20.764157093425748],[107.0624623340808,20.76386336154226],[107.06227922877862,20.763838565568605],[107.06192064678697,20.764054096794936],[107.06184435251629,20.764199054206323],[107.06186724152971,20.76429251466682]]],[[[107.06938982542822,20.76570967414269],[107.06921434910775,20.765997684464335],[107.0691609428682,20.766176975378876],[107.0691990902661,20.76643637449491],[107.06926775364114,20.766482151226135],[107.06932878880663,20.76647261399969],[107.06972551782196,20.766081607479546],[107.06986284735187,20.7657726171897],[107.0698475884517,20.765667713514926],[107.06977129409083,20.7655895114337],[107.0695195240147,20.765581882229338],[107.06938982542822,20.76570967414269]]],[[[107.06462908207108,20.767998493716156],[107.06473589421286,20.76781729507371],[107.06476641239229,20.76762083835137],[107.06497240501736,20.767212665693485],[107.06533861560501,20.766848362644687],[107.06530809870364,20.766705310023486],[107.06498003520463,20.766741550574867],[107.06482744680405,20.76682356618055],[107.06474352334675,20.766766346000193],[107.06456804682479,20.76678923439744],[107.06436968313665,20.766897953635837],[107.06432390713563,20.766966617639667],[107.06420183573054,20.767634189478162],[107.06420946576544,20.76783446174911],[107.06429338928163,20.768034732773934],[107.06449938344885,20.768069065377222],[107.06462908207108,20.767998493716156]]],[[[107.07083941041321,20.77049330555705],[107.07084703948104,20.770767963359532],[107.07080126303481,20.770911014371727],[107.07044268077884,20.77095297615384],[107.0698399592606,20.77089194174695],[107.06950426599383,20.77095297612896],[107.06923723711536,20.77125243011929],[107.0690846493007,20.771284854468828],[107.06844377988746,20.771076953940767],[107.06837511560633,20.77087096059909],[107.0683903742976,20.77043799212822],[107.06835985634557,20.770285404910783],[107.06825304555544,20.770218647208765],[107.06800127528986,20.770226276516496],[107.0675816579812,20.770600116654983],[107.06691027100784,20.770983493754038],[107.06683397754307,20.77132109427242],[107.06684923595512,20.771511829211505],[107.06723070647135,20.771893299843274],[107.06736803560176,20.771927631550618],[107.06769609932522,20.771870410502483],[107.0682683042098,20.771658695794827],[107.0683598564784,20.77167776819301],[107.06846666850652,20.771809375825136],[107.06869555026644,20.772421634433947],[107.06874132624067,20.772702014436717],[107.06841326237131,20.773318088711136],[107.06827593328735,20.773833072804422],[107.06829882175981,20.774361408993563],[107.0683903743168,20.774765766710622],[107.06857347898688,20.774906909858608],[107.06878710276783,20.774899280617376],[107.06931353104831,20.774819171573196],[107.06991625315028,20.77449492275874],[107.07037401707728,20.77412871130105],[107.0705571221801,20.77382544390735],[107.07057238143587,20.773529804505557],[107.07048845769285,20.77317122295599],[107.07052660450866,20.772705829326647],[107.07064104499686,20.77256277869229],[107.07160234958262,20.772112644089155],[107.0716786428312,20.77193526087923],[107.07160234957706,20.771561420409288],[107.07138109691208,20.77101973300015],[107.07108355052779,20.77054861826299],[107.0709309621429,20.77043417725612],[107.07086229844829,20.770445621612758],[107.07083941041321,20.77049330555705]]],[[[107.06424761346176,20.772097385448262],[107.06434679547581,20.771916187566617],[107.06449938358242,20.771857059625905],[107.0646214534689,20.77186087486387],[107.06497240490104,20.772024906274588],[107.06510210565044,20.772013462849976],[107.06533098763883,20.77188376272602],[107.06587267457823,20.77123907850657],[107.06595659716514,20.771036899308015],[107.06612444404236,20.770231998154358],[107.06617784980195,20.770130909311607],[107.06663561328389,20.769770420217913],[107.06663561287276,20.769570148464854],[107.06656694913605,20.769518650224455],[107.06615496104848,20.76956061133736],[107.06594133859915,20.769520557366924],[107.0659031913605,20.76934126611693],[107.06596422749568,20.768954074738858],[107.06584978635922,20.768866336103724],[107.06570482691819,20.768856800354712],[107.06549883324456,20.768975055178643],[107.06530809885528,20.7695434455632],[107.0652394338417,20.76989439789737],[107.06493425824522,20.770361698578984],[107.06492662882856,20.770489490237594],[107.06507158753308,20.770682132381275],[107.06510210493379,20.770792758527566],[107.06507921761437,20.770935810908114],[107.06485033524892,20.771418369300132],[107.06476641202273,20.771441258007343],[107.06420946657052,20.771347797221605],[107.06404924775792,20.771450794723552],[107.06379747784801,20.771748340305322],[107.06363726100331,20.772108829731877],[107.06359148479531,20.77241209753691],[107.06343126787843,20.772619999042345],[107.06327868004375,20.772696293016807],[107.0628361752447,20.772637165392112],[107.06266069926662,20.772671497673663],[107.06246996386429,20.772793567520605],[107.06236315248245,20.772986209559],[107.06214952877639,20.773888385637232],[107.06198931237384,20.774037159863425],[107.06172991318492,20.774119176256647],[107.06160021319099,20.774206913835947],[107.06144762484045,20.77436140853983],[107.0611195612933,20.774836338818584],[107.06068468518833,20.775051868460253],[107.06048632107303,20.775265491947053],[107.06037951036022,20.775500095630576],[107.06038713953158,20.77596930428415],[107.06059313300632,20.776394641541632],[107.06102037883274,20.776758945557344],[107.06136370196582,20.776819980928046],[107.06201220009211,20.77663115424613],[107.06241655791868,20.776446141308977],[107.06291246910484,20.776087558754146],[107.06306505770668,20.7758796581454],[107.06306505742924,20.775709903493507],[107.06298876330776,20.775557315737554],[107.06278276884387,20.775433338580594],[107.06254625845489,20.77538947016126],[107.06249285195825,20.775252141002753],[107.06249285245028,20.775025165893556],[107.06269884579916,20.774525440366777],[107.06295061589317,20.774153507930645],[107.06322527436741,20.7738845715304],[107.06347704441283,20.773733891168412],[107.0639882130084,20.773554599363884],[107.06427050122606,20.77325896032671],[107.06422472477045,20.77253607601869],[107.06424761346176,20.772097385448262]]],[[[107.07064104655377,20.821163931832622],[107.07063341752708,20.821026601970235],[107.0704732005319,20.820870199369693],[107.0703358714749,20.820864477425552],[107.07024431830305,20.821070470864512],[107.07025957781133,20.821188726457102],[107.07043505358367,20.8213374994138],[107.07054186485499,20.82128981643033],[107.07064104655377,20.821163931832622]]],[[[107.0697865544674,20.821358480439862],[107.06974077842854,20.82151679050464],[107.06979418439087,20.821648397909698],[107.06987047879798,20.821699896986253],[107.06996203111159,20.82169989640823],[107.0700688425021,20.82159308448628],[107.07009935965624,20.82149390277645],[107.07006121261875,20.821402349447354],[107.06998491903568,20.82129172393386],[107.06990099574223,20.82126502054196],[107.0697865544674,20.821358480439862]]],[[[107.06972551933826,20.822798528455937],[107.06989336647302,20.823138036991395],[107.07025957814638,20.823639670076183],[107.07040453535527,20.824127950832896],[107.07055712351818,20.824269094889946],[107.07074785857725,20.824337759909902],[107.07102251668566,20.824272909461712],[107.07140398674578,20.823946752768652],[107.07153368715767,20.823670188048663],[107.07154131610845,20.823235311976237],[107.0713810990177,20.822571555078504],[107.07164812683737,20.82209853181437],[107.07168627344494,20.821812429592445],[107.07161761004235,20.821694173246193],[107.07141161621686,20.82163695380509],[107.07129717504245,20.821654119585332],[107.07086992885549,20.821883001478668],[107.07060289963047,20.821932592948563],[107.07030535386836,20.82211760588228],[107.06992388361292,20.821905889339078],[107.0698094429846,20.82192305594386],[107.06970263187506,20.822060384683848],[107.06964922545725,20.82247618698221],[107.06972551933826,20.822798528455937]]],[[[107.07221270279378,20.82531622963088],[107.07173968004561,20.824934759963586],[107.0715413161094,20.824845113690742],[107.07122851103298,20.82478598677245],[107.07064104675655,20.824745931460182],[107.07015276588373,20.824497976869328],[107.06832934045167,20.82291106312964],[107.0679020947513,20.82270697704956],[107.06745195979552,20.822592535920286],[107.06674242720835,20.822325506597625],[107.06654406200221,20.82235030154017],[107.06639147441487,20.822645940425026],[107.06634569776274,20.82338980665104],[107.06564379348796,20.824082174521735],[107.06552172361157,20.8242977050267],[107.06544542996298,20.824576177748586],[107.06545305835294,20.825350561805617],[107.06551409352461,20.825554648375686],[107.06567431215794,20.825783529546353],[107.06594896987849,20.825842657893716],[107.06642962205439,20.825876990209157],[107.06699419697169,20.825829306360177],[107.06727648398127,20.825728217141883],[107.06739855469168,20.825615682753508],[107.06751299602459,20.825424947469386],[107.06757403051088,20.82478407872048],[107.06755877159011,20.82441786766214],[107.06760454808332,20.82421950398395],[107.06774187655962,20.824177541482978],[107.06800127671286,20.82420233743677],[107.06864977492111,20.824892798128182],[107.06941271471389,20.82593420958634],[107.06971789117897,20.82645682356325],[107.06996966126256,20.826657095622473],[107.07034350054298,20.826876441181152],[107.07113695748235,20.827133932979248],[107.0714955400131,20.827494421648016],[107.0718922682236,20.827770986732666],[107.07215929652384,20.827755728217443],[107.07312823006036,20.827437200906704],[107.07391405833022,20.827008047385448],[107.07437945072,20.826836386102798],[107.07463885031977,20.82663611520795],[107.07483721439776,20.826355734573568],[107.07498980156075,20.826006690159424],[107.07504320838083,20.825705328525803],[107.07499743150188,20.825461187767488],[107.07490587881529,20.825413503848395],[107.0747761792565,20.825447836681697],[107.07468462584622,20.82555846306401],[107.07437945086465,20.826376715123757],[107.07426501007058,20.826466360459612],[107.07397509340532,20.826430120726243],[107.07313585899345,20.825905599954073],[107.07276964773091,20.825602332048554],[107.07221270279378,20.82531622963088]]],[[[107.0619359083242,20.828715124868662],[107.06238604212297,20.8285510928642],[107.06264544176719,20.82831076711178],[107.06278277060179,20.827849188190907],[107.06275988268344,20.82735518482218],[107.06254625977904,20.826679983761665],[107.0621037547002,20.826323310429455],[107.06181383808718,20.82626608903553],[107.06166887850515,20.82632712452229],[107.0615391799833,20.826466361400698],[107.0612645211229,20.827101507784988],[107.06094408638658,20.82808760751985],[107.06093645757512,20.828463354954046],[107.06100512187712,20.828600684579392],[107.06122637515273,20.828730384650413],[107.06156206800183,20.82877234564536],[107.0619359083242,20.828715124868662]]],[[[107.06509447803282,20.827578345013357],[107.0646824898187,20.827708044786597],[107.0644917552587,20.82797316617287],[107.06446123792159,20.828276435199875],[107.06469774874438,20.828970708916962],[107.0647587839657,20.829346457550837],[107.06472063739551,20.829655447772648],[107.06462908398693,20.82987479328585],[107.06417132077375,20.830347814894058],[107.06398821477032,20.83061484435597],[107.06397295704318,20.83085135559959],[107.06406450857274,20.830961981335392],[107.06422472665713,20.831051626994824],[107.0650258125321,20.83102873905738],[107.06527758343825,20.831085959242213],[107.06532335899755,20.831045905062236],[107.06536150600783,20.830920020266564],[107.0653309892628,20.83053092148234],[107.06520128892349,20.82993964292339],[107.06516314231149,20.829563894966697],[107.06521654784723,20.829445639280333],[107.06545305907572,20.829298772790757],[107.06614733382214,20.829125205197332],[107.0664448796166,20.829010764415397],[107.06655932080663,20.82890204527534],[107.06658220868376,20.828783788873583],[107.06646776924431,20.828654089975462],[107.06607866917597,20.828488149939638],[107.06597185803811,20.828390876098577],[107.06579638225193,20.828017035435195],[107.06556750007056,20.82776335776065],[107.06529284173244,20.82760886315578],[107.06509447803282,20.827578345013357]]],[[[107.0680699413794,20.829148093014066],[107.06776476550546,20.8291385558656],[107.0674901070605,20.82922057194459],[107.06734514940688,20.82937506692947],[107.06722307919978,20.829619208149605],[107.06721544874706,20.829731742457533],[107.06731463092014,20.82986144156886],[107.0675053663028,20.829945364768385],[107.06765795364898,20.82994345717783],[107.0681843821988,20.82962111507804],[107.06826830570229,20.829476157377883],[107.06823778808574,20.82928542231014],[107.0680699413794,20.829148093014066]]],[[[107.06966448483485,20.830183782946495],[107.06913042689789,20.829912940300822],[107.06899309830749,20.829966345029987],[107.06900072791115,20.830111303658384],[107.06925249788728,20.830319205241796],[107.06939745611479,20.83031729792756],[107.06967211446893,20.83024863341648],[107.06966448483485,20.830183782946495]]],[[[107.06662798570024,20.831076422018732],[107.06697893824986,20.830992499463974],[107.06708575043677,20.83087233624573],[107.06713152607698,20.830773154203168],[107.06709337908543,20.830681601234133],[107.06680346213759,20.83041457223214],[107.06646013895002,20.83033446417489],[107.06620836900139,20.830448904771508],[107.0660023748926,20.830681601407573],[107.06588793545322,20.83105162732603],[107.06571245810709,20.831232825464006],[107.06565905289835,20.83137015462411],[107.06570482870961,20.831515113211218],[107.06584215848193,20.831639090554454],[107.06599474560261,20.831696310883203],[107.06611681644151,20.831616202512507],[107.06662798570024,20.831076422018732]]],[[[107.06263781238835,20.831822196671325],[107.06246233645241,20.832045355028484],[107.06243181928632,20.83215407452092],[107.06252337178621,20.83267668867222],[107.06263018257158,20.832859793296333],[107.06279040027422,20.83287123761016],[107.06291247115809,20.832793036129324],[107.06305742889313,20.83256796897394],[107.0630421697451,20.83217887007208],[107.06285906541439,20.831856528470055],[107.06277514191667,20.83181075209168],[107.06263781238835,20.831822196671325]]],[[[107.06556749976758,20.836336890870456],[107.06532335916418,20.836439887054105],[107.06505633078977,20.83664206668659],[107.06502581314398,20.836729804895235],[107.06505633095212,20.836798468138948],[107.06512499537043,20.836834708554107],[107.0655522410057,20.83685568973867],[107.06563616561652,20.836828986111563],[107.06578875235937,20.836670676650336],[107.06586504654413,20.836401740102364],[107.06579638249535,20.836308280011057],[107.06556749976758,20.836336890870456]]],[[[107.06310320659553,20.837603369303306],[107.0636830400967,20.838122168892735],[107.06384325741391,20.83831290342766],[107.0639424394103,20.83859328345234],[107.06402636194893,20.83868483629533],[107.06449175531193,20.838936606269918],[107.06464434352166,20.83892897777418],[107.06472063679679,20.838808814312685],[107.06473589595832,20.838671485583042],[107.06472826744701,20.838564673374105],[107.0646443435164,20.83837775337414],[107.06464434311387,20.838240424353458],[107.06501818413544,20.837805548779038],[107.06504107245141,20.83770445938398],[107.0650181845257,20.837467948498062],[107.06493425979224,20.83734969222272],[107.06462145508651,20.837223807212276],[107.06375933309776,20.83708266384155],[107.06341601133602,20.837088385317035],[107.06327868235331,20.837120810471845],[107.06312609376315,20.837221900543774],[107.06304980054,20.83734778560817],[107.0630421698044,20.837460318892585],[107.06310320659553,20.837603369303306]]],[[[107.07663011846145,20.70233610587929],[107.07571459154832,20.702315125442343],[107.07537126773467,20.702362808948447],[107.07519579257755,20.702332290961778],[107.07505083287009,20.702235016742076],[107.07493639201711,20.702088150631237],[107.07496690996597,20.701962265573542],[107.0753636394569,20.701655182017245],[107.0754094151592,20.701458725016842],[107.07536363960946,20.701216492177217],[107.07505083282676,20.70061186282696],[107.07466936404018,20.700220856560968],[107.07451677612396,20.700108323063397],[107.07430315330065,20.700028213898705],[107.07392931222606,20.699972901087328],[107.07379961342566,20.700062546466935],[107.07365465365753,20.700283799127927],[107.07357073083864,20.70060232659007],[107.07355547220989,20.70098188842909],[107.07363176594536,20.70122221470602],[107.07374620748085,20.70132902631362],[107.07429552324241,20.70154264926167],[107.07440996380444,20.70160749930046],[107.07444048203295,20.701678070391278],[107.07443285261559,20.70176008601539],[107.07398271822306,20.701792511221967],[107.07386827674995,20.701855454374403],[107.0737919833797,20.70217398105808],[107.07386064826565,20.702299866660795],[107.07399797704024,20.70242956665411],[107.07418871182364,20.70253637744599],[107.0743260412122,20.70268896559103],[107.07441759428386,20.702868256790428],[107.07443285216247,20.703125748446755],[107.07437944697772,20.70355490181036],[107.0744938879776,20.7042110290341],[107.07457018212241,20.704407486134556],[107.07478380572881,20.70458105582334],[107.07488298692826,20.704579148442075],[107.07505846286857,20.704512391446926],[107.07547045017816,20.704211029761503],[107.07568407346342,20.704125199396636],[107.07601976734067,20.704083237480134],[107.07621813092848,20.704146179999864],[107.07648515999118,20.704355988546702],[107.07679033482965,20.704468521122543],[107.07688951746877,20.70448378047518],[107.07708788264992,20.70435980329528],[107.07733202264575,20.704111847773788],[107.07743883436817,20.70380857899497],[107.07747698127079,20.703203949520258],[107.07743120394105,20.702925476036135],[107.077316764179,20.702702317499064],[107.07714128688414,20.70254019242897],[107.07697344158551,20.702442917446124],[107.07663011846145,20.70233610587929]]],[[[107.0737156891679,20.704872879032408],[107.07432604131523,20.704382691358138],[107.07435655827732,20.70407560813028],[107.0742726356869,20.70390013276905],[107.07373094845259,20.70369986057228],[107.07355547224392,20.703701767561487],[107.07337999578068,20.703724656279594],[107.07316637299066,20.703837189869336],[107.07296800895048,20.704016480387924],[107.07275438603536,20.704378876307505],[107.07275438583574,20.704598221781037],[107.0728306801988,20.704851899507016],[107.0730137850171,20.70502356093076],[107.07321214954403,20.705054078518444],[107.07343340186449,20.705017838185277],[107.0737156891679,20.704872879032408]]],[[[107.07141924290377,20.719620500538696],[107.07167864207256,20.719961915182747],[107.0718998934818,20.720068726899974],[107.07248735773746,20.720127855177612],[107.07264757507387,20.720190796819548],[107.07299089796754,20.72042730785061],[107.0731511147175,20.720459733532554],[107.07328844354456,20.720440659811942],[107.07341814408619,20.720373903495542],[107.07357836088383,20.720190796819043],[107.07358599053498,20.72000387741737],[107.07353258453246,20.71980360481312],[107.073441031584,20.71968916514038],[107.07283830985176,20.719301973283912],[107.07281542192794,20.718865190313192],[107.07268572185654,20.71870115814983],[107.07251787512322,20.718626770823825],[107.072311881558,20.718596254110423],[107.0719456707332,20.718628678957348],[107.0715413129588,20.718813692540145],[107.07131243047563,20.71907499786179],[107.07128191275308,20.719250474068634],[107.07130480123396,20.71940306183287],[107.07141924290377,20.719620500538696]]],[[[107.08271074686031,20.71907690582506],[107.0825581586859,20.71903494429436],[107.08219957706649,20.719109330699034],[107.08184099617462,20.719322953906406],[107.08155870798608,20.71959379718647],[107.08113909110513,20.720383439029796],[107.08088732067279,20.720715318088537],[107.08026171086313,20.721741472151706],[107.08008623461477,20.721760544675547],[107.07979631801201,20.721691881433433],[107.07961321225885,20.72168997280974],[107.07946825418233,20.72180632217495],[107.07934618336117,20.722159181381098],[107.0793461834826,20.722700867748276],[107.07919359603223,20.72296599014548],[107.07907152453011,20.72335127383918],[107.078949455201,20.723526750037024],[107.07878923788957,20.72360685892782],[107.07840776745914,20.72458532938413],[107.07844591481606,20.724804673882126],[107.07856798509994,20.724928651386687],[107.07875109074693,20.725008760498795],[107.07899523091257,20.72500685317215],[107.07916307747192,20.72493246611892],[107.07935381262551,20.72478178516934],[107.07958269479428,20.72447279534201],[107.07973528298108,20.723709854751387],[107.07994890608764,20.723383698987337],[107.08039141121266,20.723225389111928],[107.080650809812,20.723080430204476],[107.08134508506333,20.722265992866358],[107.08151293168473,20.72197226103371],[107.08189440077247,20.72176054465208],[107.0819783248119,20.721606050115273],[107.08208513572461,20.721056733942692],[107.082275870852,20.720654282785382],[107.08269548784608,20.719942841548],[107.08282518657576,20.719639574218437],[107.08289385224063,20.71928671382447],[107.08271074686031,20.71907690582506]]],[[[107.08019304554718,20.72778585991979],[107.08033800527939,20.726721559631578],[107.08040666929284,20.726511751562775],[107.08094072681624,20.725996767361117],[107.0815205607539,20.725348268062035],[107.08196306572258,20.724549088721588],[107.08199358292201,20.723917756457944],[107.08193254755781,20.723770891198708],[107.08184099616062,20.723700319360415],[107.08168840837689,20.723664078688778],[107.08155107881656,20.723671709162403],[107.08116960883673,20.723927293336903],[107.0806889565081,20.72460821752531],[107.08046770503391,20.724867615953155],[107.08018541705918,20.725106035482817],[107.07978868769969,20.72530439877811],[107.07928514807301,20.72573164542511],[107.07870531397249,20.725748810847282],[107.07852220910218,20.72585562346258],[107.0784535442953,20.725960527215992],[107.0784001385214,20.72613600304659],[107.07843065618063,20.7262561663265],[107.07847643274928,20.726387772907426],[107.07868242643261,20.72669104169966],[107.0787282034257,20.726845537444106],[107.07869768467862,20.727026735009293],[107.07846117375261,20.727642808017332],[107.07842302658456,20.727944168917446],[107.07843065643755,20.728228364313594],[107.07849169072543,20.72852972516257],[107.0785985030436,20.72872618279895],[107.07861376191546,20.72892263940942],[107.07856798486989,20.729077135051625],[107.07831621486102,20.729233537520532],[107.0780339284797,20.72922590798128],[107.0776066819946,20.72906187597813],[107.07702684785376,20.72854117025428],[107.07695055380107,20.72853163362847],[107.07686663028677,20.728598390144917],[107.0768132245861,20.72872999717755],[107.07680559480711,20.728834901031878],[107.0768742599675,20.729014192670515],[107.0770039587743,20.7292220937745],[107.07727098809312,20.729504381086183],[107.07753038767335,20.729653154661627],[107.0779194870277,20.730278764205043],[107.0780949631063,20.730364595289387],[107.07869768481311,20.73035696581908],[107.07896471379536,20.730446611723913],[107.07924700156254,20.730652605833015],[107.07970476500964,20.73149565357961],[107.07990312896078,20.73178366289738],[107.08006334697963,20.73193052853909],[107.0802693405293,20.731976304433715],[107.08040666870419,20.73192480633162],[107.08062792197494,20.73175314522238],[107.0808491737563,20.731509004008583],[107.08120012633185,20.731001649633207],[107.08133745471005,20.730402742076812],[107.08131456735057,20.730250154560718],[107.08123064401077,20.730091844748298],[107.08107805573697,20.72999456951661],[107.08089495097563,20.729958330674165],[107.08015489912876,20.73004416080744],[107.07978868781464,20.729895387097883],[107.0796132122097,20.729683671433857],[107.0796284706505,20.72921255655354],[107.0797657998158,20.72889784448579],[107.08017015772239,20.728384767072313],[107.08026171128138,20.728098665221058],[107.08019304554718,20.72778585991979]]],[[[107.08670092001623,20.730051790080612],[107.08689928446408,20.729862962497062],[107.08696031927684,20.729752336613085],[107.08696031877632,20.729626451482794],[107.08672380784135,20.729504381331317],[107.08649492637065,20.729494844291906],[107.08607530925326,20.729494844489825],[107.08562517468845,20.729605470612398],[107.0855565106573,20.729719911462364],[107.08555651132899,20.730158601268162],[107.08560991568424,20.730267320348506],[107.08583879834683,20.730461870487453],[107.0859608689213,20.730459962428487],[107.08656359141915,20.730091843935018],[107.08670092001623,20.730051790080612]]],[[[107.08454180154604,20.73289373910677],[107.08464861280927,20.732723985066148],[107.08468676031646,20.73250273295023],[107.0846257248894,20.731940065729777],[107.08471727679036,20.73176458945153],[107.08486223645427,20.731619630340127],[107.08489275302192,20.731406007524868],[107.08471727737339,20.731335434961885],[107.08432054909416,20.731072220904963],[107.08382463768375,20.731110368360792],[107.08351183272703,20.73125151254294],[107.08275652355367,20.731760774758893],[107.08241320062392,20.73228529501178],[107.08236742451898,20.732487474628027],[107.08239031194056,20.732701097101277],[107.082497122842,20.73302916123696],[107.08248949457841,20.733433519680677],[107.08243608779817,20.73369291823139],[107.08211565395924,20.734337602482725],[107.08149004353272,20.734640871953662],[107.08123064442172,20.73481825470579],[107.08067369816123,20.73535231242955],[107.07984209383777,20.735388552056563],[107.07972765327453,20.735449587075657],[107.07961321242442,20.735605989293365],[107.07963610172911,20.735890184612295],[107.07979631858251,20.736107622659905],[107.08020067612168,20.736298356699628],[107.08050585113048,20.73675993526196],[107.0805897752426,20.736950670659606],[107.08079576789868,20.737097536910476],[107.08099413322512,20.73711660962402],[107.08119249778665,20.737070833856702],[107.08136034427842,20.736969743718873],[107.08172655520718,20.736473833760574],[107.08177233142769,20.73635748433345],[107.08197069554771,20.736153398816285],[107.0825352700358,20.73572996778061],[107.08284807605743,20.735434328245507],[107.0831227340503,20.73497274995995],[107.08422136716221,20.734404359134846],[107.0844197309282,20.73425367915024],[107.0845494316312,20.734072481775726],[107.08450365377726,20.73374441708523],[107.08432817783543,20.733483110862306],[107.0842366253583,20.733248506849307],[107.08430529018193,20.733094011244482],[107.08454180154604,20.73289373910677]]],[[[107.07877397905133,20.734759126275883],[107.07859087349328,20.734749589355374],[107.07845354438169,20.7349822862909],[107.07844591506095,20.73517874344211],[107.07852220929335,20.735560213974214],[107.0786290203502,20.73574522569838],[107.07874346124298,20.735787187513274],[107.07890367877893,20.73574141202235],[107.07907152496304,20.7356536734477],[107.07910204314054,20.735520159122707],[107.07902574949968,20.7351062643006],[107.07894182632964,20.734930787444558],[107.07877397905133,20.734759126275883]]],[[[107.07984209443445,20.740649019467643],[107.07966661840128,20.740519319864447],[107.07917070730359,20.740240847328245],[107.07902574941696,20.739924227220726],[107.07894945495934,20.73951033266384],[107.0788579026347,20.739281450737185],[107.07875109121967,20.73915556624428],[107.07862901998372,20.739151750820593],[107.07841539764573,20.739237582197667],[107.07733202326388,20.739813601019986],[107.07694292453957,20.740235124712683],[107.07622576123717,20.74080732974815],[107.07595110298091,20.740811144083555],[107.07565355720097,20.740973269264686],[107.07554674522416,20.74108389498372],[107.07550859844486,20.741293703663285],[107.07502794671636,20.741791522163876],[107.0747685474162,20.74200323703318],[107.07460833007326,20.74221304589107],[107.07449388982147,20.74249342576936],[107.07452440616953,20.74295309708257],[107.07465410595901,20.743248735914797],[107.07485247023442,20.74346426601726],[107.07503557675541,20.743593965909117],[107.07526445774161,20.743586336770967],[107.07549333902018,20.743500506046132],[107.07571459259096,20.74334410270518],[107.07585192187003,20.743145738770068],[107.0761265791319,20.74251822076698],[107.07679033614272,20.741978441665253],[107.07705736531263,20.741558824918467],[107.07721758251783,20.7414367550979],[107.07791185778267,20.74120977983565],[107.0782704391967,20.7411773545821],[107.07867479781497,20.741299425706234],[107.07887316185796,20.741432939496285],[107.07932329517507,20.741459642972146],[107.0796589889909,20.741297518229743],[107.07985735346753,20.741114412994172],[107.07994890671684,20.740784441239494],[107.07984209443445,20.740649019467643]]],[[[107.07114458440964,20.74451712297971],[107.07130480197225,20.74451521524071],[107.07149553711301,20.74444655085804],[107.07216692306362,20.744076525364417],[107.07247209897993,20.744034564500772],[107.07254839348663,20.74408987764791],[107.07261705813173,20.744559084006823],[107.07269335166053,20.744646822619025],[107.07292223315903,20.74477461556245],[107.07303667413707,20.744784152649167],[107.07320452107004,20.74468878409889],[107.07337236835914,20.744522845624335],[107.07347917899142,20.744341646843154],[107.07344866217288,20.744002139332718],[107.07316637421049,20.743550097186553],[107.07312822725397,20.743256365366108],[107.07299089864613,20.742960726147153],[107.07270861044461,20.742832933996247],[107.07257128177181,20.742817675158417],[107.07228136417103,20.74293211610193],[107.07168627120927,20.74356917027214],[107.07125902540287,20.74377707125428],[107.07094622066415,20.743872439060677],[107.07078600368848,20.744105134814394],[107.07082415037019,20.7443302031391],[107.07091570299369,20.744421754941015],[107.07114458440964,20.74451712297971]]],[[[107.0837788630368,20.7473209254568],[107.08431291930864,20.747402941297374],[107.08454180185038,20.747345720805942],[107.08492327211934,20.74733999887033],[107.08509874752195,20.747366702054276],[107.08551836441829,20.74755743588475],[107.08577013503763,20.747505937958564],[107.08609819915134,20.74733809137794],[107.08629656242967,20.747114931846472],[107.08645677986024,20.74684027275618],[107.08648729746868,20.74649504275991],[107.08657885111181,20.746252809934827],[107.08683062088083,20.74590948653551],[107.0867924737857,20.745566164109672],[107.08669329093198,20.74539068775786],[107.0865330735831,20.74530104332563],[107.0863347092237,20.745259081164672],[107.08603716327096,20.745272432869548],[107.08517504114,20.745672976226338],[107.08478594236965,20.745802675716224],[107.0844426197224,20.74605825986987],[107.08424425554833,20.74630240090025],[107.08375597456794,20.746445452274994],[107.08303881104028,20.746414935418137],[107.08282518804234,20.746331011166383],[107.08235216603269,20.74624899521267],[107.08209276695655,20.74624708763008],[107.08190203177892,20.74630430821832],[107.08184862602805,20.74643019344784],[107.0819401788325,20.74677351639889],[107.08239031241015,20.747320925455075],[107.08249712319858,20.747517382136877],[107.08251238242914,20.747622286380366],[107.08242845993452,20.747692857995325],[107.08219194900678,20.747708117164674],[107.08195543699595,20.74765089722356],[107.08152056141114,20.747364794512155],[107.08126879158138,20.747324740349818],[107.08094072722554,20.74731711133109],[107.08053636974891,20.747486865578395],[107.08013964138941,20.747513567440375],[107.07996416417987,20.74762419434636],[107.07981920651973,20.747774874088687],[107.07968950708859,20.74798468352505],[107.07852221004816,20.748699938175204],[107.07841539798731,20.74887541396667],[107.07841539717391,20.748963152305677],[107.0784611747573,20.749028002580438],[107.07860613284426,20.7490489829617],[107.07890368002072,20.74926069920022],[107.07909441388757,20.749777590201408],[107.079643730413,20.749790942150337],[107.0799641649482,20.749171052799625],[107.08013964125614,20.74870947539843],[107.08039904058347,20.748436724483877],[107.0807576230101,20.74836043047416],[107.08116197928621,20.748549258421047],[107.08141374987115,20.749081408381176],[107.0815815969757,20.74926451312898],[107.08181047838083,20.749359881610985],[107.0821766897132,20.749399934772903],[107.0824742352998,20.749346528802448],[107.08275652323037,20.749213015634844],[107.08314562272112,20.74884680429417],[107.0833363573392,20.74850348114864],[107.08330583928158,20.74821928578792],[107.08308458762176,20.747603212675106],[107.08336687466428,20.747414384968234],[107.08357286887832,20.747339999391052],[107.0837788630368,20.7473209254568]]],[[[107.07430315484379,20.756485735646965],[107.07450151874329,20.756289279132822],[107.07460833068716,20.756102359056598],[107.07463121915097,20.755810534833],[107.07458544134774,20.75545576802448],[107.07440233657528,20.75504950307623],[107.07441759599082,20.754927432484678],[107.07473802982696,20.754509722656305],[107.07502031801434,20.754307543944066],[107.07548571113718,20.754059588544713],[107.07570696264611,20.75387648242736],[107.07621813256003,20.753834521682876],[107.07663011959545,20.75386885385702],[107.07723284135203,20.753977572325244],[107.07743883605285,20.754097735521878],[107.07755327681834,20.75428084023655],[107.07756090587473,20.754622256954928],[107.07749224211746,20.75498274578812],[107.07733202347109,20.755274569747062],[107.07685900226411,20.755816256976523],[107.0766224912157,20.756197726306482],[107.07663012008784,20.75637129439825],[107.07680559611372,20.756447588930175],[107.07708025352896,20.756487643791015],[107.07780504682052,20.756499087997124],[107.07814836983682,20.75645712561421],[107.07822466416972,20.756394184021172],[107.0782551809702,20.75628546474483],[107.07798815201838,20.75568464987691],[107.07800341101152,20.75522307148104],[107.07807970444271,20.7551200747977],[107.07822466336233,20.75505903923235],[107.07862902126435,20.75499037438618],[107.07899523142005,20.754694735625787],[107.07925463166202,20.754196917197152],[107.0794148489333,20.753990923373124],[107.0805058513833,20.752974307089886],[107.08088732141991,20.752768313170026],[107.08126116319038,20.752831255784066],[107.08138323277839,20.752766406731993],[107.08153582099781,20.752627169775113],[107.08177233174952,20.75229910513668],[107.08229113065057,20.751959597743102],[107.08241320085365,20.751776492719312],[107.08241320054222,20.751459871869766],[107.08231401878213,20.751305377486126],[107.08220720652962,20.75121000931584],[107.08194017915079,20.751211916279477],[107.08160448439658,20.751240526931934],[107.0812153859122,20.751396929419453],[107.0810399092661,20.75138548553923],[107.08093309860885,20.75129965459175],[107.08085680514579,20.7511699556775],[107.0807271045376,20.7505329004875],[107.08054399839286,20.750384127631943],[107.079926018382,20.750157153709633],[107.07905626752327,20.751017367039548],[107.07873583244317,20.7512100089278],[107.0784764336239,20.75130156230058],[107.07807207568517,20.751320635807655],[107.07775926947076,20.751395022061867],[107.07759905237796,20.751528536417904],[107.07753038829063,20.751641070706427],[107.0775914233241,20.751780306123926],[107.07788896958203,20.751791750612608],[107.07869768536638,20.75162199594986],[107.07961321305766,20.751719270971225],[107.07997179451358,20.751793658170005],[107.08003282953817,20.751946246441413],[107.08004808846805,20.752573763781488],[107.07976580080029,20.753067767555915],[107.07878160878865,20.754095828146617],[107.07858324486769,20.754250323945158],[107.07840013968072,20.754320895576196],[107.07828569891417,20.754332339661627],[107.07804155733844,20.754217898389374],[107.07774401156149,20.753685748676258],[107.0776066824517,20.7533443323336],[107.07778215909885,20.75251082107272],[107.07771349363749,20.75231817967295],[107.07749987072613,20.752213274557597],[107.07682848367698,20.752196108061195],[107.0765004197861,20.752047335370566],[107.07642412533102,20.751839434063687],[107.0764851614501,20.751711642678792],[107.0768132257609,20.75141981715717],[107.07682848397485,20.75137213453868],[107.07679033681663,20.751309191080946],[107.07614183915553,20.751112734029363],[107.07587480985117,20.75110510523767],[107.07582903403897,20.751204287309257],[107.07598162174953,20.7515724055885],[107.07598162157767,20.751707827113027],[107.07591295655149,20.75186423090804],[107.07580614458935,20.75198248583641],[107.0751423878201,20.7524078247685],[107.0750584649934,20.752558505290402],[107.07503557643727,20.7528560519194],[107.07497454112425,20.75299338092138],[107.07488298869777,20.75307730397916],[107.07467699488704,20.753128802164426],[107.07424974859545,20.753165041360855],[107.07416582546871,20.753111636771738],[107.07413530796838,20.75281027586348],[107.07402086700762,20.75264242898729],[107.07367754373819,20.752262866617688],[107.0734334039297,20.752161776812862],[107.0731434864516,20.752138888109386],[107.07243395226962,20.752318179525464],[107.07218981167107,20.75249365537861],[107.071938041343,20.752783572566567],[107.0717778250618,20.753258502981815],[107.0717778242821,20.753359591704974],[107.07183123107131,20.753418719697578],[107.07189989496023,20.753430163622678],[107.07203722429013,20.753393923559557],[107.07225084813757,20.752981936574567],[107.072426323686,20.752911364210288],[107.07262468746774,20.752918993817627],[107.07278490435172,20.75302008403566],[107.0730824514225,20.753428256298456],[107.0731282277279,20.75390318591142],[107.07300615747863,20.75409010698705],[107.07271624097658,20.754351413016202],[107.07241869350474,20.754519259671405],[107.07224321747738,20.754544054544233],[107.07183885992423,20.754364764814998],[107.07157946062756,20.75435522760062],[107.07135820729137,20.75443152215561],[107.07108354952726,20.75466803259993],[107.07022905819781,20.755738055885935],[107.07021379912389,20.756150043107784],[107.07041979298364,20.7564761999205],[107.0707707448125,20.756666935140963],[107.071724418528,20.75690153792602],[107.07180071260974,20.75698355424221],[107.07184648978735,20.757109438768584],[107.07181597179296,20.75734976476764],[107.07164049583756,20.757775103512035],[107.07127428514379,20.75813940782941],[107.07102251466814,20.75831869814491],[107.07096148028059,20.75846175001386],[107.07096910889236,20.75862196655832],[107.07108355028421,20.758751666586893],[107.0712590254837,20.758833682760393],[107.07150316717114,20.758791721088425],[107.0723347704022,20.758124148562388],[107.07260942837055,20.757942950720764],[107.07273149891915,20.75790289601376],[107.07305956296797,20.757893360111176],[107.07361650844665,20.758147036897093],[107.07373857994295,20.758082186631583],[107.07376146816323,20.757988726646506],[107.07363176736766,20.757519518807943],[107.07311296890137,20.756781374936104],[107.07307482207968,20.75662115781266],[107.07316637519047,20.756302631022077],[107.07324266834254,20.756171023896144],[107.07337999810403,20.75609091437133],[107.07359362039661,20.756073748618643],[107.07389879656476,20.75635794377077],[107.0741276790918,20.756499087921743],[107.07430315484379,20.756485735646965]]],[[[107.07451677799622,20.756739413545027],[107.07434893054207,20.756708895877434],[107.07420397296156,20.756762302169403],[107.07418871421048,20.75686529838488],[107.0742955250129,20.757061755626697],[107.0744557432805,20.75721052892703],[107.07476091764498,20.75732878372083],[107.0750432056621,20.757355486917],[107.07518053528051,20.75732878410218],[107.07524919945075,20.757275378358308],[107.07528734652153,20.757162844502588],[107.07527208791217,20.75706938504063],[107.07451677799622,20.756739413545027]]],[[[107.07931566714971,20.757378375216373],[107.07914782034122,20.757244861017927],[107.07897234387416,20.7572658416731],[107.07893419709701,20.757365023294984],[107.0789494558169,20.75746229899119],[107.0790944142006,20.75788763775494],[107.07925463237191,20.758105074732725],[107.07943010767671,20.758175646835884],[107.07960558426353,20.758145129416516],[107.07970476616195,20.758065020198202],[107.07974291318007,20.75796393189827],[107.07968950653621,20.757813250827134],[107.07931566714971,20.757378375216373]]],[[[107.08875322806186,20.75777319606933],[107.08861589940541,20.757836138084595],[107.08850145808438,20.757948672699985],[107.08848619930782,20.758074557031414],[107.08856249268855,20.758244311546274],[107.08867693381181,20.758362566359047],[107.08883715138448,20.758387362716604],[107.08892107482613,20.75835303079906],[107.08902025740528,20.758280550635895],[107.08906603304277,20.758139407486677],[107.08905077431548,20.757830415996832],[107.08895159229914,20.757765566036884],[107.08875322806186,20.75777319606933]]],[[[107.0792851493417,20.759287631944982],[107.07915544955803,20.75928381706542],[107.0785603568679,20.759627139387323],[107.07788896951969,20.75965193484837],[107.07778978827487,20.75974158115277],[107.07773638196107,20.75985792904425],[107.07769060557455,20.760269915931186],[107.07774401204918,20.76029471166742],[107.07814837001392,20.760260378391703],[107.07828569885407,20.76029852567549],[107.07844591647286,20.760588442964465],[107.07859087382798,20.760586535460124],[107.07868242670888,20.760372913194654],[107.07894945571587,20.760010516930066],[107.07922411366756,20.75983122611707],[107.07952928982228,20.76008108829762],[107.07981157814135,20.760397707371226],[107.08065081064544,20.760607517005184],[107.08083391621375,20.76055601791738],[107.08117723881062,20.760260379041352],[107.08129930992405,20.76007345883445],[107.08120775671796,20.75954893775204],[107.0813069393589,20.75933340732675],[107.08190203200887,20.75886801477992],[107.0819630667313,20.758702075759913],[107.08191729042751,20.758614336624824],[107.08179521964348,20.758566653304776],[107.08154345041027,20.758560931481806],[107.08116197955226,20.758770739519427],[107.0807118464416,20.759115969610228],[107.08044481711187,20.759392535832784],[107.08004808913415,20.75955275269766],[107.07994127725927,20.759554659650032],[107.07955217802397,20.759424960951076],[107.0792851493417,20.759287631944982]]],[[[107.07481432365002,20.760288989826623],[107.0748295828268,20.760184085258228],[107.0747990647015,20.760121143167428],[107.07458544235404,20.760006702274545],[107.07416582630404,20.759890353631413],[107.07389879693292,20.75987700198799],[107.07376909702555,20.75992087071377],[107.07363939648982,20.76010206918182],[107.07366228548815,20.76037672771238],[107.07371569078033,20.76049307614807],[107.07383013188132,20.760576999349347],[107.07405901384685,20.760615146337884],[107.07434130148897,20.760475910010157],[107.074501518595,20.760351931810515],[107.07481432365002,20.760288989826623]]],[[[107.08547258768117,20.763077532693394],[107.08567858227222,20.76280287483654],[107.08580065227846,20.762553011999014],[107.08583116994232,20.76239279473589],[107.08608294038734,20.762282168691915],[107.08674669755922,20.762215411426084],[107.08700609682862,20.762060915331798],[107.08763170703409,20.761156832548835],[107.08768511317001,20.760990893376995],[107.08769274225693,20.760794436868633],[107.08763933653799,20.760668551645402],[107.08720446098049,20.760477816500345],[107.0869755790553,20.76031569183292],[107.0866398860013,20.76025084296397],[107.08625841625661,20.760256564789696],[107.0861744935442,20.760189806370775],[107.08615923434388,20.759789263365132],[107.0862584155958,20.759680544508598],[107.08662462746635,20.759560381154362],[107.08701372637998,20.75885275571738],[107.08712816727116,20.75876311023914],[107.08756304184251,20.758835589044793],[107.08770037212642,20.758745944740898],[107.08773851897699,20.758463656655426],[107.08799791806572,20.75803068868845],[107.08803606491216,20.75778654726515],[107.08799791810068,20.757620608325954],[107.08777666461609,20.757506167670243],[107.08741045464684,20.757481371513265],[107.08731890191706,20.757355486751546],[107.08716631439614,20.756939684719974],[107.08710527936663,20.756871019954446],[107.08685350932056,20.756865298576468],[107.08653307439225,20.757035052330462],[107.08609819873857,20.75691298114621],[107.08601427517821,20.756933962400012],[107.08598375755231,20.75706938407723],[107.08619738120683,20.757389819078643],[107.08622789752793,20.757622515490375],[107.08577013534756,20.75849798839716],[107.08548021826026,20.758774554777563],[107.0852589651642,20.758810793139347],[107.08517504157108,20.758734499741884],[107.0851674133107,20.758377825795822],[107.0851063767129,20.758305346375245],[107.08503008316212,20.758242403395535],[107.08476305525545,20.758227145764003],[107.08457231964158,20.758309161948034],[107.08419847886557,20.758660113900614],[107.08356524040524,20.758766924558923],[107.08338213444243,20.758887087537964],[107.08329821108809,20.759074007495975],[107.08326769263738,20.75969198835473],[107.08274126456385,20.760651385432755],[107.08274126494024,20.760872638115384],[107.08297014669874,20.761399065733205],[107.08295488789877,20.761538302656618],[107.08270311780721,20.761839663396493],[107.08258104828425,20.76211432173008],[107.08255815982055,20.762411868432896],[107.08262682419219,20.76258162256992],[107.08314562317078,20.76301649738429],[107.08320665853503,20.763190066588578],[107.08300066374242,20.763523852868637],[107.08277178317994,20.763693606988177],[107.08206224916489,20.763787066826616],[107.08148241492786,20.76464537372036],[107.08116960978964,20.764725482326806],[107.08073473405136,20.76470259382055],[107.08026171228379,20.76516417322609],[107.07962084275297,20.765534198106888],[107.0794911431485,20.765730654792854],[107.0794224779097,20.76612738424622],[107.07944536757299,20.766312396629573],[107.0797429128803,20.76665953416332],[107.07998705431021,20.766770159726132],[107.08032274743432,20.76677206774358],[107.08074236419877,20.766649996869656],[107.08122301611004,20.766213214014165],[107.08146715631108,20.765873706085085],[107.08158159702664,20.765642916996327],[107.08166552043971,20.765608584777688],[107.08194017901515,20.765629565737612],[107.08224535455966,20.76543883073673],[107.0830617001479,20.764803684097693],[107.08313799462253,20.764670169071305],[107.0831227349432,20.764284885065553],[107.08303118256727,20.764048373647796],[107.08308458810723,20.763914859245148],[107.08387804467898,20.76387480451159],[107.08448076704661,20.76364210745059],[107.0849232722931,20.76352766753424],[107.0852513358002,20.763323581013225],[107.08547258768117,20.763077532693394]]],[[[107.07656908534494,20.76144675005853],[107.07630968522322,20.761492527078723],[107.07619524453182,20.76165274431419],[107.0761647266619,20.761769092112548],[107.07628679725549,20.76189497687531],[107.07684374276957,20.762217318726986],[107.07711077231268,20.762207781822905],[107.07727861916403,20.762032305610024],[107.0773091356931,20.76184157054438],[107.07724810065962,20.761683261039476],[107.07697344274239,20.76151159953657],[107.07656908534494,20.76144675005853]]],[[[107.07247210025041,20.7627742653448],[107.07222795913135,20.76276091306053],[107.07194567166101,20.762842929451505],[107.07164812535298,20.763142382978035],[107.07155657265626,20.76328734244429],[107.07144976111223,20.76355246298633],[107.07144213173524,20.763970172165287],[107.07149553776001,20.76408652126029],[107.0716023493784,20.764126574841207],[107.07195330150282,20.764076984346566],[107.0725407648126,20.763968265483875],[107.07299852813355,20.763535297213654],[107.07313585671805,20.76350668744908],[107.07332659228865,20.763567721975733],[107.07351732661739,20.763708865783876],[107.07384539129555,20.76367262644958],[107.07390642624301,20.763577258587183],[107.07389116744237,20.76300505409339],[107.07404375523714,20.76249006964658],[107.07405138526919,20.762341296973798],[107.07393694376437,20.762289797664813],[107.0737233205604,20.762440479168216],[107.07350969777555,20.762686526679357],[107.07309008145774,20.76296690662138],[107.07296801103675,20.762968813970417],[107.07268572295578,20.762886797677115],[107.07247210025041,20.7627742653448]]],[[[107.07584429185557,20.763964450263284],[107.07580614513952,20.764050281071892],[107.0758290343101,20.76413420392364],[107.07598162180453,20.764221942157434],[107.07647753200484,20.764231479205993],[107.0770726254584,20.76405028132515],[107.07758379362257,20.764307772626236],[107.07806444603833,20.764412677105675],[107.07864427993069,20.764391695826284],[107.07909441384096,20.764216219937655],[107.079781059932,20.763647830492364],[107.07991075988247,20.76333883980337],[107.08003282978736,20.76281241144123],[107.07986498294389,20.76244429348582],[107.07934618484936,20.762144840262845],[107.07897997360547,20.76202658418221],[107.07878923922574,20.762055193432037],[107.07864427973965,20.76213148827289],[107.07835436307785,20.7623680000284],[107.07800341109153,20.762541568290533],[107.07771349421364,20.76287344697927],[107.07744646552979,20.762806690325686],[107.07728624825245,20.762852465662714],[107.07640886840053,20.76369742187472],[107.07603502683055,20.763851917149143],[107.07584429185557,20.763964450263284]]],[[[107.09693956826982,20.76656035148484],[107.09692431038484,20.766695773248685],[107.09716082095673,20.766897952709744],[107.09745836777024,20.766909396128696],[107.09766436141355,20.766836916570384],[107.09815264282285,20.76640394830149],[107.09818315997084,20.76626089715615],[107.09811449531487,20.766114031096347],[107.09788561348775,20.76589850165271],[107.09754229048622,20.765661990345695],[107.09735155611635,20.765587603376805],[107.09725237294526,20.76561239924833],[107.09722185615794,20.76564673189968],[107.09723711517223,20.765709673557758],[107.09748125491092,20.766003405818207],[107.0975194028188,20.766180788224247],[107.09748888495251,20.766230380282277],[107.09726763264254,20.7662952294872],[107.09703112164634,20.766421114463338],[107.09693956826982,20.76656035148484]]],[[[107.07944536742998,20.768528736247408],[107.07994890734172,20.76855925299473],[107.08055162889154,20.768467701246106],[107.08091784013344,20.768511569741886],[107.0813527157115,20.768475329716505],[107.08145189748244,20.768452442142564],[107.0815358208328,20.768297946495043],[107.0815281913564,20.768202579162914],[107.08132982706576,20.768030918393876],[107.080894951886,20.76787642180687],[107.08064318205814,20.7677429080118],[107.08006334864632,20.767617022795957],[107.07978105994928,20.767668520754192],[107.07919359734169,20.767542636525373],[107.07896471474714,20.767582690726307],[107.07837725114744,20.767002857049874],[107.07827806897079,20.76665953434908],[107.07825518155401,20.76632193275281],[107.07811022315195,20.766136920208076],[107.0777058650536,20.765978610850873],[107.07711840134078,20.765970980734313],[107.07673693219762,20.765587604076654],[107.07660723233512,20.765558993625636],[107.0765385672595,20.765585696888632],[107.07623339224165,20.765917574709057],[107.07604265748532,20.765999591033527],[107.07534838235676,20.765986239733916],[107.07519579432959,20.765839374246465],[107.07505083496144,20.765349185142792],[107.07504320600296,20.76505736081148],[107.07515764716423,20.764729297420466],[107.07547045162751,20.764328753753244],[107.07548571109407,20.76417998094413],[107.07531786413328,20.764092243473822],[107.07436418990618,20.764029299617675],[107.07426500836266,20.764136111871885],[107.07424212037023,20.764258182476766],[107.07443285447653,20.764515674055627],[107.07448626012695,20.764748370972956],[107.07445574279652,20.764885700271133],[107.07431841364631,20.764965808205964],[107.07382250350929,20.76503637991561],[107.07373858006176,20.7651317480293],[107.07376909754487,20.76541212856776],[107.07401323847303,20.765906130709368],[107.07418108398343,20.766043459926227],[107.07454729543032,20.766102588291258],[107.07503557713311,20.76605871944156],[107.07518816422663,20.766098774306627],[107.07524919996526,20.76616743789319],[107.07523394099427,20.766220844493194],[107.07469988266546,20.7663429140318],[107.07457018427026,20.766428745265753],[107.07447863130439,20.766547000346083],[107.07447100084147,20.766690052472672],[107.07451677771019,20.76686361991457],[107.07444048433352,20.76703528191915],[107.07444048410947,20.7671554456274],[107.07460833142422,20.76732901280986],[107.07512712926312,20.767708576569753],[107.07540178851974,20.768091953617546],[107.07561541092683,20.768860614617072],[107.07559252201136,20.76915243946401],[107.07563066932475,20.769322193593613],[107.07578325730063,20.76940993081128],[107.07585192229098,20.769366061802156],[107.07591295767901,20.769234455662446],[107.0758900695792,20.768683231299597],[107.07594347492076,20.76859358612024],[107.07605791508703,20.768576419014327],[107.0762257624307,20.768786228322686],[107.0763707209486,20.768767154543696],[107.07651567887713,20.7686221965534],[107.07655382621462,20.768475330521788],[107.07642412614632,20.768191135180597],[107.07647753231315,20.768025196230443],[107.07659960199175,20.767924106134227],[107.07681322580312,20.767895496468938],[107.0774617241232,20.76792982834236],[107.07782030618938,20.767988956023878],[107.07838488161764,20.767918384179115],[107.07944536742998,20.768528736247408]]],[[[107.07315111637635,20.76761702336865],[107.07324266910078,20.767588412852707],[107.07347918042707,20.767432010039407],[107.07354021483923,20.767208850609258],[107.07344103346898,20.76713064963243],[107.07323503870279,20.76713827957683],[107.07312059886479,20.767224109638356],[107.07303667472242,20.767390048870624],[107.07307482187665,20.767575061410795],[107.07315111637635,20.76761702336865]]],[[[107.0857396176046,20.77444723834289],[107.08604479307056,20.774189746268494],[107.08615160476745,20.77405623183617],[107.08622789847708,20.773546970150374],[107.08618212264075,20.773342884270093],[107.08589983428142,20.773054873868702],[107.08586931730352,20.772938526281013],[107.08593035224844,20.772837435757033],[107.08631945134485,20.772574222031125],[107.08641100426851,20.772461688662688],[107.08645678009617,20.772127903513447],[107.08628893460276,20.771866596520063],[107.08599138706472,20.771637713972403],[107.08584642939246,20.77157095731757],[107.0858769460484,20.771425997720442],[107.08634996912987,20.770661151456117],[107.08634996912694,20.770455157745346],[107.08609819920503,20.770256793653324],[107.08612108714193,20.770176685290647],[107.08617449370273,20.770071781404116],[107.0863804859864,20.76997450580954],[107.08755541289021,20.769652163684693],[107.08761644872841,20.7694938535267],[107.0876469660921,20.769058978779658],[107.08773088887081,20.76876334005145],[107.08782244281103,20.768667971943533],[107.08804369439292,20.768645083460957],[107.08834887073138,20.768862521887495],[107.08886003936443,20.76887778022404],[107.08895159282713,20.769236362022184],[107.08894396298038,20.769520557109512],[107.08886766929899,20.769713199213932],[107.08866930495125,20.769831454998155],[107.08835649961405,20.769835269205686],[107.08795977099433,20.769776142309414],[107.08770037271191,20.769810474383398],[107.087204461222,20.77012327926174],[107.08692217293729,20.77040175175496],[107.08685350908793,20.770708835133473],[107.08720446150866,20.771425998297666],[107.08714342631632,20.772072588926367],[107.08731890215176,20.772429263651674],[107.08743334347149,20.772576129102173],[107.08744097241053,20.773051058736975],[107.08754778489649,20.773314273082526],[107.08777666577205,20.77333334722484],[107.08840990563165,20.77291373007467],[107.08879137557669,20.772740161455772],[107.08903551621691,20.772545611921878],[107.0891270686542,20.7718894843759],[107.0893788388843,20.771569049168598],[107.08960772061562,20.771471774537808],[107.09011888996677,20.771069324036198],[107.09043932474619,20.771086490006716],[107.09069872476364,20.771240984853144],[107.09086657032881,20.771513736274077],[107.09085131112339,20.7716510651334],[107.09058428368384,20.772347248048884],[107.09054613646515,20.772665775458808],[107.09039354825222,20.772999561416107],[107.09017229573551,20.773262774785806],[107.0896840146723,20.773438250876215],[107.08953905645399,20.773581302188518],[107.08948565095773,20.773777758759838],[107.08951616738065,20.77416495133605],[107.08961535007683,20.77442816497166],[107.08985949083166,20.7746894717202],[107.09008074356566,20.774828708329462],[107.09024858941692,20.774843967277544],[107.0907673887316,20.774624622498937],[107.09214830925015,20.774607455828157],[107.09231615526389,20.774527347168487],[107.09245348474555,20.77437285182719],[107.09249163134521,20.774185931695165],[107.09243822679296,20.77381209115125],[107.09246111447985,20.77360419037259],[107.09260607290567,20.773417269666943],[107.0932393129245,20.773358142170956],[107.09356737664328,20.773236072094367],[107.09393358714236,20.772936618129176],[107.09439898039192,20.772269046226253],[107.09448290382507,20.772095477859004],[107.09449816243519,20.771881854774403],[107.0943989806813,20.77143934947397],[107.09393358702216,20.77128104018055],[107.09340715902536,20.77097967906827],[107.09306383608843,20.77087858870621],[107.09272814316161,20.770926272785143],[107.09219408580513,20.771101748597307],[107.09189653956193,20.7713745003477],[107.09171343392468,20.77141455353562],[107.09153795708689,20.77138975874125],[107.09129381643037,20.77123526254624],[107.0920262387595,20.770495211615078],[107.09225512025112,20.769926822273263],[107.09246874324622,20.769654071247885],[107.09304094798878,20.769421374631033],[107.09314013046996,20.769345080701147],[107.0931401299721,20.76921728893568],[107.09278154797906,20.768936907561013],[107.09236956173163,20.76899031339364],[107.09230089621151,20.768954073481513],[107.09223223195805,20.7688491699748],[107.0922398614696,20.768345629676958],[107.09220934430023,20.768172060695917],[107.0920567565864,20.768021380894748],[107.09166002736396,20.768030917837123],[107.09155321656141,20.76809576816724],[107.0914387757346,20.76827124347198],[107.09140062808564,20.768494402700494],[107.09146929249601,20.769074236541208],[107.0914082578169,20.769476687918157],[107.09125566936677,20.769642626828468],[107.09096575229609,20.76967886660124],[107.09075975906401,20.76962927605804],[107.09046221262311,20.769472872515525],[107.0902257017512,20.769121920958295],[107.090164666521,20.768835818722735],[107.09019518404195,20.768338000695937],[107.09074450054207,20.768105303410675],[107.09079790633504,20.76805189865425],[107.09079027588352,20.76795653110612],[107.09060717127475,20.76782683046791],[107.09040880732377,20.767855441952317],[107.09001207856976,20.768061435102492],[107.08991289615352,20.76807860077304],[107.08977556686946,20.768042361682024],[107.08966875510686,20.767954624268288],[107.08963060795327,20.76762083736406],[107.08969927340196,20.76726034884928],[107.09001207788114,20.766960894526402],[107.09043932422122,20.76666525560161],[107.09102678834427,20.766001498566506],[107.0913167052119,20.76594046341737],[107.0924305965716,20.766302859306528],[107.09252214949638,20.76648024295859],[107.09274340167887,20.766529833317165],[107.09332323517026,20.766556536476227],[107.09374285206847,20.76689413812311],[107.0946049742357,20.768032824530437],[107.09511614354375,20.768126284799557],[107.09526110244018,20.76822546696332],[107.09528399071466,20.768368517571712],[107.09514666138337,20.76885107752433],[107.09519243711087,20.76924780547259],[107.09527636088914,20.769352710086924],[107.09536028428687,20.769371783493668],[107.09548235468054,20.769333637090185],[107.09576464251478,20.76911810608288],[107.09600115312054,20.769015109868608],[107.09600878277453,20.768770969068314],[107.0958333063085,20.76828650133354],[107.09572649561957,20.76821402269536],[107.09558153676328,20.768215929656627],[107.09553576058336,20.768158709845068],[107.09548998387463,20.767546450777093],[107.09511614320857,20.767397677504484],[107.0949864430869,20.767281329926334],[107.09487963231547,20.766991412932626],[107.09437609190019,20.766903674824288],[107.09375811094795,20.76619604719441],[107.0931325001967,20.765806948324986],[107.0928502137543,20.765789783069447],[107.09237719003337,20.76583365172103],[107.09165239830281,20.765661990787287],[107.09156847540055,20.76558951031996],[107.09149981032395,20.765452182017206],[107.0914921811153,20.765059268302515],[107.09156847540346,20.76493147575399],[107.09174395087184,20.76485136807803],[107.09200335074895,20.76482657192732],[107.09252214970243,20.764973437515373],[107.09281206677021,20.765112673822653],[107.09326220001557,20.765255724338786],[107.09351397044762,20.765204226555085],[107.09362841164402,20.765093600543654],[107.09369707635483,20.764942919952993],[107.09365892963069,20.764847552848693],[107.0935216002147,20.764735018887603],[107.09288073069366,20.764487063555134],[107.09260607184767,20.764317309413915],[107.09229326707205,20.764056002174076],[107.09151506963185,20.764092243022045],[107.09094286403182,20.764004504849563],[107.09075212968622,20.763878619791512],[107.08982134334889,20.76363638581868],[107.08942461549816,20.763630663988412],[107.08921099175738,20.763676440437486],[107.08898973884243,20.763478075199266],[107.08880663372474,20.763226305215593],[107.08858538126128,20.763148104433597],[107.08833361150573,20.763119494811736],[107.08786058888573,20.76322058338063],[107.08709001989585,20.763954913808973],[107.08696795019647,20.764120852564407],[107.0864262630297,20.76423338705673],[107.08591509314986,20.7645881523418],[107.08562517643992,20.7652538179582],[107.08525133665697,20.765475071246982],[107.08515215439961,20.765808856924963],[107.08495378938339,20.76592901850353],[107.0847477966965,20.766005313238963],[107.08444262064567,20.76595572226919],[107.08407640914277,20.765976702715964],[107.08380938033912,20.76583555858986],[107.08358812848077,20.76586035521132],[107.0835042053927,20.765978610628018],[107.08346605846783,20.766115939862278],[107.08350420542246,20.76628378630792],[107.08392382125575,20.76646498417459],[107.0839619678609,20.766602313466965],[107.08389330418254,20.76691893311971],[107.08396959786401,20.767172610890132],[107.08417559104447,20.767487323156285],[107.0842061088873,20.767878329765846],[107.08393908007294,20.768088138039364],[107.08356524013156,20.768219745301533],[107.0833592466058,20.768376147744608],[107.0832219173801,20.768610751619427],[107.0831990288846,20.768912113036308],[107.08349657537687,20.76924589946322],[107.08403063374641,20.769367969238587],[107.08419085061745,20.769455707233387],[107.08425188561407,20.769587314207676],[107.08422899693103,20.769762790053857],[107.08416033248045,20.76990584122442],[107.0830311820703,20.769961153872604],[107.08258104854977,20.77005270745297],[107.08228350088339,20.770245349421586],[107.08225298471054,20.770954883396055],[107.08229876032013,20.771155154902274],[107.08248949494468,20.771448886430093],[107.08242846084667,20.77163962125306],[107.08204698997966,20.77219084553808],[107.08199358466919,20.772661960629282],[107.08166552013576,20.773226535566078],[107.08135271544897,20.773653781557133],[107.08111620416422,20.773836887421968],[107.0809407285299,20.773901737224296],[107.08049822347851,20.773934162464734],[107.08032274708268,20.774079119988706],[107.08022356573065,20.774248874454],[107.08011675313465,20.774313724388673],[107.08005571880464,20.774319446181092],[107.07977343130202,20.7741115453546],[107.07957506636419,20.774018085667922],[107.07946062500844,20.77405241762352],[107.07936144327877,20.774195468552428],[107.07934618516292,20.77433852002293],[107.0794606258596,20.774527347239037],[107.07991076072804,20.774622715510173],[107.08003283024696,20.774706637933303],[107.08007097702018,20.774796283255252],[107.0800709776723,20.774891650997837],[107.0799412772439,20.775025165782814],[107.07960558410096,20.775234973278394],[107.0794835141134,20.775406635009844],[107.07943010823982,20.775597370380247],[107.07944536729026,20.776140964767986],[107.07949114319779,20.776272571431974],[107.07957506676064,20.776329792872744],[107.07975054218254,20.77629545954972],[107.0802388246074,20.775704181815275],[107.08059740570766,20.775524890665515],[107.08073473467583,20.77540663529986],[107.08103228176789,20.774815356955642],[107.08115435172547,20.774719989472654],[107.08171892629632,20.77452734750633],[107.08224535400052,20.774447237998242],[107.08261156551353,20.774521625485015],[107.08319139965265,20.77522352958135],[107.08342028115348,20.775368488639877],[107.08366442281269,20.775439060292857],[107.08391619235408,20.775437152504026],[107.08420610904457,20.77537039534702],[107.08453417346908,20.774838244837884],[107.08469439035918,20.774676120253808],[107.0857396176046,20.77444723834289]]],[[[107.10022020816383,20.770649706512714],[107.10009050879432,20.770485675023185],[107.0998158509044,20.770334994933123],[107.09966326205786,20.77014807425357],[107.09909868725916,20.769737994518778],[107.09886217690081,20.769438540739248],[107.09886217636043,20.769331728985847],[107.09903765222342,20.76916388257101],[107.09948778603598,20.768988407016305],[107.09964800369676,20.768776691004952],[107.09965563313699,20.768629824969608],[107.09960985600392,20.768542086756774],[107.09949541523504,20.768528735419295],[107.09890795286104,20.768658434967946],[107.09877062363759,20.76861456540318],[107.09868670020565,20.76849249582206],[107.0987629941879,20.768070971561404],[107.09874773551144,20.76789740257677],[107.09870195869065,20.767817294651344],[107.09863329465516,20.767794405614474],[107.0982823424224,20.76793745721902],[107.09821367755683,20.767924106013876],[107.09816790152009,20.76763800399984],[107.09807634885676,20.767542635478634],[107.09800768416925,20.76754454352558],[107.09777117281148,20.7678363677376],[107.09762621472218,20.76832083427278],[107.0977482839705,20.768511569286154],[107.09790850101129,20.768616473559828],[107.09815264230244,20.76862982488927],[107.0983510062308,20.768734728238204],[107.09839678307861,20.76882055940097],[107.09841967146926,20.769051348844336],[107.09836626527161,20.76963881292544],[107.09835100616094,20.7697303650343],[107.09819841871011,20.769942080558895],[107.0981984186592,20.770264422387314],[107.09807634846919,20.770745074432625],[107.09807634889106,20.771115099870677],[107.09818316050323,20.771384036336762],[107.09806871982559,20.771578585412936],[107.09784746613197,20.771677767400508],[107.09757280894313,20.771693026354935],[107.09730577972005,20.77163008502344],[107.09701586287161,20.77171019308637],[107.09679461021331,20.772087847746217],[107.09674120465665,20.77228621175595],[107.09685564513721,20.772717273059282],[107.09677935126028,20.772902285839837],[107.09685564598811,20.772928989202292],[107.09713030334702,20.772751606208647],[107.09722948551835,20.772745882584577],[107.09795427866331,20.773052967132685],[107.09835863664973,20.773369585741644],[107.09899950527299,20.773697649560958],[107.09926653454906,20.773682392103037],[107.09945726977266,20.773583209613992],[107.09973192771324,20.77357557986183],[107.10005236197082,20.77367667013049],[107.10050249701912,20.773960864992684],[107.10067797271607,20.773981844614365],[107.10076189554427,20.77391508785793],[107.10080767120441,20.773821627491007],[107.10080767131889,20.77350882312484],[107.10089159519566,20.773354327914483],[107.10115862339303,20.77318457415465],[107.10116625393023,20.773102557579925],[107.10096788916324,20.77280882558907],[107.10083056044257,20.772747791154277],[107.10064745503898,20.77257422148321],[107.10057878931944,20.77232817385952],[107.10064745482228,20.772215640891467],[107.10093737140997,20.772061144763523],[107.10107470089392,20.771862780568892],[107.10105181289333,20.771681582755633],[107.100952630556,20.77154616069854],[107.10052538454545,20.771309649966074],[107.10043383160173,20.771221911677806],[107.10022020816383,20.770649706512714]]],[[[107.07565355870871,20.774294651873834],[107.07575274059498,20.774164951320312],[107.0757222221545,20.773325717252728],[107.07556200491622,20.773148334779915],[107.07536364108898,20.77302244913155],[107.07495165366015,20.772869861104915],[107.07487535958451,20.77274397677699],[107.07492113605562,20.772610462011446],[107.07521868230599,20.772368228190267],[107.07526445813468,20.77220419626929],[107.07517290623142,20.772053516700975],[107.07495165333492,20.771927630987097],[107.07478380744084,20.77194670415353],[107.07450151897406,20.772272861212407],[107.0743794493017,20.772295749837216],[107.0743031553487,20.77228049079597],[107.07408953223087,20.77211264485175],[107.07411242002331,20.771879947815453],[107.07419634299998,20.771736896359776],[107.07444811331919,20.771616732973285],[107.0749211366121,20.77154806912497],[107.07507372384012,20.771425998516555],[107.07534075236529,20.771067417357397],[107.07550096997232,20.77093962392839],[107.07569170533621,20.77092055134815],[107.0760884336218,20.771080767977164],[107.07612657997024,20.771063601881885],[107.07613420961371,20.77085188593956],[107.07589006883721,20.7701785920017],[107.07583666320753,20.770115649952203],[107.07563829931871,20.770149982270954],[107.07518816439472,20.7704627877273],[107.07375383850572,20.770458972496865],[107.07360888033513,20.770512377922717],[107.07346392133365,20.770636356412073],[107.07334185089952,20.770880497331966],[107.0733647390604,20.771128452390386],[107.0736165094677,20.771427906242362],[107.07363176818276,20.77149084858374],[107.07342577461766,20.77177695050292],[107.07328081590533,20.772106922477604],[107.07319689352205,20.772166050140005],[107.07288408722023,20.77220801122219],[107.07237291803773,20.77216032727328],[107.07217455393342,20.772185123095642],[107.07208300159894,20.772290027747385],[107.07205248317321,20.772455966362294],[107.072121148075,20.7728450669104],[107.07210588904763,20.772982395777564],[107.07180834376794,20.77345732578576],[107.07172441918829,20.773779666713544],[107.07173204977438,20.77397612317611],[107.07187700725332,20.774063861931584],[107.07254076555131,20.774077213145727],[107.07260942953033,20.774161136925095],[107.07252550656018,20.774918354492456],[107.07254839442892,20.775198735017845],[107.07270098276013,20.775355136837504],[107.07312059954819,20.77552489049364],[107.07369280356836,20.776135242986022],[107.07386827977601,20.776133335618276],[107.07415819654888,20.775965488722715],[107.07482958335078,20.77519682667147],[107.07490587773864,20.77489546554051],[107.07489824830897,20.774714267057167],[107.07467699507748,20.77447966308287],[107.07439470733831,20.774552143577093],[107.07419634383237,20.77510336651398],[107.07412004963984,20.775210178504675],[107.07399035077398,20.77525023215287],[107.07386064992359,20.775198734465203],[107.07372332140966,20.775078571971488],[107.07367754425552,20.774935520734196],[107.07379961574992,20.77477530289629],[107.0745472955249,20.774296558593544],[107.07479906542113,20.774262226204577],[107.07548571128707,20.774359500557328],[107.07565355870871,20.774294651873834]]],[[[107.09590960042874,20.773155962725447],[107.09540606081907,20.77296141413991],[107.09520769656505,20.772955691570147],[107.09494066783418,20.773114001792667],[107.09486437329474,20.77333143995836],[107.09487963211635,20.773422992163525],[107.09502459099829,20.773514544564872],[107.09536791316937,20.77357939510754],[107.09582567799615,20.77355841377739],[107.09608507682728,20.773478304729835],[107.09622240526446,20.773213183563595],[107.0961079649211,20.773161684468285],[107.09590960042874,20.773155962725447]]],[[[107.0770497369951,20.773367679589544],[107.07689714932042,20.77342299282542],[107.07666826704451,20.773365772695094],[107.0765385677245,20.773373400971487],[107.07648516246304,20.773453510105092],[107.0763630911939,20.77405241772443],[107.07618761584598,20.77424506055108],[107.07591295771144,20.774384296087078],[107.0758366637508,20.774460590802516],[107.07579088692692,20.77487257787099],[107.07585955150923,20.774992740498007],[107.07600451058006,20.774987018767852],[107.07622576210814,20.77465132569584],[107.07650805080351,20.774369037629572],[107.0769581839853,20.774189746684357],[107.0771870660695,20.773932254117344],[107.07768297734366,20.77372626118923],[107.07791185837186,20.77348402716964],[107.07837725095638,20.773161685790924],[107.07837725130211,20.77302435635103],[107.07832384630755,20.772898470942923],[107.0781636280919,20.772864139142523],[107.07786608257416,20.773035800301802],[107.07766771856357,20.773060596160374],[107.07746172397627,20.77302054219363],[107.07728624819103,20.773089206765327],[107.0770497369951,20.773367679589544]]],[[[107.09915972304057,20.775122439982564],[107.0989079521897,20.774956501241686],[107.09864855404791,20.774897373198343],[107.09839678367997,20.77494696358745],[107.09820604884979,20.775103365682245],[107.09808397736434,20.775358950649697],[107.09814501410536,20.77569845849651],[107.09825945457386,20.775929247812034],[107.09852648314029,20.776118075822506],[107.09874773529874,20.77615431475623],[107.09909868787689,20.77601889382636],[107.09931231115215,20.775652683005223],[107.09935808671565,20.77538946929632],[107.09915972304057,20.775122439982564]]],[[[107.07640886844729,20.775860584386688],[107.07624102149441,20.77572516282207],[107.0760502866756,20.775753772517948],[107.07586718146686,20.775946414405954],[107.0755543752124,20.77632979249107],[107.07549333998631,20.776552951549824],[107.07553148725611,20.7766693001678],[107.07563829942202,20.7767894636569],[107.07576799809775,20.77686194254329],[107.07607317432202,20.776890552726627],[107.07623339263124,20.77670363265004],[107.07630968524062,20.776322162643698],[107.07642412604653,20.776028430467864],[107.07640886844729,20.775860584386688]]],[[[107.09743547932304,20.777373111349043],[107.09771776812947,20.777462757032577],[107.09796190750619,20.777382648187977],[107.09812975469386,20.77730444669105],[107.09813738335804,20.777226245048297],[107.09787798471771,20.77685240497905],[107.0978398376949,20.776644504336314],[107.09795427827945,20.7762802006874],[107.09777880264377,20.776087558128108],[107.0973897040821,20.77583006612038],[107.09716845073751,20.77581862182677],[107.09713030373405,20.775856768708998],[107.09715319135329,20.775980747356833],[107.0974812559317,20.776455676691747],[107.09757280894677,20.77672461288243],[107.0975270328611,20.77684096059024],[107.09728289128292,20.777151858998398],[107.0972752626433,20.777237690290587],[107.09743547932304,20.777373111349043]]],[[[107.07800341129366,20.77680853666846],[107.07749224224183,20.777136600540945],[107.07753801880489,20.777205265350645],[107.07766771876189,20.777262485110896],[107.07780504703324,20.77725485644336],[107.07796526410057,20.777195728907497],[107.07856035768168,20.77680281473974],[107.07865191073184,20.77663687539667],[107.07861376378227,20.77658537650886],[107.07836199322927,20.776640689110838],[107.07800341129366,20.77680853666846]]],[[[107.09653521089109,20.793215550008867],[107.09619188962607,20.793185032072394],[107.09601641308954,20.793213642593244],[107.0957951598615,20.79352072595621],[107.09536028504544,20.793637073725066],[107.09509325640448,20.79387549241322],[107.09513140290102,20.794052875524834],[107.09525347311597,20.794129169700895],[107.09567309018573,20.794157779731982],[107.09612322458598,20.794033802768038],[107.09649706452304,20.793825902020053],[107.09669542910585,20.79355124285211],[107.0966801698426,20.793339527716505],[107.09653521089109,20.793215550008867]]],[[[107.09139299991129,20.817658224271792],[107.09133196488213,20.817440786390726],[107.09122515422138,20.817330159524193],[107.09111071316543,20.817312994044638],[107.09096575405033,20.81735114102138],[107.090897090137,20.817421713191077],[107.09088945957254,20.8175056357835],[107.09095812464001,20.817709721887805],[107.09087420147884,20.818129338833177],[107.09088945956665,20.818228521401455],[107.09095812449323,20.818270482897162],[107.09105730644809,20.8182628531564],[107.09114886002313,20.818213262184095],[107.09137774200882,20.81785849453988],[107.09139299991129,20.817658224271792]]],[[[107.07260943084668,20.81922034263062],[107.0723881785842,20.819308080503767],[107.072266107274,20.819422521938343],[107.07218981375443,20.819771566341608],[107.0722279608746,20.819882192492248],[107.07244158389754,20.819977560249416],[107.07257128329114,20.819971838880864],[107.07268572462877,20.819878378137574],[107.07280779495564,20.819672384674035],[107.07283068361168,20.819433965428303],[107.07272387127192,20.819239416184015],[107.07260943084668,20.81922034263062]]],[[[107.07289934791008,20.825169364212254],[107.07282305346233,20.825297156064234],[107.07283068363152,20.82543257823398],[107.0729146064185,20.82552413055115],[107.07315111745142,20.82549551948601],[107.0732655587134,20.825375357059023],[107.07340288789794,20.825314322159134],[107.0733952591179,20.82522276889136],[107.0733418531978,20.825156011548923],[107.07309008321347,20.825115957910974],[107.07289934791008,20.825169364212254]]],[[[107.74412583795281,20.157887211754367],[107.74371384978026,20.15730165537669],[107.74341630330096,20.156986943656584],[107.74248551781105,20.154841175776745],[107.7419285718189,20.153897038101647],[107.7409367506887,20.152914753103445],[107.74051713376672,20.152350177994144],[107.73999070581866,20.15150903738801],[107.73974656442385,20.15079187462798],[107.73956345905721,20.150088063569676],[107.73931168914866,20.149542560761223],[107.73912858370896,20.149342289061337],[107.73865556095566,20.149023761793867],[107.73829697963015,20.14886354484865],[107.73738145264369,20.148600331529572],[107.73712205183242,20.148407688260207],[107.7368397651278,20.148079625402374],[107.73655747735341,20.14749979159519],[107.73646592429763,20.147125950550624],[107.73622941288748,20.14657663452456],[107.7359852732307,20.146168461477924],[107.73559617412752,20.145287265812374],[107.73515366930371,20.144579640342744],[107.73478745841653,20.143742314053835],[107.73458909279016,20.143450489371723],[107.73426865873301,20.14321016295282],[107.73408555336873,20.143107167318846],[107.73392533591561,20.143072833763895],[107.73361253127388,20.14306520506036],[107.7326054513611,20.14321779289684],[107.73217057456101,20.14311288907184],[107.73074387855023,20.142132511158227],[107.7305989196881,20.141955128220097],[107.73043870244794,20.141588917387164],[107.73013352648789,20.140694370867806],[107.73007249179535,20.139994373808317],[107.73008775099964,20.139416446898856],[107.73013352710598,20.139168491525485],[107.73028611442155,20.13875459687812],[107.73045396226154,20.137854327603044],[107.73055314376924,20.1375186347872],[107.73069810216484,20.13633035682638],[107.73083543080625,20.135866870645415],[107.73181962244944,20.134163608246734],[107.73204850473894,20.133490314230407],[107.73210191114617,20.133150807008423],[107.7320866513333,20.132529010348826],[107.73198746919857,20.13185380968568],[107.73193406387948,20.13101266839385],[107.7318348816962,20.130539645746836],[107.73126267664826,20.12905954383053],[107.73075150704045,20.12821077299343],[107.73014115573889,20.12768053084],[107.72962998646302,20.127348651602457],[107.7288899356733,20.126616229134555],[107.72826432435852,20.125868549290836],[107.72782181891468,20.12516855213834],[107.72738694394066,20.124596347266948],[107.72710465661089,20.12404703174062],[107.72695206933088,20.123495807407185],[107.72657059928422,20.12271951611142],[107.72602128262365,20.120506992479807],[107.72592210058575,20.12021898224416],[107.72573899493467,20.119864215613912],[107.72504472039932,20.119408359497946],[107.72319077714374,20.11869119641538],[107.72224473214402,20.118479479887284],[107.7216877864546,20.11822961684597],[107.72111558253475,20.118071307551904],[107.72065018936746,20.11799882863973],[107.72013138977573,20.118056049663686],[107.71953629735266,20.118237247337238],[107.71890305715894,20.118592014570094],[107.71861314042829,20.118866671970412],[107.71806382440286,20.119553317576983],[107.71770524203646,20.119871845001615],[107.71649979761924,20.121245136234688],[107.71546219983391,20.122338046174757],[107.71482133116042,20.122784366472775],[107.71433305056455,20.12303232202655],[107.7134175235659,20.123421420246164],[107.71155595008128,20.12378763159091],[107.71019028886184,20.123902072537906],[107.70892380887746,20.123902072630333],[107.70774888243037,20.12413667648818],[107.7067723203629,20.124182452465977],[107.70574998091637,20.12407564185243],[107.70507859406199,20.12392496067468],[107.70332383367065,20.123299351271825],[107.70214890661119,20.122978915869574],[107.700607768862,20.12223314303389],[107.69902848494155,20.12110208538019],[107.69875382578489,20.12096475567279],[107.69822739770085,20.12078927975425],[107.69815110420714,20.120789279645006],[107.69745682849965,20.121369114088232],[107.6966252252174,20.121966114424694],[107.69576310401925,20.122326603318363],[107.69533585768161,20.122555484752564],[107.69413804252075,20.123091450371586],[107.69371842548777,20.123194446776633],[107.69348954421027,20.12319826219503],[107.69289445114052,20.12334703543031],[107.6924900932059,20.12339090458786],[107.69167374786439,20.123402348414498],[107.6907658502654,20.12330507339864],[107.68979691712069,20.123076191701564],[107.68933152380224,20.122914067752006],[107.68847703175022,20.122513523749486],[107.68821000248984,20.12243532222672],[107.68786667959493,20.122395268071166],[107.68749283971012,20.122475376640114],[107.68718003459642,20.122481099646162],[107.6870274467131,20.122446766309682],[107.68537186744426,20.12176202845854],[107.68486832765173,20.121666661074396],[107.6834950364698,20.12157510877817],[107.68266343269364,20.121655217512522],[107.68223618627613,20.121794453445432],[107.6811528127744,20.122513523543553],[107.68080186075322,20.122799626690874],[107.68030594998588,20.123043766422896],[107.679962627508,20.123085728464744],[107.67947434554392,20.123034230356087],[107.67923783462815,20.123125782577077],[107.67919968786815,20.123179188811825],[107.6791081342314,20.123417607382166],[107.67911576440137,20.123581639632807],[107.67917679965429,20.123739949245937],[107.67935227525525,20.123997441649212],[107.6800236625065,20.12463640247744],[107.68137406567622,20.12565683489082],[107.68238877509562,20.12631677788174],[107.68406724152534,20.12727617347176],[107.68481492287168,20.127794972645905],[107.68560838035178,20.128439656320914],[107.68704270603061,20.13005136566262],[107.68808793333037,20.131708851317647],[107.6881337093802,20.131966343949347],[107.68822526215762,20.13350557515204],[107.68827103835557,20.133738270623006],[107.68847703179728,20.13405679770714],[107.68865250812897,20.13420175702743],[107.6895451467948,20.134400120997434],[107.69014024018813,20.134653797791028],[107.69103287905814,20.13533853642819],[107.69275712238615,20.137081853134497],[107.69308518603381,20.13734506652659],[107.69364976154765,20.137623539609212],[107.6941990781365,20.138045063426336],[107.69445084800924,20.1382949265275],[107.69452714202475,20.138458958932034],[107.69461106496601,20.138952961632924],[107.69486283511787,20.13934778323644],[107.6950993461653,20.139582387017025],[107.69546555746582,20.13967775471367],[107.69644212006756,20.13977121447564],[107.69863175692932,20.140251867022812],[107.70069169326639,20.140900365240945],[107.7013249326329,20.141066304983063],[107.70206498453436,20.141331426018183],[107.7031102110759,20.14177583758749],[107.70367478671201,20.142138234442246],[107.70572709391887,20.1433074390221],[107.70676469138084,20.14401887935994],[107.70758866563745,20.144659748675306],[107.70853471054747,20.14531969211546],[107.7088856627229,20.14578317738582],[107.70931290881852,20.146166554574357],[107.71010636542094,20.14672540811603],[107.71072434705549,20.147103063145476],[107.71118211060552,20.147566548998526],[107.71185349774824,20.14806436646874],[107.71241807308337,20.14834856192677],[107.71356248162233,20.1487643638773],[107.71504258461289,20.14948534085562],[107.71635484056598,20.14991640191493],[107.71853684726331,20.150704137048173],[107.72040604892105,20.15181993593174],[107.72120713469137,20.15252756289682],[107.72155808842687,20.152941457055686],[107.72200059185803,20.153980962168237],[107.72214555157237,20.154204121857912],[107.722305768009,20.15434526571586],[107.72261857330406,20.154518833596438],[107.72429703993087,20.155153981420153],[107.72479295155563,20.155609837445596],[107.72518967960332,20.156405201433003],[107.72542619138262,20.156645527980476],[107.72577714335172,20.156811467452954],[107.72637223636775,20.15690683516815],[107.72666978279666,20.15699647983821],[107.72697495796801,20.15723299162977],[107.7271122876348,20.15739511625274],[107.7277684151346,20.158810369135008],[107.7285923896594,20.159926167899265],[107.72864579583985,20.16019128933397],[107.72867631390396,20.161028614704538],[107.72879075489746,20.161400548419255],[107.72887467712346,20.161490194329232],[107.72953843491872,20.161938420776075],[107.72984361013827,20.162052861960486],[107.73047685036276,20.1622073565384],[107.73086594978388,20.16236185238894],[107.731026166203,20.1625544942363],[107.7315449657486,20.16295885178564],[107.73194932376589,20.163353672857752],[107.73266648628871,20.163878194113646],[107.73343705559832,20.16420435073277],[107.73403977776792,20.164398899892188],[107.73523759294812,20.164610615587836],[107.73686265348847,20.164797535647757],[107.73757218802008,20.16491579230689],[107.73852586221483,20.16488146016519],[107.73960923568663,20.164765110672906],[107.7409291210603,20.1647250571778],[107.74150132605214,20.16472887214997],[107.74211167669631,20.16482042339634],[107.74270677026135,20.16522478160527],[107.74326371556477,20.165686360849364],[107.74362992678147,20.166023960870717],[107.74383592122192,20.166315786050852],[107.74404191353446,20.16668771924445],[107.74418687281309,20.167103521027826],[107.74468278253454,20.16890024298425],[107.7448811481635,20.169449559941672],[107.74523972904161,20.170201054998245],[107.7454533519861,20.170370808764066],[107.74570512167772,20.170391789692385],[107.74583482166041,20.170340291187163],[107.74604844455443,20.17011522348174],[107.74620103307217,20.169676533509044],[107.74642991450922,20.16730379187796],[107.74641465552969,20.166781179037965],[107.74623155019742,20.165915242559098],[107.74614762684752,20.165676823670797],[107.74595689205846,20.16536020359074],[107.74548386941098,20.164887181853786],[107.74520158152714,20.16417764761786],[107.74509477082034,20.16333650697759],[107.74506425302822,20.160677662543662],[107.74501084694475,20.160248509278443],[107.74469804127396,20.159146061688094],[107.74443864243823,20.158503285230303],[107.74412583795281,20.157887211754367]]],[[[107.16261339283562,20.61226537502931],[107.162559987349,20.612185266775867],[107.16246080530799,20.612288263018485],[107.16249132213365,20.61236074268945],[107.16255235738448,20.612366465484765],[107.16261339283562,20.61226537502931]]],[[[107.16337633258478,20.61334874909702],[107.16339922071303,20.613489892716064],[107.16343736791353,20.613539484060244],[107.16356706771201,20.613564279787706],[107.16375780242703,20.613497522541618],[107.16387224301144,20.613367823426742],[107.16391039059134,20.61325147447755],[107.1638493541068,20.613154200108113],[107.16362810205655,20.613119866859137],[107.16343736720432,20.613249566689202],[107.16337633258478,20.61334874909702]]],[[[107.16633653794806,20.61387899184253],[107.16636705517988,20.614140298739922],[107.16655778984214,20.61438634709678],[107.16673326517484,20.614392069459168],[107.16682481821451,20.61435582948243],[107.16687059516053,20.614271905694608],[107.16683244808713,20.614073541843986],[107.16667986038442,20.6138408454015],[107.16658830795267,20.613785532384743],[107.16642046078262,20.61378743926602],[107.16633653794806,20.61387899184253]]],[[[107.17284441038954,20.614289072234833],[107.1727223402957,20.614344385045857],[107.17261553006387,20.61447026984758],[107.17260027015055,20.614657190175013],[107.17272234106873,20.61481168560549],[107.17287492847275,20.614826943818848],[107.17294359338177,20.614794519693714],[107.17308092269678,20.61465146779363],[107.17312669892524,20.614542748976763],[107.17311906923693,20.614386346857298],[107.1729588517028,20.6142871644607],[107.17284441038954,20.614289072234833]]],[[[107.14738512153447,20.614216593176863],[107.14750719118445,20.61451413986879],[107.14771318554695,20.614783075490745],[107.14800310227655,20.615052012850754],[107.14859056579145,20.615454462433004],[107.14900255320599,20.616183069631333],[107.14933061784181,20.616505411300235],[107.14955949800604,20.616530207246807],[107.14984941535471,20.616444376672103],[107.1502537730208,20.616223124517933],[107.15082597869711,20.615778711173306],[107.1511616709744,20.61539342754755],[107.15139055321127,20.61481931544919],[107.1513829241962,20.61422040838814],[107.15155076994688,20.61389234404691],[107.15194749910307,20.61334302738711],[107.15197038690864,20.61315229230269],[107.15190935259442,20.612963465388454],[107.15176439338083,20.612774637338614],[107.1514439591611,20.61264112311964],[107.14887285368086,20.612728861105236],[107.14780473782864,20.612904337105135],[107.14757585669184,20.61301687192026],[107.14743089734866,20.613289621295156],[107.14732408650679,20.61391713944498],[107.14738512153447,20.614216593176863]]],[[[107.16726732314295,20.615359095421674],[107.16730547069814,20.61585119085406],[107.1673359888513,20.61599614916319],[107.16739702393238,20.61606481371021],[107.16761827517915,20.616146829764702],[107.16798448620602,20.61614110829532],[107.16821336882559,20.616070536111],[107.16833543887839,20.615967539366874],[107.16843462050727,20.61575200918316],[107.16837358572143,20.614752558333628],[107.16841173257451,20.614481713999403],[107.16864824491411,20.613610056213318],[107.1686253559931,20.613364007943716],[107.16845750986919,20.61328008524262],[107.1682515156695,20.613306788093674],[107.16809129833342,20.613455561242926],[107.16800737460858,20.613724497175678],[107.16803026395449,20.6141784457622],[107.16799974575845,20.61434819987764],[107.16783952901821,20.6146285803501],[107.16741228300704,20.61505582613138],[107.1673130997658,20.615196970515576],[107.16726732314295,20.615359095421674]]],[[[107.20735979236544,20.614695335987065],[107.20754289826353,20.61452367512831],[107.20765733856581,20.614212777318652],[107.20786333235944,20.61389997186552],[107.20809984382245,20.61375501392744],[107.20929765859582,20.61382367809188],[107.20959520539839,20.613707330047273],[107.20968675768769,20.613650109265365],[107.20970964580795,20.613283898305188],[107.20958757603253,20.6130874404398],[107.20940447042163,20.61295011198313],[107.20886278326152,20.61292913203807],[107.20835924250974,20.613047387082478],[107.20677995787672,20.613688255569247],[107.2062382711422,20.61377980945163],[107.20584917169957,20.61369970043084],[107.20554399553315,20.613478447990495],[107.20521593208413,20.613482263054912],[107.20510149187524,20.61370923730085],[107.20513200909252,20.613962915299027],[107.20528459722438,20.614241387218886],[107.20535326180773,20.614495065380993],[107.20535326211636,20.61472013216018],[107.20526933781362,20.615031029979544],[107.20512437991131,20.615231301412628],[107.20491838638542,20.615374352174996],[107.204521658078,20.615380075462436],[107.20388841805176,20.61502149337342],[107.20359087106186,20.614939477437602],[107.20281267277917,20.615006233735425],[107.20251512713415,20.615151192983546],[107.20239305709516,20.615294244322865],[107.20233965109404,20.615519311346024],[107.20237016832449,20.61574437831285],[107.2024617205814,20.615969445192828],[107.202644826847,20.616163995431236],[107.2027668967729,20.61621930835511],[107.20298052041778,20.61627271431243],[107.20366716490953,20.616234567611365],[107.2039113056109,20.61634519277358],[107.20403337627157,20.616568352778973],[107.20415544692332,20.617018486875125],[107.20434618196869,20.61746671438575],[107.20452928674678,20.61757734021445],[107.20470476347438,20.617575433009673],[107.20479631617413,20.617432382364676],[107.2048726101542,20.616839196595304],[107.20496416218288,20.61669805236683],[107.20517015603251,20.616526390724264],[107.20630693570271,20.61648442934439],[107.20652055885509,20.616452004036635],[107.20658159358818,20.616394783729064],[107.20651292979426,20.61597326017228],[107.20623064209828,20.615414407319317],[107.20616960685909,20.615189340204196],[107.20623064187232,20.615019586226104],[107.20631456497061,20.614933754753825],[107.20664262883493,20.61481740726231],[107.20712328118097,20.614783074233472],[107.20735979236544,20.614695335987065]]],[[[107.21067095040846,20.615917947242423],[107.21073198499582,20.615820672378884],[107.2108693144749,20.615683343225356],[107.21112871302817,20.615534569791095],[107.21115160099428,20.61538198182843],[107.21107530752931,20.615284706644797],[107.2107853908219,20.615185524776017],[107.21037340330662,20.615198876399308],[107.21008348566484,20.61529042868974],[107.20998430416067,20.615412499193937],[107.20989275076886,20.615719583448026],[107.20993852841845,20.61597516680076],[107.21033525566513,20.616188789683],[107.21057176703462,20.6161926048935],[107.21063280276792,20.616144921030855],[107.21067095040846,20.615917947242423]]],[[[107.14660692319315,20.615690973222424],[107.14654588808997,20.61573293575981],[107.14653062936198,20.61579587842341],[107.14660692348228,20.61588552378809],[107.14673662251056,20.61589887502914],[107.14677476969494,20.615814951757518],[107.14668321706608,20.61570432535123],[107.14660692319315,20.615690973222424]]],[[[107.21245622796323,20.615662362166297],[107.21237993450147,20.61556699499131],[107.21203661085514,20.61546590473068],[107.21183061770635,20.615484979232942],[107.21161699503261,20.61555173568946],[107.21149492385364,20.615633752380415],[107.21146440676547,20.615900780847102],[107.21154070081533,20.615996147536052],[107.2118916535211,20.61616780953852],[107.21218919955105,20.616173531902515],[107.21243334045926,20.61606481327255],[107.21249437505986,20.61594274191492],[107.21245622796323,20.615662362166297]]],[[[107.13792467192535,20.616566446638522],[107.13785600721276,20.616101054341545],[107.13764238392591,20.61593511521442],[107.13745927969104,20.615860728337786],[107.13713121554123,20.6158645426205],[107.13699388642287,20.615998056685005],[107.13698625607016,20.616215494990907],[107.13729143189394,20.616600780034833],[107.13740587357051,20.616884975286965],[107.13769579027004,20.617089060956488],[107.13784074845572,20.61714055862268],[107.13800096625432,20.61712911497966],[107.13807726037777,20.61705663586099],[107.13807726070917,20.61699560095307],[107.13792467192535,20.616566446638522]]],[[[107.17051744584462,20.615345743200802],[107.17022752887421,20.615366724397973],[107.16980791193218,20.6155059607385],[107.1681141863763,20.61633565697028],[107.1679234516774,20.616488245187206],[107.16769456955576,20.616904046890664],[107.16767168130245,20.617110041392674],[107.16770982886621,20.61754491615006],[107.16778612308416,20.617670801241953],[107.16801500456572,20.617857721016954],[107.16814470343768,20.61791303520148],[107.16841936283433,20.61790159039373],[107.16905260179404,20.617512490895436],[107.16915941346889,20.61739232848644],[107.16918993187691,20.617281702040113],[107.16916704279413,20.617106226237574],[107.1690831194629,20.61692502825265],[107.16904497242143,20.616703775344302],[107.16906023117697,20.61645009773488],[107.16911363751717,20.616362360053053],[107.16925096655048,20.616297510121242],[107.17044878205081,20.61599805609269],[107.17082262163079,20.615856913281224],[107.17094469150824,20.615792062895917],[107.17097520969284,20.615721490807722],[107.17097520920537,20.61557843992131],[107.17092180350136,20.615444925401736],[107.17070818050614,20.615336206821834],[107.17051744584462,20.615345743200802]]],[[[107.13002061911607,20.616226939053686],[107.130180835821,20.616427211212955],[107.13018083621219,20.61715963284106],[107.13004350704199,20.617665079773964],[107.13008928396239,20.617731837259317],[107.13021898356516,20.61779859539136],[107.13066148867141,20.617806223705703],[107.13116502842605,20.617745189557127],[107.13129472827465,20.61770322699001],[107.13136339187209,20.617579250569925],[107.13136339245389,20.61715963323982],[107.13130235710925,20.61686208621379],[107.13094377636874,20.616106776103525],[107.13086748257962,20.615700510749363],[107.13079118852261,20.61559179179702],[107.1306767468017,20.615525034914995],[107.13018083628225,20.61545064834158],[107.12967729638329,20.615456370113417],[107.12954759727607,20.615511684318488],[107.12947893175263,20.6156623641198],[107.12947893246397,20.615771083163416],[107.13002061911607,20.616226939053686]]],[[[107.20856523679805,20.616614128660327],[107.20850420192205,20.616520669210434],[107.20844316651868,20.61650350319293],[107.20831346727685,20.616541650047477],[107.20824480195328,20.616610313697464],[107.20814562014318,20.616867806443103],[107.20814561970393,20.617018486884337],[107.20821428475334,20.61718824144384],[107.20839739048749,20.617337014278007],[107.20850420171422,20.617356087805423],[107.20857286630442,20.617316032965398],[107.20859575451587,20.617211128852304],[107.20852708969338,20.616843011319336],[107.20856523679805,20.616614128660327]]],[[[107.20641374739024,20.61768605889405],[107.2065510766464,20.6177222993071],[107.20691728717114,20.617716577319392],[107.20706987480466,20.617628838858064],[107.20706987540298,20.617544914940943],[107.20690202939541,20.617375160821343],[107.20654344694589,20.617333199794306],[107.20629930703058,20.61740186438555],[107.20628404784043,20.61757352558501],[107.20641374739024,20.61768605889405]]],[[[107.14187669835913,20.615372446509713],[107.14179277545705,20.61540105648283],[107.14144945241445,20.615841654631833],[107.14111375963266,20.6165797985183],[107.14094591194377,20.616827753824854],[107.1408085831125,20.617317942774328],[107.14070940121803,20.619007854118042],[107.14057207272674,20.619280603846306],[107.14045763091649,20.619391230660433],[107.14034319062795,20.61941984088915],[107.14002275511173,20.6193416400296],[107.1396718033419,20.61896589195136],[107.13925218655072,20.618208674741066],[107.13910722880865,20.61804654951437],[107.13896226898085,20.617913035535878],[107.13852739408136,20.617810039314577],[107.13832140041671,20.61786725921639],[107.13803911304363,20.618088511728892],[107.13685655624194,20.61942174783089],[107.13677263337648,20.61958768835264],[107.13680315166337,20.61972310904053],[107.13691759275373,20.619885233734536],[107.13712358562317,20.619963435349614],[107.13778734324222,20.620037822029143],[107.13973283862788,20.620039728645605],[107.14041948422421,20.619976787023376],[107.1407704364982,20.61986425286878],[107.14125871772644,20.619530466511648],[107.14209032115443,20.61919477361582],[107.14298295994371,20.618992594744388],[107.14321184221245,20.618799952850612],[107.14326524824739,20.618498592057712],[107.14327287763443,20.617968348492276],[107.14324236055496,20.617588785462203],[107.14318132558121,20.617344646190944],[107.1429982196142,20.617100504834067],[107.14244890377712,20.616699961921352],[107.14226579705284,20.61651113404545],[107.14222765054113,20.61583211791057],[107.14216661516456,20.615614679339416],[107.1419911391959,20.615399149785866],[107.14187669835913,20.615372446509713]]],[[[107.20914507098577,20.617556358771296],[107.20910692422139,20.617594506125553],[107.20908403620389,20.617737556999103],[107.20916795927968,20.61785009086906],[107.20995378633285,20.618105675742456],[107.21026659170599,20.61809232401984],[107.21035051501971,20.61805227047044],[107.2103962914589,20.617966438889272],[107.21036577456195,20.6178252951299],[107.21028185029634,20.617777611915994],[107.20939684096763,20.61754300843861],[107.20914507098577,20.617556358771296]]],[[[107.13620042972619,20.621239451870288],[107.13647508735349,20.62151029506023],[107.13678789256687,20.621758250398294],[107.13700151534249,20.621828822486385],[107.1374592795205,20.621823100092783],[107.13805437173025,20.621742991724297],[107.13847398824899,20.62150648040123],[107.13871049973986,20.62125089645367],[107.13880205247047,20.62102773604243],[107.13880205235301,20.620617656090385],[107.13867235287066,20.620503215504325],[107.13855028233034,20.620484140711852],[107.1383290301398,20.620518474206964],[107.13817644285899,20.620678691225326],[107.13803911355639,20.620732097091665],[107.13725328556983,20.62069967253022],[107.13633775792495,20.620585230901096],[107.1360478413357,20.620651987816853],[107.13600206454112,20.620735912431098],[107.13600969451751,20.62090566631491],[107.13620042972619,20.621239451870288]]],[[[107.13349199459954,20.622053889549132],[107.13357591732132,20.622011928679157],[107.13364458151845,20.621897487633362],[107.13361406485102,20.621739177164194],[107.13353013991114,20.621697214877265],[107.13344621759354,20.621725825530504],[107.1333699231517,20.621884135213005],[107.13340044159413,20.622038630865013],[107.13349199459954,20.622053889549132]]],[[[107.1353001602464,20.62186506225173],[107.13515520264168,20.62186696877965],[107.1348881729756,20.622397212052118],[107.13476610201968,20.624167232667606],[107.13482713868504,20.624409465109483],[107.13501787226622,20.624617366187145],[107.13519334820256,20.62466886397402],[107.13553667117712,20.62469175322884],[107.13594102916464,20.624659328065967],[107.13623094654444,20.624575404153457],[107.13686418602886,20.624130992100383],[107.13742876194455,20.62349775248323],[107.13757372075968,20.62327840750964],[107.13765764342716,20.623005656258652],[107.1375966082434,20.622706203126747],[107.13729906144452,20.622465877623483],[107.13721513816321,20.622439173876643],[107.13698625639503,20.622496393846824],[107.13649797579204,20.6230190085371],[107.13607072924502,20.62332418429914],[107.13592577024704,20.62338140418115],[107.13584184762578,20.62335470158308],[107.13563585298743,20.623139171249655],[107.13559007713903,20.62216070114385],[107.13547563663046,20.62197187346158],[107.1353001602464,20.62186506225173]]],[[[107.20262193821581,20.623556878897034],[107.20265245576442,20.62390401626345],[107.20272874978511,20.624186303210745],[107.20283556100463,20.624285485614365],[107.20293474443616,20.624275949837486],[107.20301103763298,20.62422826561974],[107.20309496133675,20.624071862256457],[107.20307207371029,20.62359502559947],[107.20299577921762,20.623432900360378],[107.20274400905586,20.623417642860282],[107.20262193821581,20.623556878897034]]],[[[107.15794420373115,20.62676885510942],[107.1577687276874,20.626557139443317],[107.15742540506768,20.62591817824293],[107.15722704036865,20.62574079398705],[107.15708208185713,20.625801829006786],[107.15694475321821,20.626312998855177],[107.15685320085657,20.626368311744578],[107.15673875992886,20.626360683073603],[107.15663957750354,20.626299647154973],[107.15642595362871,20.626032618641286],[107.15625810729576,20.625944880566742],[107.15560960889728,20.625918177489254],[107.15550279785322,20.62582090250565],[107.15549516796838,20.625750330705703],[107.15551805705614,20.625597742880405],[107.15563249708855,20.625416544843315],[107.15600633729767,20.625071314881094],[107.15612840804347,20.624899653820062],[107.15631151336049,20.624253062090837],[107.1567692762521,20.623835352998903],[107.15699052957531,20.623814372108615],[107.15714311776624,20.623865871124107],[107.1572194102931,20.623945978680602],[107.15728807586339,20.624222544958],[107.15729570465942,20.62480428594161],[107.15734911039308,20.625090387993918],[107.15741014533702,20.625242975849154],[107.15767717458077,20.625614909051176],[107.15841722545335,20.626164225509445],[107.15863084878544,20.626242426730315],[107.15878343669705,20.626259592548287],[107.15905809616888,20.626215724142806],[107.15927171840045,20.626133707494326],[107.1596531879592,20.625826624577012],[107.15993547624714,20.625742701974715],[107.16017198646095,20.625719813188926],[107.16107225567607,20.625828531970317],[107.16207933579263,20.62583616159566],[107.1622242933648,20.625693111131127],[107.16222429404854,20.62555196648624],[107.1621174829273,20.625391749489182],[107.16189622966925,20.625233439670463],[107.16104173822693,20.625082758351425],[107.16086626173164,20.62500455737735],[107.16010332294815,20.624289301284694],[107.15971422364244,20.62403180947876],[107.15937090072981,20.62393644255345],[107.15862321970235,20.62390592473328],[107.15834093156332,20.623848703840903],[107.15792894439653,20.623532084903907],[107.15790605631904,20.623350885788373],[107.15805101552951,20.62312581908519],[107.15841722566186,20.6230418960347],[107.1587605489138,20.623137262283503],[107.15904283661446,20.623295572643112],[107.15951585845903,20.62345006846234],[107.15992021711963,20.623526362313083],[107.16082048595011,20.62353589866585],[107.1619420064141,20.623682764449224],[107.16215562970656,20.623659876849352],[107.1624913226237,20.623474863575876],[107.16253709878116,20.623291758208634],[107.16244554648591,20.622990397406802],[107.16200304134223,20.622231272415153],[107.16191911853166,20.621178415176114],[107.1617817888833,20.620756891735372],[107.16084337333483,20.619881418526596],[107.16058397402715,20.61970403589277],[107.16028642727458,20.61966588825504],[107.15990495736649,20.61987378926771],[107.15780687424555,20.621512201867557],[107.15650987773088,20.62227323502672],[107.15560197932818,20.622618464427383],[107.15541124437979,20.622902659396047],[107.15546465107995,20.6232841284492],[107.15534257936474,20.623749521697846],[107.15462541682137,20.62452581265961],[107.15441179401736,20.624911097870665],[107.15433549943522,20.62521436567972],[107.15434312935558,20.62592008464756],[107.15444994080491,20.626160410973444],[107.15480852286946,20.62650754767772],[107.15492296337307,20.626749782220447],[107.15503740438008,20.627413538660964],[107.15534257954494,20.62795331911518],[107.1559987076453,20.628618982545916],[107.15650224762352,20.62901189688771],[107.15690660609923,20.62913968998183],[107.15708208216212,20.62910345013974],[107.15727281734368,20.628903177570905],[107.15726518802465,20.628475931752067],[107.15710497096443,20.628229884199342],[107.15698289952347,20.628149775781242],[107.15668535393681,20.628103998504223],[107.15663194762298,20.62805440817302],[107.15657854172343,20.62797239181902],[107.1565709128672,20.627808359633335],[107.1566243189779,20.62770917819058],[107.15681505344376,20.62757375635356],[107.15716600615504,20.627455500768974],[107.15751695762522,20.627400188178164],[107.15788316896463,20.627232340579308],[107.1579670918499,20.627163676045658],[107.15802049749138,20.627049234934855],[107.15794420373115,20.62676885510942]]],[[[107.14600420152965,20.62573698031825],[107.14598894268298,20.625841884333997],[107.14605760642986,20.625914363100367],[107.14612627200323,20.625912456104807],[107.14631700645863,20.625845698114933],[107.146378041364,20.625771312098106],[107.14637041118255,20.625691203498832],[107.14625597203175,20.625643520146912],[107.14614153049062,20.625645426912552],[107.1460499777506,20.625695018316865],[107.14600420152965,20.62573698031825]]],[[[107.13439989120101,20.627674846293676],[107.13449907423113,20.62760427488975],[107.13459062621641,20.627339152122943],[107.13453722184525,20.62688138988876],[107.13427782110998,20.626164226850538],[107.13421678623878,20.625588206427796],[107.13409471694253,20.62547758033015],[107.13389635184716,20.62549283962174],[107.13373613433254,20.625708369083878],[107.13360643446345,20.62599637910298],[107.13333940673287,20.626740245770172],[107.13335466443199,20.626889018422613],[107.13339281198161,20.626976756141023],[107.13369035878621,20.62725904427935],[107.13400316363608,20.627655772530083],[107.13417101028655,20.6277110857592],[107.13439989120101,20.627674846293676]]],[[[107.16088152093755,20.626858500777985],[107.16077470874338,20.626860407342765],[107.16066789781684,20.62692335003249],[107.16038561029572,20.627201822462826],[107.16012621121273,20.62750318346737],[107.1600193986338,20.627699640871185],[107.16000414098413,20.627812175267035],[107.16001177011901,20.627894191207847],[107.16027116894895,20.628239420507175],[107.16049242194404,20.628460673121786],[107.16067552676921,20.628489283434384],[107.16085863258168,20.628435877660664],[107.16117906733949,20.628186014543566],[107.16165971846134,20.62812879471313],[107.1617360133068,20.6280658515743],[107.1618428251134,20.62785985888553],[107.16184282458079,20.62777784302984],[107.16179704825788,20.627716807155803],[107.16167497756508,20.627657680031664],[107.16155290763338,20.62765958718241],[107.16120958473601,20.627775935074446],[107.16108751506235,20.62775686220531],[107.16104173751188,20.627552775859616],[107.16114855014673,20.627255228818555],[107.16114091985087,20.627018717332895],[107.16103410883434,20.62691762756601],[107.16088152093755,20.626858500777985]]],[[[107.13295030687674,20.651751309376603],[107.13302660112136,20.651726513723673],[107.13306474831771,20.651642590293783],[107.13308000694009,20.65129926761272],[107.13314104239038,20.65111997658809],[107.13312578461512,20.650995999992407],[107.13303423137938,20.650866299425793],[107.13256883818036,20.650849133994974],[107.13237047454557,20.650793820285045],[107.13198900392858,20.650593548468766],[107.13161516368575,20.650631695753923],[107.13143205825199,20.650683193640255],[107.13133287646387,20.650765209330952],[107.13127947069924,20.650946407580072],[107.13130235862407,20.651028423257163],[107.13146257628355,20.651163845564778],[107.13267564954953,20.651722698221622],[107.13295030687674,20.651751309376603]]],[[[107.13194322717135,20.652008801414677],[107.13181352867814,20.651875286495812],[107.13157701614125,20.65188863846851],[107.13129472974413,20.65215948196435],[107.13121843547427,20.652304440868832],[107.13120317651949,20.652600079808266],[107.13123369475576,20.65267637353552],[107.13135576386995,20.6527412240498],[107.13150835275916,20.65270116845237],[107.13167619966954,20.652594357212028],[107.13204241000325,20.65261915238286],[107.13201952108247,20.652226238840797],[107.13194322717135,20.652008801414677]]],[[[107.13659715874462,20.653979092999517],[107.136482717602,20.653980999812305],[107.1363682765305,20.654053478336277],[107.13627672482903,20.65429189804168],[107.1362614654109,20.654469280548717],[107.13629961258074,20.6546008875787],[107.13644457080119,20.65468481151254],[107.1365284942917,20.654682903401554],[107.13668871115371,20.65456083334472],[107.13678026441032,20.65438535734643],[107.1367573755072,20.654118328420576],[107.13668871160515,20.65402105375024],[107.13659715874462,20.653979092999517]]],[[[107.1051106504311,20.771492754241333],[107.1050038387687,20.771975314583404],[107.10499620949624,20.7724616883541],[107.1050496157961,20.772574221570267],[107.10522509161112,20.772667681891978],[107.10539293785911,20.772654330228825],[107.10546160232924,20.77260664663822],[107.10553789662019,20.77243689250463],[107.1056675967852,20.77191046498396],[107.10594225486993,20.771675860502725],[107.1061253595184,20.77138403642058],[107.10614061899305,20.77098540034542],[107.10601091815313,20.77038267864528],[107.10610247144436,20.76986387911987],[107.10585070196278,20.76957014740398],[107.10547686163146,20.76930502625871],[107.10528612612397,20.76933745015643],[107.10511827977626,20.769532000422064],[107.10491991520676,20.76986197111414],[107.10489702779296,20.77015570371181],[107.10495043365351,20.7708747737448],[107.1051106504311,20.771492754241333]]],[[[107.09996080975446,20.782835758148504],[107.09996081002178,20.782952105875726],[107.1004109437325,20.783425127931164],[107.10064745517074,20.783854282041307],[107.10073137766908,20.78388480048095],[107.1008381899564,20.783867633141334],[107.10101366622192,20.783703600914496],[107.10107470092862,20.783493792783513],[107.101219659474,20.783339298302316],[107.10150957659224,20.783203876353912],[107.10152483477768,20.78295592079053],[107.10141802380414,20.7825649138704],[107.10143328243507,20.78236273530146],[107.10150957675398,20.782170092836683],[107.1017460881127,20.781912601167292],[107.10176134661872,20.781750476446717],[107.10166979366252,20.781658924422295],[107.1013188420317,20.781655108952766],[107.10108995955684,20.781780994416895],[107.10058642014626,20.782374179564425],[107.1000294735805,20.78272703924995],[107.09996080975446,20.782835758148504]]],[[[107.10422564082815,20.786782061971852],[107.10424089972919,20.786728656003472],[107.10382128309799,20.786436832494626],[107.10381365394815,20.786391056107703],[107.1044697820937,20.785811222431075],[107.10452318742851,20.785725391076756],[107.10449267021104,20.78554228476995],[107.10418749450362,20.785584247145955],[107.10401964710066,20.785706317106914],[107.10366106601155,20.785847461664098],[107.1034092959543,20.786015307877722],[107.10334826067633,20.786154544275185],[107.10336352051672,20.78635100109369],[107.10352373704994,20.78651312660232],[107.1038746887991,20.78674010047138],[107.10408831220197,20.78680304322901],[107.10422564082815,20.786782061971852]]],[[[107.10378313630275,20.78760794399223],[107.10373735996262,20.787787234991516],[107.10380602417068,20.787884510483202],[107.10390520692685,20.7879741557836],[107.10417986487916,20.788010395367643],[107.10421801229235,20.788399494151818],[107.10446215253711,20.788553989620876],[107.1044774109318,20.78869131831813],[107.1042332699286,20.78910139821278],[107.1042180116766,20.789313114687832],[107.10440111699282,20.78960684500253],[107.10460711078824,20.78968313936842],[107.10482836323769,20.789681232049794],[107.1049885809841,20.78965262216228],[107.10507250461266,20.789519107368548],[107.10508013345962,20.788658893038132],[107.10520220393224,20.788368976472498],[107.10620165430917,20.78781775260394],[107.10637713046127,20.787663257483363],[107.10639238943715,20.787550724388097],[107.10557604439116,20.787428653333368],[107.10548449098013,20.78746298639003],[107.10520983324167,20.787802494131753],[107.10489702768105,20.78803709706866],[107.10479021648288,20.788050449507043],[107.1046452585717,20.787960803901566],[107.10429430629462,20.78754500272779],[107.10414934756298,20.787480152100343],[107.10383654248386,20.787543094330342],[107.10378313630275,20.78760794399223]]],[[[107.10491991582973,20.790266788390397],[107.10434008175045,20.790516651779654],[107.10352373735383,20.790678775776083],[107.10337114944254,20.7906406280455],[107.1030964916174,20.79048041113376],[107.10260820869617,20.79063109222709],[107.1024937688462,20.790632999384542],[107.10239458607344,20.79058722378523],[107.10232592245065,20.79020575347867],[107.10232592194929,20.78981856170051],[107.10221148066273,20.78945807228199],[107.10205889351617,20.789362705477302],[107.1017231998923,20.789431369607353],[107.10134935870812,20.78942374078994],[107.10116625411578,20.78962973435353],[107.10111284779445,20.789755619531046],[107.10130358277945,20.79011610782325],[107.10125017760605,20.79030684231368],[107.10109758928039,20.790486133828775],[107.10092211280168,20.790606296820666],[107.100662714471,20.7906959414082],[107.10048723858426,20.79069784985644],[107.10015917461834,20.790550983919704],[107.09985399816647,20.790619648288466],[107.09980822198251,20.79069212786655],[107.09980822223423,20.79075888458584],[107.10018969139819,20.791043079206837],[107.10049486739335,20.79136160616737],[107.10077715549791,20.791397846883225],[107.10083818983891,20.79151610190377],[107.10083819040696,20.791607654942936],[107.1006703427555,20.79185751765978],[107.10076189662915,20.792015827442523],[107.10099840694274,20.792143619853427],[107.10123491833875,20.792206562639507],[107.1013493591084,20.792139804281618],[107.10134935885422,20.791849887726556],[107.10120440086534,20.791561878486434],[107.10122728895468,20.791403568265522],[107.10190630518092,20.79090956538937],[107.10208941157464,20.79089430670013],[107.1025700617627,20.79121664825134],[107.10290575603736,20.791250980657725],[107.10329485520887,20.79135206965376],[107.10363054860831,20.791334903267497],[107.10413408774765,20.791235721714944],[107.10455370490118,20.79102019171687],[107.10472918107786,20.790861881457754],[107.10478258677347,20.790741718428293],[107.10507250457132,20.790369785749213],[107.10508776280457,20.79027823244653],[107.10491991582973,20.790266788390397]]],[[[107.10069323130743,20.80418471232945],[107.10113573663169,20.804947651271185],[107.10147143060401,20.805443562476178],[107.1017613480646,20.80569342494496],[107.1017918644078,20.8058784378095],[107.10192156455888,20.80610731953324],[107.10260820964417,20.80674818876433],[107.10266161567993,20.806885518112257],[107.10272265096079,20.807331836888572],[107.10284472205444,20.807383335793332],[107.10299730967628,20.807373798867932],[107.1031880439271,20.807287967992302],[107.10348559032175,20.807020939266078],[107.10382128399041,20.806463993804485],[107.10411883065834,20.806067264952482],[107.10409594202694,20.80592802887962],[107.1039586125757,20.805891789515854],[107.10371447277055,20.805918492237875],[107.10352373720292,20.805882252293845],[107.1031346381586,20.80570105373401],[107.10292864447122,20.805411137224766],[107.10266161523622,20.80533102895055],[107.10219622225402,20.805035389292183],[107.10166216529335,20.80447272211786],[107.10121203021943,20.804100789391967],[107.10070849081349,20.803936757236738],[107.10063982655404,20.80395392275858],[107.10069323130743,20.80418471232945]]],[[[107.10491228787282,20.808752812113358],[107.1041798660622,20.808670796245373],[107.10368395512263,20.80855444836959],[107.10341692560554,20.808642186123166],[107.10313463826729,20.808930195118876],[107.10308123268523,20.80913809665149],[107.10287523911046,20.809479512128433],[107.10179186467569,20.810395039661923],[107.10139513659477,20.810599125457333],[107.10089159647485,20.810683049834566],[107.10015917433834,20.810715474255435],[107.10000658685028,20.810869969113014],[107.09977007575475,20.811526097261606],[107.09977007610252,20.8119190115526],[107.09996081038408,20.812285222435],[107.0999684400929,20.812500752716446],[107.09989977440834,20.8126953025207],[107.09989214569606,20.81317976825089],[107.10002947526242,20.81373289992602],[107.10017443390232,20.813799656549108],[107.10025072799083,20.813790120168225],[107.10034991007657,20.813751973911767],[107.10064745579265,20.81343916809607],[107.10067034395841,20.812947072739433],[107.1005330149438,20.812474049097833],[107.10045672099626,20.812042988909884],[107.10058642038962,20.811787404315975],[107.10092974394428,20.81152991272534],[107.10134936016804,20.811453618081433],[107.10200548786305,20.811608113475913],[107.10246325164505,20.811764515126807],[107.10262346840823,20.81169966659195],[107.10275316876037,20.811545170346218],[107.10280657471397,20.810850895660852],[107.10295916276635,20.810526646505796],[107.10440111807526,20.80919913253674],[107.1049275458705,20.808831013494025],[107.10491228787282,20.808752812113358]]]]}}]}